seconds_elapsed,accel_x,accel_y,accel_z,gyro_x,gyro_y,gyro_z
0.07122119140625,-0.0278019069001078,0.0195645321696996,0.3877678030300885,0.0032753534615039,0.0070353210903704,0.0639928206801414
0.09122119140625,-0.007668501776306816,-0.30575992535176294,0.5168685586291094,-0.003136135379759378,0.02716039169146765,-0.02135043472604251
0.11122119140625,0.015763795743054615,-0.1733288403093015,0.7334683923141433,0.003790463119565544,-0.0039894001096007275,-0.040550346824201985
0.13122119140625,0.012951646442419345,0.061453510914347906,0.676290980224112,0.0123725636769195,0.0031515544981862644,0.04448859663565816
0.15122119140625,0.10039753562695308,-0.20327118407716635,0.7912059705298857,0.013715254968262152,0.006913865595122602,0.019578910285942344
0.17122119140625003,0.1916770061410867,-0.26872739133752727,0.8179031235987335,-0.0006086048517018492,0.006952067172465331,-0.041053830492884275
0.19122119140625002,0.18432648498285756,-0.026959172687289406,0.8561546719301655,0.006691823617747303,0.015213176726819107,0.006881909788951168
0.21122119140625,0.20027556690382547,-0.06882096853301804,1.0139775207479667,0.01471646845912481,0.0023190930212647898,0.03750948985708939
0.23122119140625003,0.17908283332747368,-0.24488969267991617,0.9872300292758868,0.005529660743719721,0.006688060716192106,-0.01647662686874307
0.25122119140625004,0.17350188466252245,-0.11038496027088941,1.051837898777106,-0.0018138098704532318,0.002638195070306198,-0.008851722391199312
0.27122119140625,0.18004177458929688,0.00018467661608279922,1.057829022894211,0.0162284657500009,-0.0016383100435898303,0.03743424236230574
0.29122119140625,0.2141940237265957,-0.1884537708633887,1.0614398361233264,0.0013715868715511593,0.010538043075602108,0.010671660733232407
0.31122119140625004,0.19215168448040523,-0.17125971634237944,1.03221146157261,-0.0038949296717390777,0.016269456195943603,-0.022806710524947673
0.33122119140625006,0.15146599149441387,0.00017544165924584441,1.0860421506186593,0.0033247239281007025,0.008215309842894605,0.01979831955668471
0.3512211914062501,0.13838091532149846,-0.08575585010066566,1.105563028813262,0.006487495486217738,0.008059850925823094,0.035078718815396176
0.37122119140625004,0.1667378604984616,-0.22377658929413954,1.1353182193660099,-0.0022113108154368523,0.00570557451375861,-0.005007670025742906
0.39122119140625006,0.15781972908670788,-0.105975814471383,1.1287627804937388,-0.0017655762490938803,0.007417898932690313,0.006707424079457531
0.4112211914062501,0.18530898456317987,-0.05558937852038247,1.1091830860861014,0.006104640282034883,0.006618033448879595,0.03956078451455426
0.43122119140625004,0.12102666179479826,-0.21001298312369304,1.100698663689498,-0.002132528672406483,0.017787109983560773,0.012971579782682688
0.45122119140625006,0.0842958623652493,-0.16408595327275877,1.165702014054283,-0.0061459621244626,0.019009900872064913,-0.0009813531527875779
0.4712211914062501,0.03228605424885668,-0.0560782269491265,1.2147174516104997,0.005520372667556928,-0.0014949165739209763,0.031631893956719795
0.4912211914062501,-0.04696113200188456,-0.14701060346642542,1.1843733583868172,0.004773838418022311,0.007457646288998785,0.03638994566463025
0.5112211914062501,-0.0031401898553397646,-0.24695587825732213,1.2646255267065956,-0.00010201337147925525,2.383924647283256e-05,0.008500927512324246
0.5312211914062501,0.007203325972593778,-0.12701951109268286,1.213565462368454,0.004572615293578363,-0.0005753083731098819,0.014584829467740557
0.5512211914062501,-0.0321739132123106,-0.173219854023113,1.2538387149633672,0.0023573241731447868,0.007398213753844007,0.034002279092579
0.57122119140625,-0.03731832179763284,-0.24871390970576693,1.276400940154822,0.0080513642706858,-0.002143898993888546,0.009950661298836438
0.5912211914062501,-0.08626021609485889,-0.19569061171934454,1.292614324632437,-0.0026299671568956523,0.011745141495692172,0.006425837764356278
0.6112211914062501,-0.05771677014851437,-0.1054280958217674,1.3919486307264821,0.014289962326220191,-0.00938355091413331,0.0302175054183548
0.6312211914062501,-0.06586076058830174,-0.13723033074966853,1.3622026652046026,0.01394687279788159,-0.009745872623439199,0.028246923403313483
0.6512211914062501,-0.09136482242560043,-0.19135945601288254,1.3773968523890863,0.0031457666783032637,-0.0015366570868413968,0.007294127878625306
0.6712211914062501,-0.13037377352933438,-0.09855282706934271,1.4173102940980815,0.012918970786580634,-0.007932833956017703,0.017139191277256317
0.6912211914062502,-0.20327973286351972,-0.14277931508302433,1.4129084005174635,0.010390902491433845,-0.01215323906035892,0.027805410924810557
0.7112211914062501,-0.281707270054197,-0.1967729463851034,1.4222044307142463,0.006740015501398685,0.002750011213621075,0.009206162583084826
0.7312211914062501,-0.29632541129416257,-0.120021274214921,1.5148092149963297,0.010500701351050159,-0.018416899075118835,0.008800934237162748
0.7512211914062501,-0.3330377674350744,-0.09683053070717254,1.489070407453293,0.01123785906077371,-0.022091949855011353,0.03231269244240671
0.7712211914062501,-0.29119996705605544,-0.14398603742110816,1.4548840447704077,0.01290267780433185,-0.0175151661499609,0.01728641639473179
0.7912211914062501,-0.22550972516743303,-0.17511353064808988,1.522308094488346,0.0014808925505390956,-0.0254320974440458,0.0055043666097548535
0.8112211914062502,-0.29199412388816454,-0.10317554835984723,1.4561805031182946,0.012187285224582983,-0.02235609636328061,0.017409212147751842
0.8312211914062502,-0.33120386480417485,-0.14882872030858194,1.481430383687681,0.00319462090011152,-0.029875799632437743,0.019991897394612886
0.8512211914062502,-0.3888906943582288,-0.1705996091819095,1.5229502692209496,0.005173091984417858,-0.018428904755704273,0.005080209429196263
0.8712211914062502,-0.27529535181593684,-0.09589483510227062,1.5776352866036993,0.007914488461180246,-0.05044119764634985,0.01242168022676813
0.8912211914062501,-0.3177434999332475,-0.1071696798503466,1.4400838392928808,0.007583026799196919,-0.03583444436439902,0.021329405856501643
0.9112211914062501,-0.2782901955984783,-0.1921374165343636,1.49052646731407,0.0013853956143906885,-0.03944790600268004,-0.0006045902364911174
0.9312211914062501,-0.2115693751264849,-0.11197437103625829,1.4688471604604063,0.003420797254576813,-0.03671891491110539,0.001465026584594961
0.9512211914062502,-0.25761268720338565,-0.11643932178052677,1.4259481641244998,0.004211846202742559,-0.040948714653316426,0.014082869423258074
0.9712211914062502,-0.36800375975002153,-0.17951347655906696,1.4231082216974122,0.00010078062569086574,-0.044550496076025466,-0.0025923475350418885
0.9912211914062502,-0.3337536709539491,-0.1354994710656983,1.4484539637431235,0.0016087132164724167,-0.04202485269062185,0.005975599360077956
1.01122119140625,-0.37090278863481774,-0.16712808307695665,1.4744553300353753,0.008094710642634522,-0.060827801849665034,0.013160786009820733
1.0312211914062501,-0.3355636891145528,-0.17678117776023075,1.3491040533242475,0.001345723314507624,-0.04950194579306572,0.0015554741380886254
1.0512211914062501,-0.26520902025886944,-0.19427940740469898,1.496290372610184,-0.0028189510268159155,-0.05423754428032787,-0.0014989110005250578
1.0712211914062502,-0.3677345974177185,-0.12500933314954316,1.4644098953646036,0.011999187616951412,-0.06570785131238842,0.003820345316139917
1.0912211914062502,-0.41311467383049294,-0.18185307548396754,1.433655197059607,-0.002204684566841118,-0.054383788421327836,0.01029195576404787
1.1112211914062502,-0.3557645681574972,-0.19812203061595243,1.5276904265555826,0.006295150157485118,-0.0693100625919537,-0.0019651840004604225
1.1312211914062502,-0.3507751429470251,-0.15814389489364605,1.5056575297606924,0.008437838258830457,-0.08136805019967584,0.0010291126427993493
1.1512211914062502,-0.3694489491443982,-0.1405347544584322,1.4533940941766668,0.0008483353718906835,-0.06064819166028288,0.012453839772796035
1.1712211914062503,-0.3021505026017383,-0.18700948253543048,1.5641886590411498,0.007907305126510163,-0.08681897884037491,-0.006120875431077012
1.1912211914062503,-0.4328502791578826,-0.2475591478461662,1.4637464376953422,0.002781990825006275,-0.07920834997951698,-0.0037005482926426815
1.2112211914062503,-0.3977643497448956,-0.24760678553410131,1.5107771423045688,0.0007701650600162956,-0.06787417617145988,0.007339663811471155
1.2312211914062503,-0.3183168299576446,-0.22469588457387168,1.5831446603505421,0.006955954251303331,-0.08950785053493134,-0.007749990194940094
1.2512211914062503,-0.2698597313761131,-0.16876405545273898,1.549373970388957,-0.003995567040784604,-0.08143332672050473,-0.001611213920565175
1.2712211914062501,-0.2833884502736504,-0.13440685895685836,1.639585228678731,0.006305125054725376,-0.09457991029107579,0.007290749013824109
1.2912211914062501,-0.3422415294614717,-0.1932266051504648,1.6670658358444712,0.000911756410922015,-0.1009141998907299,-0.004217435606552967
1.3112211914062502,-0.2537385951418914,-0.16482383081074062,1.6006643443865882,0.0012295561645070364,-0.0940468132375968,0.0055748497047231685
1.3312211914062502,-0.3353207705082969,-0.19593031486089876,1.6007374530441427,0.005770686125919857,-0.09569918235738893,0.0006848369150244556
1.3512211914062502,-0.3746590296488455,-0.18178180144886835,1.6247150330725384,-0.0032854407111780784,-0.10015974726276917,-0.011866761044557512
1.3712211914062502,-0.4318962888234579,-0.09888103458772547,1.7106837211097317,0.007866982410343712,-0.10440286382122713,0.009475561068582838
1.3912211914062502,-0.4565513368170279,-0.16982455343752473,1.6513011494438163,0.013108715444389631,-0.11222528510298475,0.016610192221093525
1.4112211914062502,-0.4904152888329922,-0.26881880480688447,1.6446407145354673,-0.003237085754741458,-0.0966373144890223,-0.014413687443102473
1.4312211914062503,-0.5935043127717285,-0.20500644353493797,1.817390051220614,0.00270928290043113,-0.11332211808991567,-0.02014168072321511
1.4512211914062503,-0.46849452081095777,-0.12734582088488272,1.6843933501070218,0.011533097349268185,-0.11415177125002288,0.019896073627054523
1.4712211914062503,-0.3829483164742596,-0.2609315471080983,1.7241371914745265,-0.0034931188090168244,-0.1090413447824061,-0.007650724744657129
1.4912211914062503,-0.43512060990134926,-0.18736849362652352,1.8194793236199578,-0.00041039133696150245,-0.1195567318462185,-0.03788641882158393
1.5112211914062503,-0.4714367025878636,-4.9154717641599145e-05,1.7845758711717918,0.004330146499910069,-0.12866399196005224,0.016754332641789483
1.5312211914062503,-0.36310328049529317,-0.13005157952179894,1.7170041977824824,0.006894182334531229,-0.12776239429284686,0.021622375841503436
1.5512211914062504,-0.45717366969998063,-0.27856300055138417,1.7645163582394612,-0.005785552577155868,-0.1282106952075487,-0.037298440890031294
1.5712211914062504,-0.5537695515422072,-0.1559333924069238,1.6374369769099573,0.000953340357277615,-0.12959147230018556,-0.014077662560232573
1.5912211914062504,-0.46349541740154027,-0.14537303059292725,1.6029814204183563,0.005305009478279182,-0.12864713384031176,0.02521919247489504
1.6112211914062502,-0.5994359574942074,-0.38212718395720585,1.6517759991644685,-0.0006748551969514366,-0.12308098224226659,-0.029191021950159195
1.6312211914062502,-0.5396748209161307,-0.28035234913252743,1.6956552539665974,-0.0023701854319540974,-0.14314311272724164,-0.037820300899955556
1.6512211914062502,-0.3848331601114962,-0.09042041913004102,1.6425366033314075,0.006254121106748025,-0.12429830821361418,0.017141110861121543
1.6712211914062503,-0.401867516112632,-0.22666690687917498,1.7127237848555366,0.0047882617100720205,-0.13537021042733158,-0.004870623722476957
1.6912211914062503,-0.18714751946986682,-0.20804548743341947,1.7567951162947504,-0.005873290349333894,-0.1548182260206994,-0.03241411941981223
1.7112211914062503,-0.3746982510142674,-0.02992290684214724,1.6917486136860473,0.004617106067953883,-0.12892975854580097,-0.005162966767744575
1.7312211914062503,-0.26201336080621584,-0.05709776305461022,1.7460131764855245,0.0015142840401880327,-0.14139278867969987,0.0225137083357943
1.7512211914062503,-0.23414096133584497,-0.15910042937548258,1.7469263269200506,0.005565785453674487,-0.15984176841132272,-0.01329836460959415
1.7712211914062503,-0.540480017861166,-0.06920314745621294,1.6858479626290392,-0.005155847813870242,-0.13139961630381675,-0.014455212395389827
1.7912211914062504,-0.5373844233062274,-0.025100559219763213,1.879940231634523,0.0013992816290949567,-0.1484073585384979,0.015886886239716683
1.8112211914062504,-0.5629109362787349,-0.0657732564289549,1.7317899331929223,0.012643482116163585,-0.1712557864918768,-0.004218580616831008
1.8312211914062504,-0.7847860199398118,-0.24314468543150297,1.7511134238383022,-0.018632431020238475,-0.13511505121383308,-0.013250940891208382
1.8512211914062504,-0.4780671987232747,-0.15792877438655115,1.7217735273689831,0.017294187160390814,-0.16078614700617497,-0.0003270946755924746
1.8712211914062504,-0.4498561238994175,-0.2087120219489349,1.6177777391570847,-0.011045935130350557,-0.1417310697869424,-0.009553823919823264
1.8912211914062504,-0.4454075601028433,-0.2978106301848231,1.804133703160331,-0.0029501802144863273,-0.16210703437708657,-0.020520285374551014
1.9112211914062502,-0.293090775141624,-0.11233560359079953,1.547021519250683,0.010175180243566362,-0.17087037069921188,0.00025237042402130865
1.9312211914062503,-0.32415872219341185,-0.22108780903473835,1.5410175463585019,-0.013125326945546408,-0.13311821467894036,0.016027076710660976
1.9512211914062503,-0.46256953697303477,-0.3122551695828465,1.7972085431442864,0.008081853338681742,-0.18022255848440866,-0.021346937247767508
1.9712211914062503,-0.6235066746360672,-0.046176179239239376,1.5713706753815635,0.0006889514685906791,-0.15772298043360072,-0.008085924371175047
1.9912211914062503,-0.6642752670362261,-0.13115606134568664,1.6073047780563252,0.0004081190979477333,-0.13223374984210592,0.021464112594421592
2.0112211914062503,-0.631691374092794,-0.2306971343709563,1.661749950836583,0.02157281684522018,-0.19784539789682962,-0.021952808690670067
2.0312211914062503,-0.6060082528821051,-0.1975435363290106,1.5597981113643997,-0.012898039589789257,-0.14281185427064957,-0.014535579609230596
2.0512211914062504,-0.6431851490638306,-0.16221233510393976,1.6448103182533633,0.02265442606152252,-0.16230646279280594,-0.002472589368009316
2.0712211914062504,-0.5526050097334281,-0.328561266788703,1.7138200661367602,-0.004006649063473086,-0.1700110818648127,-0.008296144079573698
2.0912211914062504,-0.6763769924053065,-0.28823127141171173,1.692494041423551,0.001148875801456973,-0.13581864225348156,-0.03687400593930881
2.1112211914062504,-0.4943670989737601,-0.08075292299987491,1.8310988147540133,-0.0003924905194217139,-0.16885259379687775,-0.010912511070496043
2.1312211914062504,-0.5173493604488881,-0.05795422792439689,1.6096461931544144,0.011444545670585069,-0.16073582634716757,0.00869824740396283
2.1512211914062505,-0.6987839811200265,-0.28362079928685674,1.6907178201410933,-0.011613017466229319,-0.16451601270176217,-0.02836961311501006
2.1712211914062505,-0.585532574931583,-0.1858468417573692,1.6274259066374692,-0.0012481827606688229,-0.17182298457443493,-0.03112392214704222
2.1912211914062505,-0.5107168944119533,-0.08736551825697371,1.6476410250811977,-0.003743470400310896,-0.13877379335121545,0.02048161009374299
2.2112211914062505,-0.48466298785700723,-0.30214599547509674,1.7330835189348035,0.0009482918225982644,-0.1776369959877762,-0.02845222904170583
2.2312211914062505,-0.45791324682749185,-0.09052580175735399,1.5432886463538,-0.013905639756141449,-0.15572821859062178,-0.04832526417746707
2.2512211914062505,-0.5873500674381,-0.005781665932919377,1.7137663332206385,-0.005386496783472317,-0.14441131624674292,0.006877536237766839
2.2712211914062506,-0.3381800767483058,-0.0915486354264839,1.6214738676971074,0.01415311137911411,-0.18951032542393903,0.007632097172883135
2.2912211914062506,-0.4125226481916235,-0.24928019362409173,1.4941142315397204,-0.02551864710934637,-0.1321654153077007,-0.03530903701471466
2.3112211914062506,-0.4275424908105197,-0.18298183342062785,1.846242069172196,-0.010255456210775737,-0.1587245426476987,-0.030542398017282684
2.3312211914062506,-0.16871349431872845,0.06788574557802299,1.5528735479748346,0.012782704891309246,-0.17916769642905533,0.020998874468419637
2.3512211914062506,-0.4301608504185993,-0.18349144312278873,1.5006533997027132,-0.023527230175624123,-0.1412136480370796,-0.010797259070812406
2.3712211914062507,-0.3561921461364279,-0.07004227670322329,1.6036408858965625,0.0037247559545437723,-0.16135998434267068,-0.029196085387325228
2.3912211914062507,-0.6613005461358678,0.01831600164966484,1.5574055483044804,-0.002605537470494239,-0.16703242601783652,0.001671664574678216
2.4112211914062502,-0.8184064626418869,-0.14794101445377908,1.5007147376143692,0.003981138791901282,-0.15536667907687451,0.0009826621850928287
2.4312211914062503,-0.5493127831415939,-0.16551378538914255,1.4552070523487772,0.0018241095594702659,-0.13906492487538677,-0.02742731981154459
2.4512211914062503,-0.6016490285406997,-0.11499423680421199,1.4314445315862705,0.0016209869780982773,-0.17016242615920363,-0.03708867227499729
2.4712211914062503,-0.9183807976685213,-0.09840302605228685,1.5188908542638941,0.0031887253493980815,-0.12485474825526514,-0.0121800833252252
2.4912211914062503,-0.4486498005379201,-0.11206934693821878,1.7718647958913973,-0.00016916273328782886,-0.14617130019948724,-0.012847392187282973
2.5112211914062503,-0.5025314228614152,-0.1634736568167014,1.7652218282958594,0.0037475539299578788,-0.1506843965978732,-0.04470839763103151
2.5312211914062503,-0.5768717214383695,-0.12161704691162528,1.7470089909849507,-0.017431223039334563,-0.14318723364630037,-0.03215593858192966
2.5512211914062504,-0.5151314760353475,-0.03932715295658803,1.5911120716235525,0.011144884742600655,-0.15913221864042243,-0.014641456990358162
2.5712211914062504,-0.6138726230755314,-0.2877633848470945,1.5523161251336908,-0.023462421440987827,-0.11166534526107305,-0.026101514206055623
2.5912211914062504,-0.35650202629250816,-0.2428457531043654,1.5489912656103189,0.0037187993558633146,-0.14030082533627478,-0.052609530090884586
2.6112211914062504,-0.1376664662194073,-0.11616626341931147,1.4132221744502789,-0.015068826623691415,-0.1395336120214029,-0.026574789232116185
2.6312211914062504,0.012884277371599653,-0.15274425754430776,1.3339217974662083,0.0026653240043290386,-0.10057399834583718,0.0027709896858831846
2.6512211914062505,0.19862903244699928,-0.3690142753817299,1.4636021432193045,-0.0013141309700490655,-0.14039218309101514,-0.021444714745129885
2.6712211914062505,0.08356861670693912,-0.27927916821886783,1.286430180150374,-0.003175643045272624,-0.11091886595653112,-0.03244377283111021
2.6912211914062505,0.10465539459675538,-0.23667405323916738,1.418610604309846,0.0008372206646264998,-0.11741492052762482,0.0073455627830884655
2.7112211914062505,-0.3409321460666688,-0.43619542755240137,1.4552912995010383,0.012356219499915586,-0.10732073909749411,-0.015620306260077542
2.7312211914062505,-0.3725607091148354,-0.41749715359023387,1.3351050895153624,-0.003855780450805142,-0.10991810093066544,-0.05990623049304151
2.7512211914062505,-0.24583151152480992,-0.16818736150250083,1.4139970283811747,0.003246456325082872,-0.07043460086427482,-0.014967671704606137
2.7712211914062506,-0.07785750093180645,-0.25630702554380247,1.5727832723791604,0.018583667113970064,-0.10638419444159536,-0.0066730612751360495
2.7912211914062506,0.10998239077387016,-0.4067706825073983,1.521764172307488,-0.012503608114153561,-0.07020166016645991,-0.045567219582346545
2.8112211914062506,0.040620327839106594,-0.16506430595852079,1.709681318463669,-0.005054347305955906,-0.09072700358947386,-0.06503137747611884
2.8312211914062506,0.18271358381019442,0.11525415996518586,1.6211717202040783,0.0012542236791084327,-0.08199574428532166,0.010667655096956637
2.8512211914062506,0.23578148886409128,-0.023193705536082982,1.5237443358741583,0.005676111858887527,-0.09005836371384655,0.008054842590698788
2.8712211914062507,-0.009319445867022314,-0.20263943976729099,1.5115385658169296,-0.017013323887139078,-0.07476428179491544,-0.05580234577055571
2.8912211914062507,-0.06800984994895906,0.08548815528719103,1.5678300838533457,-0.006889386351977437,-0.061409346559924124,-0.020924847363896267
2.9112211914062507,0.1937293047940335,0.19764087951417458,1.6308436701755784,-6.379185134168996e-05,-0.08476203180039972,0.021169850425033953
2.9312211914062507,0.16745332651451864,-0.09052148599308342,1.4636353421122257,-0.0006736180585190343,-0.0833562174116178,-0.013337185579365354
2.9512211914062507,0.04079566032036524,-0.19306577234538608,1.481385399853609,-0.027581324683241662,-0.026314855768126824,-0.031105122025748586
2.9712211914062507,0.41751658543042836,0.06360723872764289,1.5956940880118897,0.006599220597476303,-0.08804525394946114,-0.0015487263869933508
2.9912211914062508,0.19883393932082927,-0.155838016810384,1.343983576537929,-0.012557678638564251,-0.041434404145547554,0.010080043944645156
3.0112211914062508,0.40746228098786186,-0.28547485468038913,1.3469936041937016,-0.013798842755746422,-0.024161541868735897,-0.02065802962205992
3.0312211914062503,0.3640194958059279,-0.14987969654798505,1.4864958214121853,-0.014201181586952733,-0.06576872271935995,-0.045020023097333585
3.0512211914062504,0.17622803987041633,0.0030536360542503943,1.2168254982667965,0.006290585323493532,-0.02417660935432907,0.027530956609198826
3.0712211914062504,0.3859105882524348,-0.2562328002301621,1.3292832954844604,-0.013661217916768088,-0.012553657810989308,0.020681871745645893
3.0912211914062504,0.44478999326700835,-0.16623429299763223,1.292273209994927,0.007681386312095343,-0.0504900668077212,-0.06743842562936551
3.1112211914062504,0.17024170082913112,-0.11068331596919655,1.382610996586092,-0.024474468078022674,-0.0025031595866314912,0.029796582493019096
3.1312211914062504,0.2876901880548704,-0.1291174929369589,1.3417406237417302,0.03764820074322848,-0.027077125995621322,0.0501248542277889
3.1512211914062505,0.06547730411045591,-0.49373523624624116,1.526453940693659,-0.037171714872842744,-0.01456066570772567,-0.03995993113797154
3.1712211914062505,-0.0211557522120228,-0.16090556246099164,1.354582437712173,0.009317445686915915,-0.01504221317386896,-0.034622040749946
3.1912211914062505,0.4339183640457099,-0.01949866393969715,1.3478551104873469,-0.0012575927780995174,-0.021619842706014112,0.07234637212441876
3.2112211914062505,-0.04768066050163264,-0.25012205024879114,1.2463464459458153,0.009740739342124452,0.003271609721093467,-0.03050435655886129
3.2312211914062505,0.06653621156837154,-0.2409055540597665,1.587210720309017,-0.02672222671655968,-0.028094370213691103,-0.032804794858328705
3.2512211914062505,-0.15841547230949354,0.13775703237290166,1.1433554185838646,0.040010293549803594,0.0003408419953511731,0.034491459254336165
3.2712211914062506,-0.08129097736215068,-0.31353565952515317,1.4873243805097558,-0.030476614667764284,-0.01882130505935322,0.0032980513170403234
3.2912211914062506,-0.03148222429321909,-0.12917699099655577,1.3373957383522084,0.01646637382960278,-0.009837594450852218,-0.06951928931070123
3.3112211914062506,0.1687723324272976,0.046640486239965744,1.531662834510912,-0.022303306282862003,0.002649471313610188,0.044116554652598415
3.3312211914062506,0.321306225741338,-0.21442888022989617,1.2699554042309815,0.02569624938405461,0.0038689437092546157,0.02838054269021269
3.3512211914062506,0.2905460028544155,-0.4070884672172839,1.5507371316070997,-0.04351603830719479,-0.011958944762065132,-0.0567147695906052
3.3712211914062507,0.21656470961557592,-0.032462207176871385,1.3392660402849088,0.001509685887446815,0.013846638519685359,0.008704598110450225
3.3912211914062507,0.1935434723373381,-0.10505009088486544,1.3227917435063494,-0.0026381457647266285,-0.04485999840713255,0.05756685017509126
3.4112211914062507,0.2931270174095174,-0.3970605748762476,1.0369270955402734,-0.022804934277013748,0.029797276730134156,-0.0022518464501149775
3.4312211914062507,0.3369222862338911,-0.2919205209991762,1.1658871755940803,-0.010956109123766388,-0.018847673280401673,-0.028552746234921437
3.4512211914062507,-0.1484683971445171,-0.16210693378061267,1.0311552046697738,-0.010514402516041578,0.014075138213297407,0.022241874900226347
3.4712211914062507,0.07711226845852115,-0.05230540498882772,0.9421295252002218,0.00039404342320966133,0.005001163266078053,0.019319592681434426
3.4912211914062508,0.17505234350696747,-0.2577457981987822,1.1773471717806736,-0.019991365556084238,0.023711359505968928,-0.0011673650271147205
3.5112211914062508,0.1781292593836525,-0.06358587079478197,1.0320132694847717,0.011396240406998867,0.003080513916288636,-0.02522550684671835
3.531221191406251,0.14171645694816692,0.09657524802388102,1.1485396832658394,-0.022338570228882266,0.004797519170699566,0.02378683679373189
3.551221191406251,-0.038045282650251415,0.04734053234413319,0.9754718962787742,0.027809807022319794,0.019788110228114216,0.015263373062627539
3.571221191406251,0.24437754151667537,-0.1949439774783316,1.1435103577214578,-0.025632957651918042,-0.031486617941707,-0.004149703124843374
3.591221191406251,0.004525813043858521,0.05124665771532395,0.8951876791882912,0.021334103678402612,0.04408675779245627,0.00863967483719186
3.611221191406251,0.235971923062953,-0.1675177848703772,1.2850836169765065,-0.006182243163679976,-0.04102040505487774,0.049333310379803985
3.631221191406251,-0.1621447258131423,-0.2136761145814055,0.6214145749309852,0.0276224521029703,0.027758374740607127,-0.011086382727249001
3.651221191406251,0.14600524376163268,-0.2654663161975635,1.2698746859734382,-0.043633736567037666,0.02115758735571836,0.005042164824019056
3.671221191406251,0.009617020447942281,0.015039882244566554,0.9554208816607557,0.06391760211930711,-0.043868119273401965,0.00537184321153885
3.6912211914062505,-0.006823780382829518,-0.11618879477746524,0.9796334924206086,-0.038455604710749575,0.0252714494931456,0.0628778522213419
3.7112211914062505,0.021390231282745302,-0.10923539392106821,0.9786461500400512,0.03851645385185491,0.04223957723610126,-0.016850738673819265
3.7312211914062505,-0.18224856917448992,-0.08698644223767872,1.357875292941854,-0.027051088898207457,-0.08028331516693459,-0.022836592588854385
3.7512211914062505,-0.17850803504327745,0.08139930318481586,0.7383088988467525,0.02307436886118167,0.0837705779493165,0.055143534510463374
3.7712211914062506,-0.11413177926868463,-0.20937506179368615,1.3183665307601953,-0.011211906924683933,-0.03839906176165486,-0.015582045944095449
3.7912211914062506,-0.19012728409475896,-0.08557418118779511,0.9083303355496734,-0.00860810246091241,0.032082666238460504,-0.0460505263522733
3.8112211914062506,-0.14757743273138432,0.19314063301630044,1.300684137698262,-0.01947870762244706,0.009624417900579307,0.019235825481064978
3.8312211914062506,-0.3327495363634085,0.08836302298037657,1.1893029317807042,0.020857009764247487,-0.037954394481660166,0.01151178962448155
3.8512211914062506,-0.01356010746565104,-0.12484673080538096,0.7894686025835281,-0.026764813187865936,0.007339048300218836,-0.005561901073923259
3.8712211914062507,-0.04731661973920855,0.018479385112577296,0.836937241815065,-0.002854816296620667,0.028214409582864718,-0.008398755895105931
3.8912211914062507,-0.02050167162965921,0.012219256779309398,1.016727027048194,-0.007675373831293909,-0.004416027334788528,0.003943461345544557
3.9112211914062507,-0.11264340991624917,-0.07727522015981851,0.7425515009650071,-0.00450634094281887,0.005876764789005553,-0.003900961758386458
3.9312211914062507,0.2976064759870177,-0.09760327414047264,0.841547616724267,-0.01666836091688917,0.028142991497880923,0.0018838659276286809
3.9512211914062507,-0.19293874973837502,-0.1516332345027813,0.9709714097551772,-0.002026534097590453,-0.00509068190078317,-0.024567932470177148
3.9712211914062507,-0.20303154295379516,-0.07839827374315253,0.7939921644833342,-0.017834820997396868,0.0335408558884999,0.011890334991937085
3.9912211914062508,-0.7187563325099277,-0.2126260809389575,1.0295026758251793,-0.008467949933415797,0.008186835097455603,-0.04342227437462855
4.011221191406251,0.19437008716295714,0.08134942640014088,0.7437993646034244,-0.006662207122792776,0.011193997976169871,0.002647796126104701
4.03122119140625,-0.06215997039711569,-0.20088808686566248,0.9630812431928458,-0.017920846677057723,0.023495836379929205,-0.010876058987308502
4.051221191406251,0.06415843099056112,-0.06546274383884507,0.7312093444345249,0.0022967106367590435,-0.0019132185102431088,-0.043847865291950935
4.07122119140625,0.34139891720358456,-0.07814959553275412,0.64064944502238,-0.029782750663496317,0.010420420077419152,0.007803773727625819
4.091221191406251,0.2477520254443881,-0.24361976774912292,0.7960306509144855,0.013998801030503811,-0.024828991463928543,-0.004589917956659466
4.11122119140625,-0.030045287824128446,-0.22477425879660562,0.6519168260107684,-0.024160777056262437,0.006660764752380143,-0.052994543629049366
4.131221191406251,0.38541947858909975,0.0019125238398732501,0.4362428142826394,-0.009358940300497725,0.06838620415575151,0.02105172495105985
4.1512211914062505,0.23269618683999294,-0.34624287545104093,1.085733983384948,-0.008994493613848457,-0.043242728453016965,-0.005363439190693169
4.171221191406251,0.33744112995433295,0.04394181056153972,0.5013384118093838,-0.011537571006212307,0.049054370953036316,-0.048006028505000437
4.1912211914062505,-0.34499270748941674,0.0030862003352693256,0.9871050918122701,-0.0313271856235,-0.00909260050254454,0.0024087375636085147
4.211221191406251,0.16399702995607154,-0.018160629130895098,0.7695329883827825,0.028311614899664512,0.002831388405100893,0.07207794346695663
4.2312211914062505,0.08092097745879082,-0.3754337396761903,0.8309151771472203,-0.04465065010338869,-0.010046828681893872,-0.07614877754463584
4.251221191406251,-0.2054467032655817,0.26452695325817704,0.5730980169534147,-0.019314743748119523,0.10436944733332529,-0.03830081950451989
4.271221191406251,-0.01469915224605343,0.44707590628874466,0.9765475559562636,0.011430790281096026,-0.04943952638861555,0.08291864851094032
4.291221191406251,0.014239523576993655,0.03179320836660808,0.6328277668755832,-0.016695117632045987,0.027027940159694903,-0.0204013674121552
4.311221191406251,0.31817002604351213,0.0884602585587114,0.6638065680892882,-0.024210464911365723,-0.023022525155127566,-0.05867226177976025
4.331221191406251,-0.2315176376810312,0.13138654009029513,0.5809910875854905,0.006533630341180256,0.03842800321265945,0.060251928203969934
4.351221191406251,0.004840613948515367,-0.04264138044402865,0.7249356985746984,0.0012087687861123007,-0.004115278380726227,0.04007407440442131
4.371221191406251,0.05161547470023177,-0.24657189140608884,0.6409184593712879,-0.022651261136369224,0.01961667988375321,-0.07233744900591703
4.391221191406251,-0.10503391174661862,0.15540590701707455,0.4939861866402219,-0.008859372003338594,0.005883337546644602,-0.03467714914120168
4.411221191406251,-0.06430537915083441,0.1424957552179303,0.6751895855769042,-0.0010692442267871453,0.01792650889992157,0.06767631077073828
4.431221191406251,0.0294744708703443,-0.07277247754223297,0.5348647976467595,0.013365967859201187,0.02491838755124506,-0.03901368898520164
4.451221191406251,-0.7277138889957648,-0.22077531783319496,0.7470984096134226,-0.0482946901611018,0.003437444499156655,-0.11067215286962996
4.471221191406251,0.17524229493729337,0.33258435361910155,0.5591367415836425,0.025535592219606076,0.03050385407225405,0.04187544439463756
4.491221191406251,0.3655612728620134,-0.2344695162542456,0.6907712567692903,-0.008829049698729182,0.0033935095345899538,0.032414265698807426
4.511221191406251,0.17544461500553535,-0.35185726015441277,0.3912521775964011,-0.014648034840684837,0.04880522789430138,-0.10901729102960167
4.531221191406251,0.15790637072106195,0.10838842396086411,0.7157608204713114,-0.02274606783642438,0.013212099901999697,-0.013413380916031462
4.551221191406251,0.06007882446244179,0.14702515835357516,0.709859545299272,0.050184716561872816,-0.054560164009129934,0.10969919715379822
4.571221191406251,-0.8061514365365832,-0.777630743218425,0.5373780466830106,-0.022865320040792596,0.04185197434450166,-0.04798421853095363
4.591221191406251,0.06905394003437297,-0.4994161753103345,0.414955694723866,-0.023758048670243018,0.006308072273051706,-0.10900807775350653
4.611221191406251,0.47667839055942823,0.09655588498629913,0.571073187029205,0.013632060366177945,0.03903460788295659,0.05304903313912195
4.631221191406251,-0.11674386895600625,-0.29453967572631146,0.6458896995788798,0.0021077917514874165,0.024933258324567997,0.0011700964165819948
4.6512211914062505,-0.014478974826898462,-0.13429976751959777,0.6585433047467325,-0.021758911987068884,-0.021037739917435273,-0.12185968148520368
4.671221191406251,0.12580408387913303,0.5302975767163862,0.4072828310803195,-0.005256932389514778,0.08270721829762001,0.015591561175136175
4.6912211914062505,0.6304876491179187,0.07417833971966199,0.774243406071696,0.018406983766437495,-0.015721307305369317,0.0841744566725089
4.711221191406251,0.16673421573161562,-0.3584002393594868,0.4181505319507608,0.0068308065954717275,-0.024226697157106295,-0.06392210521164997
4.7312211914062505,0.2274603475195688,-0.170749783407978,0.29228636685625103,-0.03313197130625669,0.06902766334353927,-0.021074851881197926
4.751221191406251,0.24879838616830124,0.0604208701893647,0.49537386959454016,0.056368588387795154,-0.05853460019259604,0.043158513083592316
4.771221191406251,0.23410564589844554,-0.30031094484609705,0.16350655149050913,-0.016889082747876004,0.06490441620955113,0.0010355966469711754
4.791221191406251,-0.4601341362656086,-0.5478487060351269,0.4872165333924637,-0.005549986486785696,0.04819345476986466,-0.12705678161028117
4.811221191406251,-0.10207677722251565,0.386751311717375,0.7784692251624443,0.01887399826014622,-0.0341947394376733,0.006376156459627573
4.831221191406251,-0.40754554707864016,0.2749518284636707,0.6615711551475896,0.014014601618875076,0.09684237614501451,0.04017838810707908
4.851221191406251,-0.0871343363700047,-0.17283511879227245,0.9944326579813016,0.0058720572686129235,-0.05749573683746932,-0.06394940514988595
4.871221191406251,0.51283552831627,-0.03149929370728119,0.34340967193311905,0.012467391956821986,0.03771573166514116,0.026246103517852584
4.891221191406251,0.42734647603970244,-0.14269605616713668,0.36916575533108165,0.009638994659844633,-0.0026476792056229818,-0.016936934481479232
4.911221191406251,-0.1434133792727475,-0.20718224888249828,0.3052909064498395,0.004605003336684197,0.023599822112455295,-0.049485969506875595
4.931221191406251,0.22912211015147715,-0.22616732141601642,0.5826863046649667,0.00829826989681417,-0.034538031153701965,0.0264535331497345
4.951221191406251,-0.3166082698116403,-0.0896866593739613,0.5043297345372362,0.03044121313035716,0.030634504115655135,-0.03083646495574647
4.971221191406251,-0.539577451402582,-0.20681226949673082,0.865407272902553,-0.029060498852747432,0.012580464810165913,-0.05620620529123955
4.991221191406251,-0.1355782814942221,0.05411397557393851,0.5019607468893863,0.05486969801887253,0.017414232070121095,0.025848638034175527
5.011221191406251,0.4137449094772289,-0.3364338259480668,0.31052856434267617,-0.0016515900818405813,-0.0007112714949727468,0.017819513973339685
5.031221191406251,-0.2681694678959097,-0.5402278373004588,0.5471737577597248,-0.009777033595873487,0.06540284407951641,-0.10513611510887963
5.051221191406251,-0.0693114290985414,0.2530146328943788,0.7080892245651889,0.017481291788523597,-0.016300829987714427,-0.018753454215654625
5.071221191406251,-0.00923410802987313,0.04236435417746886,0.5447521234313537,0.0076827922502224815,0.0033404639026784026,0.0504481025384549
5.091221191406251,-0.04479244021505831,-0.1340285866657087,0.4019485903751569,0.023690228976200614,-0.006551733805302068,-0.08441149069173756
5.111221191406251,-0.3714735396377519,-0.2625588982447897,0.5446645427445426,-0.029825869179013014,0.05406406849024269,-0.0445175353573244
5.131221191406251,0.39649732872378834,0.1530754147253311,0.18984285951235713,0.05788817828236147,0.022338396589815207,0.01870560532600809
5.151221191406251,0.6317123148203573,-0.3785002453189959,0.7269880195924108,-0.030340864196614227,-0.026575625465360242,-0.02409594960344409
5.171221191406251,-0.02325081197140228,0.04166400279130951,0.18808785013815463,0.04920829809303652,0.0334157692240716,-0.08402453058923166
5.191221191406251,0.27042037934775226,-0.06763260345818971,0.928832364472783,-0.0265731697807151,-0.03639926044289828,0.07405849790245018
5.211221191406251,0.30492623218506265,-0.11678309321279341,0.2557956225122053,0.08020391815986237,0.02207594802604756,0.008636748273721455
5.231221191406251,-0.42098241183834667,-0.7132085643809325,0.8194416402776371,-0.0732548138255527,0.0135599586169728,-0.10785585471334908
5.251221191406251,-0.4894245843642686,0.2276447952094405,0.25357221078277176,0.05665772077711243,0.04715462988435007,-0.05785043715869773
5.2712211914062514,0.1974220010884768,0.36653782671663787,0.6078145538083559,-0.0031994029709832604,-0.044193703629467264,0.07354756205301534
5.291221191406251,0.20778760134613564,-0.2293053056457514,-0.2163851661027596,0.046199542761023275,0.09532523701894226,-0.03928907676841018
5.311221191406251,0.8346535693304815,-0.3034116498764971,0.9267097855115329,-0.045470899310199216,-0.009869623156070722,-0.07413571539530564
5.331221191406251,-0.16405934889984783,0.09131814574481047,0.45522460648415386,0.08161962655303819,-0.01949752379535943,0.0059484482489941155
5.351221191406251,-0.19591135471283808,-0.3223721679255698,0.7830388006164269,-0.028013987885315006,-0.02728250664980546,0.05339102185368381
5.371221191406251,-0.3668543282618136,-0.3515164607376569,0.3685239555084244,0.045976301712529415,0.10115902015657224,-0.062450690481435506
5.391221191406251,-0.4317449367140527,-0.02594938101161344,0.7461133604589415,-0.03168383079692754,-0.025472597496526233,-0.09161094372453595
5.411221191406251,-0.4566759441896711,0.35380016693886485,0.23822227351898898,0.04870214690594188,0.06336542038619901,0.03444592765125563
5.431221191406251,-0.015259551062207319,-0.12360965652876517,0.694599531942646,-0.0020429368328975187,-0.022297931356118968,-0.014593259124386698
5.451221191406251,0.05758353300903779,-0.25247841445600977,0.4942210661111323,0.008956985976045957,0.0024473556849918436,-0.11056720413371106
5.471221191406251,0.48718301173617523,-0.14228279633121546,0.299032823445407,0.008393068493637778,0.005984408945226384,0.02834523245493639
5.491221191406251,0.23159951007060198,-0.3669523603731281,0.30220646088180547,0.0334524400679774,0.015731273384152603,0.011333428855359484
5.511221191406251,-0.644802559067777,-0.5363442602136931,0.5239406720265247,-0.02303408336222745,0.02325591445862711,-0.15993850537482646
5.531221191406251,-0.28466744791577814,0.2370364033290238,0.5696735038568164,0.00828981006213024,0.008959612222660127,-0.03323750838653143
5.551221191406251,-0.1427688017382612,0.20422404138852884,0.7052510908542364,0.031142343281494563,0.054087482540650864,0.06638172486310831
5.571221191406251,0.8259608908448859,-0.36934186888653414,0.41948149080041836,0.0038216887316879543,-0.044776510069510216,-0.06792835576579462
5.591221191406251,-0.022380563653868677,-0.07932466048948168,0.37038939356887424,-0.02613678163606942,0.08943990919275485,-0.10987057804853151
5.611221191406251,0.4327813509725141,0.3484786225511292,0.6286443573149464,0.028791928092816988,-0.03492136588360733,0.028270483520478236
5.631221191406251,0.3285121012377415,0.17812816991376673,0.2883679216533223,0.02228551360023315,0.008475665190364608,0.04200050328634064
5.651221191406251,0.3203652449854324,-0.30352584572517527,0.5184333031915495,-0.032574402523533844,0.03777442403752695,-0.1049416649069085
5.671221191406251,0.07806502533137653,0.3479250109563037,0.7396398236277009,0.012387532702739913,0.01670358635466772,-0.03962660959170315
5.691221191406251,0.24948433432158698,0.5111271762881211,0.4921327904872616,0.011725711785914746,0.04657174616963974,0.10209929359923385
5.711221191406251,-0.1056920290179616,-0.37902338849755196,0.8803678721672338,-0.030595270097932475,0.02285581241275874,-0.09418718171409932
5.731221191406251,0.7882858158360926,0.4333053642804416,0.42250259524442335,-0.021403783011094458,0.02076607227884024,-0.11012476342390336
5.751221191406251,0.5367320048796134,0.5440601654143509,0.44638884466397405,-0.020653655941227197,0.03603693890586592,0.057034899457180974
5.7712211914062514,0.35361196072966794,0.1508522675695543,0.8639276143711326,0.0012436930499614242,-0.031873699797084876,0.01238922359145935
5.791221191406251,-0.1385942003299528,0.08567667207786592,0.7102174162537848,-0.047100791100242206,0.050591440517900876,-0.07710003509914772
5.8112211914062515,0.18308890716052895,0.48326984608931867,0.63989228820699,-0.013989858149081685,-0.04462732045843553,0.02367335689192591
5.831221191406251,-0.31336881416754125,0.20652849540874774,0.7628505751894553,-0.01446590918281309,0.02174937799140354,0.06132294660256623
5.8512211914062515,-0.4890165008978413,-0.0784168938782609,0.5814821777057324,-0.04894578938383119,0.07398225138983622,-0.09132896268884862
5.871221191406251,0.2737667342706886,0.3241601252370452,0.6080782335917719,-0.029158549722618627,-0.04998866176782686,-0.005465403572924832
5.891221191406252,0.4512528363679196,0.04661285524098968,0.4490191864702523,-0.028050151548923614,0.08913767382888703,0.07834631411546036
5.911221191406251,-0.48135013471253507,-0.4035453117133248,0.6440205514312201,-0.044070728293775244,-0.007315727265549112,-0.13399693555651188
5.931221191406251,-0.2547778730973903,0.09115842133030015,0.2884997379186087,-0.06694825248682255,0.027996496216973497,-0.028441051333560004
5.951221191406251,-0.016086527672481744,0.2647942049952833,0.3038890559502376,0.01580146989464807,-0.011780379630508963,0.06720364819809728
5.971221191406251,-0.2877368366377978,-0.4573600305263357,0.2589300824395904,-0.06575931915809895,0.06231658144373712,-0.05796878802711318
5.991221191406251,0.02253168110325836,-0.16090974438273545,0.30897786862820115,-0.018276240466898377,-0.00966959146865159,-0.0673158199452318
6.011221191406251,0.27925901590211905,0.0317336113157689,0.15692881044062165,-0.0076097639251128885,0.006222306061566307,0.07733032313242262
6.031221191406251,-0.19948606425458712,-0.4031256632498146,-0.03248662843559638,-0.009845169560858322,0.03128029859067054,-0.04744412105788562
6.051221191406251,-0.1430919473192602,-0.5226150619850072,0.4510438064346032,-0.05535268407759487,0.04482077320406573,-0.07196130094174152
6.071221191406251,0.06438920119445599,0.31715256775338946,0.062391013200312796,0.04769693100754838,-0.03167973949195291,-0.000449670022614307
6.091221191406251,0.006389453734455347,-0.11435043453565495,0.21427485049559677,-0.05093454749769532,0.07722229115382552,0.028185062940371805
6.111221191406251,0.5233416834712129,-0.16982293096510623,0.05848013490931793,0.04312299530223705,-0.02314486583681629,-0.10951353823781491
6.131221191406251,0.08667298249958066,-0.1712541204852788,0.45676103694215947,-0.04810611069045021,0.02635710268518158,0.002002635080606116
6.151221191406251,0.2604991528436255,0.2895948960911481,0.17453777900122594,0.07183486931589153,0.013905727790709196,0.013526776834358831
6.171221191406251,0.06014006006232436,-0.06981190281010213,0.8202083148021773,-0.04605805515859188,0.005041732682868075,-0.026319413349936333
6.191221191406251,-0.1265022055132646,0.44347609568176105,0.16651145562221423,0.053623531768844164,0.04749567854738296,-0.06132436102860813
6.211221191406251,0.4136617029763646,0.44047446250008593,0.7224716506536089,-0.03074714647138604,0.008462832051801946,0.0661109796145523
6.231221191406251,-0.33158115125378756,0.09744020652610381,0.25050460280626285,0.06605036762803933,0.008853592893096104,-0.06332502602558363
6.251221191406251,0.4685125145765274,0.08009219672433385,0.6469273867617655,-0.07002126670518692,0.050067655867511926,-0.029166678262692376
6.2712211914062514,0.15365908718523152,0.3797271071011523,0.5930863785053724,0.0711396467852746,0.010482488071901176,-0.022178787511546352
6.291221191406251,0.35325690695460227,-0.08723964465990135,0.7424836358454828,-0.032063934318833656,-0.04500374265488627,0.027283520127785794
6.3112211914062515,-0.4543389280490852,-0.10134756541526936,-0.1298368065664965,0.04729778275210121,0.09757873356097357,-0.05118519649656895
6.331221191406251,0.3020171718519049,-0.09591816741782302,0.9014677757131535,-0.0475622479623752,-0.011922966368875238,0.01579120335033925
6.3512211914062515,0.16018391938428983,0.21624639161402467,0.4454657583648081,0.06192914830810504,0.0032882208030751443,-0.07568124282088085
6.371221191406251,-0.22015005258932208,0.14662152450243368,0.7663224784520983,-0.06360539505653333,0.03225044137304177,-0.007736084618474075
6.391221191406252,-0.21836591058133303,-0.0466716734175291,0.5829343054555873,0.04917975499623985,0.048804812241588606,0.01226617872643115
6.411221191406251,0.3049858341330012,-0.2951526445545669,1.0735135521987083,-0.050239734055816186,-0.02259877042971269,-0.020422532670590566
6.431221191406252,-0.2564477657216479,-0.09931937393209064,0.31470123576760706,0.02043987163481926,0.023598271839155322,-0.06003104157430469
6.451221191406251,-0.036384135020511486,0.0326035813036152,0.6870699501219585,-0.03531040067390508,-0.006844988837275389,0.05592236033807813
6.471221191406252,0.11845175449546005,-0.3972053506443729,0.40739397055791104,0.01776312068293301,0.01423499779540021,-0.01135627997167661
6.491221191406251,0.21007272174088787,-0.4270381763691426,0.18885011318132067,-0.05230919248279335,0.05042980042061534,-0.07858683798127962
6.511221191406252,0.3378927039596298,-0.15237893726865293,0.6968872646793853,-0.024093440280271303,0.018688465712682158,-0.006952912746880237
6.531221191406251,-0.0696580139582401,-0.02233024690877775,0.28739525645565894,0.012880338861848242,0.005939999709091355,-0.015165510685200457
6.551221191406251,0.12520737537429777,-0.19123303996024069,0.3423382162561378,-0.06726094337067272,0.0649855829021322,-0.00985976418539417
6.571221191406251,0.0686902524475328,0.25865253367742863,0.5190260428803789,0.021477041683124202,-0.030644381360029026,-0.08224369002157121
6.591221191406251,-0.23501201575662026,0.30651439375565553,0.7246996245150332,-0.051909842851144576,-0.018542329353373087,0.015276698157755033
6.611221191406251,-0.5182093964570632,0.15905261809310842,0.4165602100359151,0.016804238364832334,0.050859900065487816,-0.038848124443936975
6.631221191406251,0.1316315998167287,0.2071514690737256,0.7974703345490909,-0.06161738030747567,-0.01454210268141271,-0.05707490518346896
6.651221191406251,0.04963675006104471,0.5602023026438122,0.31623758581792066,0.023934863385009823,0.013234753786836568,-0.006910949110706854
6.671221191406251,0.042850042932451336,0.26401807948643585,0.6975337009871861,-0.04705422782088329,0.03108825305367953,0.013300871792576172
6.691221191406251,-0.5022491862793875,0.08501831934520622,0.6950877282708137,-0.009852761246625713,0.04349618750747315,-0.07815640415602323
6.711221191406251,-0.25234696473797663,0.3034830115482974,0.8375621065369743,-0.04759591489198186,-0.02374957532772318,-0.02830191794064565
6.731221191406251,0.5153494736180908,0.21261497841188376,-0.0348984490326088,0.004948871366863986,0.06466026955330462,0.02265268922330505
6.751221191406251,-0.11209092124135119,-0.11417804901762964,0.20145996267990235,-0.058232094681892714,0.03852946454768436,-0.10461315356165556
6.7712211914062514,0.20844289227110183,0.2461305712097015,0.6362086987441543,-0.017965281182602436,-0.011034509318111821,-0.02161833199563482
6.791221191406251,0.2558105125106263,0.17718222582920878,0.3210983096508992,0.014730148636955449,0.010795213343159579,0.05477395469961128
6.8112211914062515,0.1808929169343351,-0.3874038790731179,0.37653637428948655,-0.05473549464797004,0.04139557738706428,-0.06519330459330068
6.831221191406251,-0.12664356174424743,-3.8736340113172926e-05,0.531056437670945,-0.014293543905023413,0.029819523587106395,-0.08225888843527727
6.8512211914062515,0.31098005436995463,0.2232861011105015,0.489834134413198,-0.013675278920719762,-0.010340692374609693,0.07488056839527567
6.871221191406251,0.09941952437871146,-0.3202390921283727,0.40882558649838896,-0.033649316228076584,0.08710645334202752,-0.04714734500618246
6.891221191406252,0.11359451254535789,-0.06133323390928842,0.7512548009279588,-0.046620217331398026,-0.05644398506876473,-0.13957923018857676
6.911221191406251,-0.08247505381430523,0.3471205848335125,0.4425376241460928,-0.017257337196664748,0.055322803076908414,0.0887622525860403
6.931221191406252,0.09798527116591065,-0.044952948652013776,0.5907728930494853,-0.0027211000796249283,-0.026256598450896864,0.007886724931052757
6.951221191406251,0.1760224209548701,-0.21258582905856702,0.21610357533299498,-0.06606944879779396,0.07298971020691895,-0.09910728487504483
6.971221191406252,0.4471264917724745,0.48611211398429954,0.5056769273063763,-0.015136495467670286,-0.025215999726696404,-0.03932532186637076
6.991221191406251,0.6021660570041625,0.34574765198956664,0.33723466576494016,-0.008702725814734935,0.027891386257940236,0.09232147397233308
7.011221191406252,0.37208010088382043,0.03273104895817866,0.23118605448316606,-0.01876066810114552,-0.0002514811198663409,-0.06707745627494355
7.031221191406251,-0.4102033999919402,0.04888444149503103,0.7534881615244104,-0.06420980300584156,0.024645759292665898,-0.0837941521199335
7.051221191406252,-0.27753585891777816,0.7943899626441596,0.3429126784659574,0.03622017393395407,0.0055082782112877106,0.047524409635554085
7.071221191406251,-0.24060865643912688,0.031015377653413966,0.3997882795519098,-0.042818584215633164,0.03646251576200225,0.05467284561687495
7.091221191406252,0.019431041480447886,-0.017831271994293796,0.2296259777389411,-0.0011548188046988366,0.046414518078731634,-0.1263578738108594
7.111221191406251,0.16826641897428327,0.21543634478941645,0.8198957560371352,-0.061024155791422986,0.008659777528152094,-0.00802320220850805
7.131221191406252,-0.004750925884520641,0.40270909370636016,0.18342703554166828,0.052984886857828234,0.04083553016537434,0.050285582338385315
7.151221191406251,0.1016194771512051,-0.28040731100293603,0.709212993978326,-0.07950949320940914,-0.00213459365647432,-0.030357212761895413
7.171221191406252,-0.355668750856555,0.13403043353400276,0.39388322042155044,0.020355690088679695,0.05632775567458577,-0.09944271917602006
7.191221191406251,-0.2121901825702554,0.2829996582083187,0.780203655076856,-0.04451720862837161,-0.04324882837483942,0.06331053064818841
7.211221191406251,-0.1834441428303536,-0.061553196762898714,0.2416657958346645,0.023106815074097092,0.0459616892971976,0.006161727417462
7.231221191406251,0.24610703541117407,-0.2180580088385067,0.6657944596557879,-0.07830135547673954,0.0450062501895231,-0.11656884191569616
7.251221191406251,0.20684484804638992,0.43527444875441124,0.056195903559642726,0.019880901725896696,0.01808588614019725,-0.021213216506155423
7.2712211914062514,0.13968077035528412,0.1626167796095161,0.7020407941412803,-0.037518624606605544,-0.017240306311637414,0.07024682553499038
7.291221191406251,0.5420909696481893,-0.07320414478820844,0.1826632218414812,0.01305872885587474,0.046176614900896494,-0.05242130186466444
7.3112211914062515,0.24504320307573169,-0.05591788259629984,0.5649722256006026,-0.06544815758352024,0.01697798828321642,-0.051956439884974316
7.331221191406251,0.451127160121736,0.30521015839720667,0.4973350325412576,0.030773687652121996,-0.031221721221475058,0.037777165210118285
7.3512211914062515,0.5584099566765199,0.19140908370948898,0.44178333684768617,-0.032026081671086615,0.013242688525378472,0.03831297010821633
7.371221191406251,0.5056800109399379,0.09647443789808592,0.35780790989982575,-0.018257307141970304,0.04703049255094408,-0.053137923302002434
7.391221191406252,-0.5660374417198651,0.22395882638341913,0.7616024094887517,-0.023574251591647277,-0.052927035174565984,-0.048484200173453354
7.411221191406251,-0.3116598497175956,0.5853929634732156,0.05727869511821372,0.011065175063466033,0.05737349365476322,0.08688870585785025
7.431221191406252,-0.4758768862874077,-0.10254010509884645,0.7661156962761785,-0.02574670666779469,-0.030557445973315164,-0.03375801276908985
7.451221191406251,-0.4284974939417183,0.16996937314473856,0.6501054532477251,-0.0333851596230413,0.03519545294418511,-0.1323177067026887
7.471221191406252,-0.03609544016585735,0.5794456151268317,0.7033160352743641,-0.024123018773436703,0.0018237023182970896,0.02079523534623511
7.491221191406251,-0.5945042199612287,-0.01585096441270971,0.19234189373685473,0.03650006613594087,-0.04604078380938562,0.06080269790035614
7.511221191406252,-0.19962124184280364,-0.9734308830406428,-0.127951207026139,-0.05749032646563214,0.053981283341233796,-0.047282692984970905
7.531221191406251,0.8679121577089186,-0.2979710141688522,0.19566573127747322,-0.013609686732259605,0.012510364929362626,-0.12349140293113911
7.551221191406252,0.7684735507018554,0.44993367697245645,0.6329144777012683,-0.021948204531571,0.015969895699578525,0.01360414176233262
7.571221191406251,0.5450569907151687,0.33628223914389654,0.6660276762408696,0.013907387745821023,-0.011540164438533585,0.07577946397251478
7.591221191406252,0.250234233291232,-0.08088721680430874,0.7293522460327998,-0.03709390308864758,0.008090851830607454,-0.055198933729563325
7.611221191406251,0.898077575258379,0.4409752573702355,0.5460287289352389,-0.03453260427293277,0.0515411557208896,0.009162454374452648
7.631221191406252,0.5725266638398259,0.5043954589333164,1.1344344492056675,-0.009113530513603505,-0.04101583994485592,0.08189630750117352
7.651221191406251,0.47643844685566855,0.0464238922460896,0.17532625126236256,-0.0030233332742069094,0.008865255859391283,0.05672837883192847
7.671221191406252,0.23933836232592587,-0.3811298310707426,0.21544408779921906,-0.06130026504185136,0.020327964377650994,-0.005229241192706307
7.691221191406251,0.3957066504989209,0.24478217362022997,0.4128596945192796,-0.0062926154634113975,-0.0049393566255661065,0.008068857480826115
7.711221191406252,0.21016585517895223,0.30840813620462165,0.40247928005208633,-0.022702091958618588,0.002011821245970608,0.09875607136510668
7.731221191406251,0.10323445456953635,-0.33673294496072625,-0.3664281756187581,0.013779879288572066,-0.004300878128991534,0.04826637070565951
7.751221191406252,-1.0022064433607059,-0.7639724099578036,0.13375889031739824,-0.049664802036482276,-0.0035266834984706624,-0.06397574906986056
7.7712211914062514,-0.01449101616082975,0.08874041533734037,0.04224222048816445,0.0214720300814756,0.030369286919689254,0.046506037073003985
7.791221191406252,-0.5273447902666252,-0.22465040467865655,0.37995713812466575,0.028537251535330262,-0.05814754416161732,0.07924347253961381
7.8112211914062515,-0.42065017791646603,-0.6274195124647135,-0.7691337967980116,0.01986824209511377,0.05984101758072793,-0.04397099742504629
7.831221191406252,-1.4351407180247384,-0.6071877319921523,0.18238029034522485,-0.02729178547887771,0.016555664930204172,-0.1335332819695274
7.8512211914062515,-0.1296480274415259,0.10822439989872222,0.5885745625529554,0.04585373029630413,0.08460963837563837,0.09452627332411126
7.871221191406251,0.5122312322363873,-0.19701161265182168,1.1143878734996617,0.04441886007743392,-0.10229629194208138,0.049706784738233874
7.891221191406252,1.143527026076706,-0.4197342364858286,-0.6690401199048464,0.007779136620805124,0.050547192242723436,-0.08229668676939206
7.911221191406251,-0.260922083635349,-0.3801963024503307,0.5779513817169386,-0.029211106837031407,0.012070025150294374,-0.058093234105434655
7.931221191406252,-0.2693864673787821,0.5779750953352848,0.3674375027195889,0.09584487619019828,0.023296103131992978,0.06565795715406574
7.951221191406251,0.7028168752599699,0.5232679554479495,0.49447383499086345,-0.009674367728927128,-0.02716679096811787,0.07904432223749563
7.971221191406252,0.6118837801948539,-0.08791016254183591,0.022107114610902062,0.07761857124261576,-0.03142398463723723,-0.026714076550540332
7.991221191406251,-0.6879182819621569,0.002207004689425496,0.3964978127990125,-0.018646865440930915,0.057034057636796906,-0.03983493397672686
8.011221191406252,-0.8637927959882512,0.6314370519435223,1.1501419944156277,0.022070748168652246,0.07443373255468567,-0.024454248054937813
8.031221191406251,0.814728393334326,1.315335502220473,1.3278916099546751,0.03859005527967921,-0.09054373383364417,0.08992063810240751
8.05122119140625,1.2742658510994709,0.20048196424553266,0.24158807951304864,0.018193843892710906,0.04868341667960701,0.10017489532874338
8.071221191406252,-0.2564628523820252,-0.7697771299779261,0.969735225575331,-0.032703708257000925,-0.03572338779352671,-0.11640141151789564
8.091221191406252,-0.31434525360603294,0.5532356823140355,1.213071785710689,-0.026438499904249985,0.01891733818289517,-0.017291102123715808
8.111221191406251,1.0176757206093345,1.2215221483949197,0.8103358151318001,0.005220873105824494,0.05369000243532577,0.19857992477570352
8.13122119140625,1.0487523009034256,-0.301247033321975,1.1076389065992611,-0.03739097182210989,-0.07410472778528428,0.0773883074876215
8.151221191406252,-0.0967091868067443,-0.5143443088925314,0.31184586072293397,-0.06307512238696578,0.04777526335147935,-0.11422158393976302
8.171221191406252,0.23349188168685767,0.24199240101463843,1.0678198254871203,-0.09638567728037094,-0.07090112310334792,0.061082691114063205
8.191221191406251,0.5608285265810731,0.5973190673946651,0.08142079092490122,0.02904356457726008,0.033635624061189515,0.20076718685008987
8.211221191406251,0.17193891026064015,-0.6049665353373449,0.5599504476519732,-0.11995971220949614,-0.05484269579852348,0.00681537905518483
8.231221191406252,0.2808794864730775,0.03932706355892786,-0.20409846477554022,-0.04367797035059507,0.06846233572889487,-0.04335522956602738
8.251221191406252,-0.32142683641013936,0.26532304996546074,1.0323408408176222,-0.0751038033295728,-0.13841817270948126,0.127926312332674
8.271221191406251,-0.369248432546147,0.05739446207370227,-0.7869043742989227,0.015830788531638468,0.07522696961062797,0.09667627829215285
8.291221191406251,-0.15820598257008636,-0.5668195566727868,0.2532998618593786,-0.13629251079086818,-0.0038379178281474713,-0.01941147348955473
8.311221191406252,-0.5960672819842461,-0.13001037373603427,-0.1901023309793661,0.03295114710736041,0.005563657633463046,-0.0206739616120014
8.331221191406252,-1.9974221340517442,-0.0843480187609544,0.4427358430071681,-0.0925469801111748,-0.10838413261000437,-0.024128660071392964
8.351221191406252,-1.4155149456165883,0.6034575791897869,-1.178561357217508,0.05379231988140554,0.18040371419158763,0.04733945435588772
8.371221191406251,1.2447422976398292,0.26178933044797986,0.2020277348570577,-0.07061824351290405,0.013993774629472374,0.09827343674758957
8.391221191406252,-0.26064451695840635,-0.371761781972474,0.18145639864495453,0.07539315500608426,-0.0708343260260399,-0.15397694327711198
8.411221191406252,-0.9065106489340816,0.10810322306473234,-0.21961917608490855,-0.08134936746983196,0.05356919119860537,-0.05071962750302148
8.431221191406252,-0.4660058534773235,0.6911495503142249,-0.09118377745616825,0.09773529893518253,0.025217674199970723,0.11533052496096634
8.451221191406251,0.2479421381757391,-0.04846960079195253,0.2665551511490627,-0.0036861557543314207,0.0514550904497279,0.01706168176465212
8.47122119140625,-0.3157436686741333,-0.33806625390912853,0.23064381717851393,0.012912075383574948,-0.0012816510347956095,-0.17230862278793085
8.491221191406252,0.1348575478272833,0.5590959239826134,0.12066841216720835,0.021894103014888942,0.053224175017981726,0.048019873626490454
8.511221191406252,0.38621150208523153,0.46118085097222017,0.27644640718204383,0.0643119482621643,-0.007627491893576075,0.0991486083110925
8.531221191406251,0.07071146619479164,-0.4754700858992395,0.38899302560230503,-0.01546698039011737,0.06749461466251995,-0.1197411897070045
8.55122119140625,0.11911336397927823,0.12342138471910855,0.42100535646023357,0.002151730802878112,0.01703574219587881,-0.10426324320187817
8.571221191406252,0.2167901558629449,0.3482193083982838,0.4340885610937671,0.04347104444696405,-0.008219227732864712,0.13334917793483336
8.591221191406252,0.7104094136007777,-0.19095183493380052,0.2347299632306589,0.016797935203838415,0.03316498148326853,-0.011947467693537665
8.611221191406251,0.1760271994429233,-0.5555250338945613,0.5759447708341459,-0.05150796748594162,0.05966343920547281,-0.15584637020580563
8.63122119140625,0.26319703967410785,0.5092861966654679,0.5535025590529072,0.02095538899109841,-0.01710169154080785,0.009505726604097941
8.651221191406252,-0.06624207328354015,0.15344132825937407,0.543918172178611,0.003153424278979253,-0.03009513904120929,0.11019381711075237
8.671221191406252,-0.009060125082998895,-0.5400943485045148,0.17518318523095683,-0.012085685354474757,0.05614518096746803,-0.058382136035232096
8.691221191406251,0.36303151941780554,-0.37704156916228443,0.5179095184195307,-0.04545785454459034,-0.05586592803973878,-0.08107033798927847
8.711221191406251,0.5469525546996827,0.33999998058561437,-0.09900366330517214,0.027007008421577418,0.06577918819542258,0.09411033106067705
8.731221191406252,0.2654451420824997,-0.43671798502603704,0.29455823764401773,-0.025679489984504714,-0.05472509407020144,0.005589145359861049
8.751221191406252,0.033089264596049585,-0.3089362651588779,-0.08614199403848337,-0.011260752434982124,0.062586349006602,-0.07063225361034377
8.771221191406251,0.11663255674526879,0.2509765293887332,0.15570366402284702,-0.011934665813023297,-0.014555760880719781,0.02488648173892469
8.791221191406251,0.0800748372742639,0.03626458097279634,0.18738948617084755,0.010527297229849714,0.01682326981928024,0.05068701467603742
8.811221191406252,0.23576302381874242,-0.10312226548453503,0.3350429456552653,-0.018165749844679915,0.01844297812998161,-0.03395449768802413
8.831221191406252,0.7318503486653081,0.3002258143620193,-0.0010982031560205798,0.0066909055130856855,-0.002202961429214696,0.02521784390306589
8.851221191406252,0.7281166631894131,0.20036402311968174,-0.07086143966454712,0.008003829377152173,-0.005771770041446726,0.07880106381971934
8.871221191406251,-0.5300492182416743,-0.08083175037538741,0.1610536644521569,0.0022609037207213336,0.025826301633937,-0.042655100648291866
8.891221191406252,-0.2759621010240252,-0.021907689921833663,0.1964284774221966,-0.005454680119755209,-0.016149123657323586,0.025842225896057548
8.911221191406252,0.48419857883219447,-0.07990573134924073,0.033381477926593565,0.042285205329100975,-0.043128919543269265,0.10759791774809255
8.931221191406252,-0.5953218918779232,-0.6785250228298593,0.033575537367850135,-0.020091453667667333,0.06340476997510548,-0.09815483866445567
8.951221191406251,0.07340452748704973,0.23883609363502406,-0.04417633707308936,-0.014223008965318078,0.04081089702005351,-0.056498069675883146
8.971221191406253,0.2763461748279237,0.5585652431715449,0.30157461703171395,0.048309494827236565,-0.03452975658718904,0.14207190342404669
8.991221191406252,-0.1268913664099943,-0.35952807337189774,0.1566818422038006,0.006982806821137516,-0.002583367155137454,-0.013776733538810213
9.011221191406252,-0.6222934882936463,-0.2631897339475602,0.19490328755901304,-0.03642092592906337,0.08001931409399561,-0.11595074468939694
9.031221191406251,-0.23457380976401188,0.43672884834731707,0.34038920579985965,0.044862143520548285,-0.04772312806186531,0.08655524799873107
9.051221191406253,-0.23511330080792522,-0.2565978270196978,0.13606666621101335,0.016704080493682705,0.03882915491389658,0.10955724737968563
9.071221191406252,-0.06948016730459552,-0.7604284026354795,-0.026700478256485933,-0.006142827323363648,0.0002672244309880936,-0.14441817673575721
9.091221191406252,0.2477942550098546,0.03863801651048081,0.07875124010140436,-0.02783438126057145,0.04571869570029433,-0.03881444863160953
9.111221191406251,0.6188639653694712,0.4808248357658107,0.0639181283440925,0.06455315106924651,-0.02218542742089707,0.10406702051665649
9.13122119140625,-0.008069873698659453,-0.21779614798979882,0.11576062384451022,-0.01835293346421196,0.03208158709876848,-0.009611849175337006
9.151221191406252,0.3235439689900952,0.03272646448371101,-0.03768050644786367,0.010778209865194777,0.07135583047518475,-0.03856435223142161
9.171221191406252,0.20476878689057393,0.12156005961268689,0.3135396215866343,0.028228485979114204,-0.029987323905905992,0.09267297851313497
9.191221191406251,-0.5274351566908767,-0.18885940156252082,-0.13626581491009507,0.021202995762743915,0.05271812142859319,-0.020208121153711078
9.211221191406251,0.13892932753514844,0.054681673308262686,0.3614757854614012,-0.024401452507438717,0.0300889210106665,0.010685687187534557
9.231221191406252,-0.2536003086722476,-0.01659904199629389,0.46105563343929545,0.056877494976353554,-0.024364181968044164,0.01733632541102562
9.251221191406252,-0.3047146877991817,-0.501709817529642,0.152923431567144,-0.035885861554545435,0.0021588782504707157,-0.02518698133419329
9.271221191406251,0.3580599269014752,-0.14533162549589235,-0.05295831491479203,0.01584352383503776,0.03717276540683969,-0.03483068926303185
9.291221191406251,0.016092781040268993,0.006942964018245634,0.2305899470493871,0.006765986507175777,-0.02888235083431932,0.004371574651144832
9.311221191406252,-0.30305744432250614,0.1302914534894663,-0.07401941821834401,0.003071038440733358,0.06369899096209831,-0.007927958854768656
9.331221191406252,-0.16454888010164817,0.334439269025373,0.3689397810053926,-0.000984347344553449,-0.024534739732386682,-0.03170422160317094
9.351221191406252,-0.2620600056066088,0.2779006141344299,0.33799817281571815,0.004027559448042987,0.030779726811595753,0.022450089612810312
9.371221191406251,0.174290446145033,0.17149462367432947,0.4110059226977082,0.008459338481321884,-0.04623017649878543,0.011938708707653371
9.391221191406252,-0.25962288987827215,-0.03233121280321791,0.2253564165400034,-0.02729107659134522,0.04560058000565202,-0.037345761753247574
9.411221191406252,0.1774725415497666,0.25481592199929126,0.33241334643745185,-0.01934799182349993,-0.031068210218624034,-0.04315162198994047
9.431221191406252,0.3277771348222854,0.3267652504569054,-0.09015861162098064,-0.0011904379663255377,0.006579875681426705,0.04695567541107632
9.451221191406251,0.013100552188351097,-0.07100408895476736,-0.30942185293499147,-0.015791026127592336,0.04253425317577681,-0.0008456778303913
9.471221191406253,0.22329711792373239,-0.23117969220962617,-0.05395256476956434,-0.021620875365227415,-0.05581163756737394,-0.05055778293020717
9.491221191406252,0.18758622632046276,-0.10442888170284274,-0.36985846828801633,-0.001573134930801389,0.051209088643081,0.016736982380272516
9.511221191406252,0.13218778479904114,-0.12414555041533254,-0.31523291047707935,0.005612412694461496,-0.026619650156283727,0.023279041391920153
9.531221191406251,-0.3602034992377071,-0.49806208213605935,-0.2589679802951591,-0.016792642405377926,0.08843999588199301,-0.0035748747150743045
9.551221191406253,-0.2738747776659934,-0.4039987351846469,-0.014299401495448064,0.01765175280201869,-0.059450438863773394,-0.03116213284042391
9.571221191406252,0.02023723775098358,-0.20131575284830677,-0.49513633275922564,-0.005154535001864831,0.09662491029350007,0.035159758638957
9.591221191406252,0.09209922611296159,-0.07520125519431191,-0.02994767345141186,0.008317308214572224,-0.010528013893843545,-0.04282058011010464
9.611221191406251,0.36659040573952373,-0.07938185955713706,-0.07766895525504151,-0.00878157167354777,0.02240176076041884,-0.018420863928777734
9.631221191406253,0.26269693660666443,0.0018579397978139855,-0.679638242839688,0.04201615421263299,0.004699030196617507,0.019247926982434438
9.651221191406252,-0.28271258859888243,-0.43348504396487025,-0.47651192297572914,-0.02395476552852178,0.05280371724126093,-0.053786731702232735
9.671221191406252,-0.13409769662892926,0.13721564501455877,-0.30253834761442516,0.03595563313262578,0.016628063737141804,-0.047386994246654525
9.691221191406251,0.27380164109817734,0.08424557655070404,0.08208031987291056,0.012390862297149393,-0.010241790534902751,0.06461525430873795
9.711221191406253,-0.2848645270953271,-0.09470816733642619,-0.24361335913561427,0.05122577266379506,0.012414442533339025,-0.038097861876770854
9.731221191406252,-0.5729847199893217,-0.017629833487174357,0.027288256924188414,-0.036523015716749506,0.04206400415594246,-0.08580750390193832
9.751221191406252,-0.6081301964109556,0.43685795432367025,0.11288204219446242,0.05733549654308989,0.01407405391169795,0.003318484051476407
9.771221191406251,0.01813699454587248,0.26975535374008236,0.15873710102150795,0.006054810451462494,-0.0019411089686856124,0.05763399998707187
9.791221191406251,-0.449015046217614,-0.16109782120549074,-0.24664995800491402,0.021165908444118052,0.015382700163206371,-0.09894382992038067
9.811221191406252,-0.46867236471592993,-0.04038831633735384,0.11100240588190503,-0.040884760226975674,0.04142992131291263,-0.046892969175840904
9.831221191406252,-0.2782642165407589,0.10492556220745801,-0.1433351519058429,0.05440212840601354,-0.011600875066388126,0.027678496302729182
9.851221191406252,0.04857229591951968,-0.40079279203597606,-0.4402972557652872,-0.0306895819354837,0.02404696383013965,-0.0035682089569606416
9.871221191406251,-0.49289531483514887,-0.38404435000764914,-0.39683123224059746,-0.012162106238769382,0.1213019721913271,-0.10897290120400555
9.891221191406252,0.5007203700772264,0.3252570922948302,0.05667449830170383,-0.026199992008446898,-0.01948233885385626,-0.016169228281950474
9.911221191406252,0.7279689646789139,0.4726155730917422,-0.38481525911076,0.017810700234116596,-0.06759910121925937,-0.004222698918585898
9.931221191406252,0.7599804124222621,0.04865000754733921,-0.11840547934870133,-0.07364385555902514,0.09845301151636444,-0.032764450950697854
9.951221191406251,0.11509265382596526,0.1201472226442314,0.027036991358974072,0.01435974976686408,-0.09068062823448168,-0.06064490149202822
9.971221191406253,-0.06048149363528862,0.23070890887169154,-0.41815698578361754,-0.047897089805771696,0.011934694582630554,0.0605409151326264
9.991221191406252,0.4239131470464527,0.3865115725623476,-0.4851339612858533,-0.004166575715277373,0.011466868109592455,-0.003954070696523964
10.011221191406252,0.6163180735730056,0.23152336802138895,-0.09561645543879609,-0.05583072952070951,-0.028929229587355627,-0.036671809586589346
10.031221191406251,-0.07006160283462944,0.5993338950702196,-0.784228927286888,0.006241526432682585,0.01898862371814072,0.01492248784415114
10.051221191406253,-0.010637796111136954,0.3771871139223249,-0.517948589090026,-0.0406583539226282,0.004119691443285778,0.06989254449129671
10.071221191406252,0.40142034618433986,0.29935770663991884,-0.761344575024958,0.005064338790121926,-0.04311401542858087,-0.0650372957405199
10.091221191406252,0.14795087447081615,0.4952273468140982,-0.46901997312837473,-0.06514044646196306,0.04509350965080041,0.011587942993381227
10.111221191406251,0.03972263571815375,0.5886401822667869,-0.6868695386375554,0.031909654471644615,0.029242816929633063,0.04842701601980095
10.131221191406253,0.28387653593737316,0.08898263546329929,-0.5329814926596101,-0.0640271556943075,0.03416305218853253,0.013099714471067647
10.151221191406252,-0.36086817999298487,0.17825397286075068,-0.657183504211979,-0.010342332088367816,0.06594332567298983,-0.058426788327291916
10.171221191406252,-0.267110005179694,0.38025143828481867,-0.3450243345968944,-0.043083437660064644,-0.047442451991443126,0.010968748864353686
10.191221191406251,0.16905723840479492,0.20596109867696857,-0.800663271760797,0.004399714656267584,-0.024693558523080923,0.03784204351761179
10.211221191406253,0.7001978035114739,-0.04168050273104058,-0.8866153077068769,-0.04319770095711757,-4.873086395296703e-05,-0.01973501557334371
10.231221191406252,0.42429350586295045,0.12635074931117718,-1.0149795829501886,-0.009400998430756334,0.015467597626026067,0.011832333011584747
10.251221191406252,0.5058234058518744,0.4062374503186946,-0.6424731854675687,-0.007368051467908789,-0.01460144018715143,0.09374777246649182
10.271221191406251,-0.18211011937055352,0.22960030190932312,-0.5264873175819248,-0.005236985991431621,-0.01665292126419356,-0.014090863577117226
10.291221191406253,-0.19812324389598457,0.4812116576339657,-0.8237004918324177,-0.01347428553493409,-0.021537561106426545,0.030404685776663547
10.311221191406252,0.11293240093786781,0.333904295464792,-0.8236550951498479,-0.002142906894164411,0.011091057287911177,0.06618674726958412
10.331221191406252,-0.250737390713369,0.06276504669057811,-0.6073569888948127,-0.012434723421374092,-0.015953313388521122,-0.009319724693377178
10.351221191406252,0.5871230184832444,0.11089956295854947,-0.9787507155409103,-0.024234740686933546,0.02253121115551571,0.010472785195468437
10.371221191406253,0.3849200798325124,-0.05646338774917551,-0.712462534927536,0.0057169356091791,-0.046939396975800546,0.05125973786079339
10.391221191406252,-0.23095015253908147,-0.11443962474099265,-0.9255093153421484,-0.004030770957578314,0.007014259462953893,0.0222325307965113
10.411221191406252,0.0849604673473931,0.07954730244518023,-0.7658431815174257,-0.012982420294491655,0.003210166525478019,0.04934644846619373
10.431221191406252,-0.5072232432006735,0.06614454020718877,-0.6576428459377502,0.0033488229998717557,0.02098477161773226,-0.007915311707109511
10.451221191406251,0.07929867463542661,0.1202590423123475,-0.8790837739903588,-0.012552061887943661,-0.0011091166074917518,0.046220350387642654
10.471221191406253,-0.1595216959435239,-0.2996281819542723,-1.0644181580985244,0.006316514506800324,0.02284447056087362,0.01519225318213437
10.491221191406252,-0.470423486643015,-0.34014171161818607,-0.8059521079112636,-0.015249862552123529,-0.058150536374184214,-0.043619967260344214
10.511221191406252,-0.19285063928244847,0.02065777116599091,-1.0769709063958293,0.011716695813438817,0.05624726117033622,0.042761888331051455
10.531221191406251,-0.27418273233099566,-0.013471130142642222,-0.6956521182790238,0.013898276306672067,-0.041755216690471525,0.03119617526339202
10.551221191406253,-0.4066446086990005,-0.11581206819200654,-0.8864128201649673,-0.013201410054836936,0.07669624420632928,-0.043977772126964645
10.571221191406252,-0.1606342235765797,0.3042323812444806,-0.8207289634209307,0.002337152103848624,-0.031124961948874666,-0.05078449891248003
10.591221191406252,0.5234342101255698,0.4377622592777792,-1.0161398812643605,0.012669415925787447,0.026360226787176706,0.08721476403763213
10.611221191406251,0.26373349227865744,0.09281298886089501,-1.006667025544046,0.0225016193962362,-0.003928654438110948,-0.0072274038440890585
10.631221191406253,-0.15399713669829762,0.03699091822933353,-0.8977162868253934,-0.03316009546249543,0.022962247958262034,-0.06257277301436502
10.651221191406252,-0.4353612135667038,0.5939386221521213,-0.9164830328369514,0.03147483323933066,0.04485283434142161,0.06278311145894439
10.671221191406252,-0.5995005570328775,0.0671013884112359,-0.442025583829342,-0.004251700180649337,-0.04557439453561911,0.03406447734241674
10.691221191406251,-0.5723563265419793,0.14907659684337327,-0.8469729769114525,-0.0053618550547697465,0.08000693151432413,-0.07922640860158865
10.711221191406253,0.3213902761450023,0.4492124456811739,-0.537501043532996,-0.019081564718449694,-0.027153646679631282,0.04423779520914197
10.731221191406252,-0.17797785202855015,0.07290399516545676,-1.0167674574082048,0.049105329079799226,-0.026388975916707372,0.036858194024157256
10.751221191406252,-0.36952305814650277,-0.42453734583186237,-1.1198489504313704,-0.0574039222579517,0.0475339173078068,-0.05842870366884388
10.771221191406251,0.03985525076541142,-0.015789062786970936,-0.8879146930362188,0.009773049461373898,0.03197389214191388,-0.04665555591285427
10.791221191406253,-0.0767013070341355,0.3354493302945631,-0.6417618750789339,-0.003548834415401649,-0.036138872478424865,0.029500787802073627
10.811221191406252,0.12206681039663159,0.2182869655193835,-0.8097926261720043,-0.010145658605712652,0.033207439103954746,0.022126776291918854
10.831221191406252,0.06514714851493711,0.0736421553408183,-0.6337326016605157,-0.024224304230978082,-0.05219845430634002,-0.07056438937079679
10.851221191406252,-0.8817727886598846,0.32266168727033906,-0.9470526720046242,-0.019797969663986364,0.006720957855720504,-0.008924235311707893
10.871221191406253,-0.6476903119359553,0.23403977468872372,-1.3759561780156295,0.001479309947538432,0.02517248726799665,0.060864402242071215
10.891221191406252,0.19917616356587245,-0.10840251982107799,-1.1801896174016375,-0.0295787423633325,-0.007570090348662236,-0.022744340375323736
10.911221191406252,0.42116306534708414,0.051208625982253786,-1.5023369232783335,-0.005269747467374317,0.045503953332803375,-0.05207013162872694
10.931221191406252,-0.10138499073857553,0.18972221566582248,-1.0740435219166264,-0.01172622254082176,-0.07731590575576874,0.011012150584236519
10.951221191406253,-0.46805958965912353,0.10680927436873063,-1.3420487010125972,0.027978444040013553,0.020669922904620025,0.04305902810018748
10.971221191406253,-0.30691529275250456,-0.1664422615385614,-0.9917446986175907,-0.018688023767119158,-0.014382409371245627,-0.008795771356210104
10.991221191406252,-0.43495219398483465,-5.0101896648153383e-05,-1.2280070003346801,0.028811620745291085,-0.02074765330631676,-0.043447930974906054
11.011221191406252,-0.305547461489434,0.142021734406699,-1.3862362437606073,-0.01767531661729673,0.044088956828439045,-0.013779537630203892
11.031221191406253,0.4285423270452932,0.2960927682463085,-1.2690423224696463,0.02920948401022346,-0.0016445549841422398,0.016916393976349167
11.051221191406253,0.11647088990728689,-0.09359470240096456,-0.9656288950121774,0.003930223194218392,-0.0103053247694013,0.006023086090185853
11.071221191406252,-0.666087299740117,-0.1879175034305773,-1.0870264063323458,0.013462934843289389,-0.03827161204770211,-0.058837346501797394
11.091221191406252,-0.7250251231811146,0.08087906816314015,-1.1109027388979318,-0.0027180923161734785,-0.012322262625496906,-0.023889913386770486
11.111221191406251,0.06744682325086618,0.3402697159784664,-1.25900855085434,0.029265315678998996,0.02255261259040678,0.06080522965301404
11.131221191406253,0.4181527540564021,0.1374616155423626,-1.082449516838871,0.003551069553674841,-0.051042503789306415,-0.04984194759594776
11.151221191406252,-0.24736261614326838,0.5102801346703746,-1.1304032453841333,-0.005289917737377241,0.04082733280927167,-0.037830235348854976
11.171221191406252,-0.6611488539060653,0.5720190565509939,-0.7791063805973865,0.03421978888035924,-0.055358186961245504,0.07820166924001351
11.191221191406251,-0.9189589821728247,0.032361146060610746,-1.0345340521187434,0.022284081232459386,0.01925540163974601,0.07256387691999945
11.211221191406253,-0.19123732267852206,-0.12775835482560655,-0.764522212880918,-0.04284368101630887,0.0039228237683624325,-0.12483929247367315
11.231221191406252,0.19782325229960368,0.6363940968680459,-0.7446401768651442,-0.0031545485633592213,-0.01663499703368257,-0.004125567648197966
11.251221191406252,-0.46397462894877534,0.46002720367999567,-1.1394689329145655,0.02070947907593237,-0.00494416876463336,0.10962747488101603
11.271221191406251,-1.198348204307615,-0.1949072025031456,-0.8444104348989333,-0.055635535779238174,0.020931271651345347,-0.09115445101517462
11.291221191406253,-0.1889317376256652,0.6077373459654389,-0.8426120224152186,-0.02210345146134226,-0.031264006987997514,-0.07939655393774425
11.311221191406252,0.34196350178620993,0.5721059002094542,-0.9860906606885296,-0.00647921367791116,-0.026585986015170978,0.11709913763835328
11.331221191406252,-0.17078119792852192,0.09265121380387076,-1.1658753361994794,-0.021686270645386006,-0.024581753321541767,-0.05452864451118279
11.351221191406252,-0.27597690928693436,0.3194065606809521,-1.0258999026575533,-0.0718107669047404,-0.020998354066564525,-0.09623016920219546
11.371221191406253,-0.42173696421395596,0.9304320049717937,-1.0475937473880368,0.011753588864979157,-0.022422683307022954,0.09093832029290062
11.391221191406252,-0.5642625061938705,0.17649577651880574,-0.8540141296208126,-0.039698947597871126,-0.05400724006604806,0.032778200095769004
11.411221191406252,-0.548616237833143,-0.02616953695024269,-1.2143014175690139,-0.0489851888813198,-0.017698430984596475,-0.1198904268065191
11.431221191406252,-0.35466040904184787,0.4659039259591333,-1.191664055497108,-0.03613366811853156,-0.05869669447181923,0.03592086782320495
11.451221191406253,-0.3127809645206055,0.3032253175397488,-1.4533124059666207,0.009050061895411604,-0.0489560531786211,0.095576553067729
11.471221191406253,-0.42324016133438025,-0.09130785085191409,-1.4545825544576225,-0.048513174415758704,-0.04500482827551679,-0.08559166309159412
11.491221191406252,-0.4436719942400121,0.20451726886550184,-1.530111727011823,-0.03688398458234759,0.02901599789860339,-0.019592094647868652
11.511221191406252,-0.34585937892233987,0.22587558000271613,-1.2001023274444238,0.01884632005480562,-0.11137540479984355,0.08168851873557524
11.531221191406253,-0.5356757567434225,-0.10921020668868106,-1.6597012215646822,-0.013194531206083042,-0.04381225383230222,-0.006442914177981166
11.551221191406253,-0.6369983853049473,0.03410619575940663,-1.5846936618220921,-0.022769469435758034,0.006935600579385631,-0.06131529280152891
11.571221191406252,-0.7171569086646099,-0.0003267430752646625,-1.1178942703756438,0.003053507318515331,-0.023663235349298498,0.04408610018608844
11.591221191406252,-0.3532736449727897,0.04794858376365018,-1.3971448714620325,0.02071301188050517,-0.06896970519206946,-0.0027492389045167924
11.611221191406253,-0.07150698940782846,0.06817544656638919,-1.8132794915075496,-0.030754399369763798,0.060361092753285064,-0.03582493253591889
11.631221191406253,-0.1541327818241132,0.3339501626388174,-1.0504307665510202,0.02431692657432897,-0.10933098909613993,-0.019517517226698193
11.651221191406252,-0.5123646135564149,0.4348939673726349,-1.296962964843753,0.01749387791082442,-0.027288151721998086,0.04756939820062361
11.671221191406252,-0.5656842692712954,0.2320242247009219,-1.5077039342685565,0.017849976950409477,-0.0467927543247502,-0.007716371741843353
11.691221191406251,-0.5644469905074246,0.20525322934056472,-1.381928347422517,0.006832959705347575,-0.014834134201155542,0.006445327966793231
11.711221191406253,-0.6395733706232379,0.3876146818519629,-1.3740698704529124,0.03328914396815551,-0.05573251185299001,-0.020142233434968307
11.731221191406252,-0.5424486015475039,0.3476563205798572,-1.3513709919083061,0.0011501412531799426,-0.009567985447246572,0.02837179428397285
11.751221191406252,-0.5763883738776692,0.3137722020715858,-1.2528542691169042,0.031758944074320235,-0.02409194794085782,-0.027097166416415797
11.771221191406251,-0.7628770370628424,0.09334248798344928,-0.9735594822229208,-0.021788733336106977,-0.06045847207457457,-0.044015878895537076
11.791221191406253,-0.5132153981953177,0.5265591754474078,-1.2854422232069604,0.028226255718746984,-0.042182670526670914,0.009327794014116875
11.811221191406252,-0.3906319759925962,0.1704759187597678,-1.1466581870400612,-0.0151461236176467,-0.04804521800491382,0.03664693728056226
11.831221191406252,-0.6339807206959711,0.09435670220453378,-1.5194528577592223,0.008297587719691194,-0.04000049742355704,-0.056161618321110475
11.851221191406252,-0.6453839698019481,0.21962944836615686,-0.8375034339516433,-0.06279439773651643,-0.0823510845624833,-0.03661198555937147
11.871221191406253,-0.7207781781384556,0.8423813733961396,-1.407052147882702,0.02427485833713654,-0.026367897236796826,-0.005117486204385821
11.891221191406252,-0.7482962094255478,0.38993811672209727,-1.0786268042417995,-0.07342494450780032,-0.04615251802443424,0.05169756110713355
11.911221191406252,-1.0850549644285874,0.22820903954613467,-1.586484740632104,0.002432367428126153,-0.028635682731180414,-0.0850438147595109
11.931221191406252,-0.5999191233554775,0.5284980348644714,-1.2510076783397437,-0.09740289479553725,-0.09986306588778003,-0.02670252558927347
11.951221191406253,-0.6728042112680709,0.839246545072565,-1.8531997848049164,0.021539605432926608,-0.010207484041271846,0.027405929047453606
11.971221191406253,-0.4598106908262602,0.26117577219025817,-1.5361917166611516,-0.08334462488339775,-0.10522348586683514,0.00039386368786335904
11.991221191406252,-0.7116286359490029,0.35502459452459134,-2.133061901731268,-0.023940835493038052,0.014145295444646254,-0.06466235451760223
12.011221191406252,-0.2880868649242456,0.2872271745824699,-1.5127112004343095,-0.0699524584658299,-0.10546963938093876,0.013684359999026877
12.031221191406253,-1.197855110468144,0.34009688827312307,-2.1851622984055457,-0.006147817712122281,0.018774061422943016,-0.023965664845952653
12.051221191406253,-0.35669043832298425,0.4461084903003486,-1.6088788061036177,-0.09636195261062488,-0.06163762084881612,-0.0355951804049426
12.071221191406252,-0.4254966880588613,0.47525011304700826,-1.9784431232414483,0.012107587659067331,-0.030656555616143125,0.01630782568492098
12.091221191406252,-0.5993210219615291,0.12623053115903696,-1.9654331420601365,-0.07271915326813384,-0.08166677397422015,-0.035435410562116285
12.111221191406253,0.037470666726743755,0.402835491711615,-2.4443652095766937,-0.023882967967474085,0.014640273759420987,-0.008840127997308489
12.131221191406253,0.02768986433816804,0.3433324650399042,-1.9649134207410361,-0.033486619326301925,-0.0842628153761437,0.0034705860412971917
12.151221191406252,-0.1830861904508487,0.22206535409519987,-2.209389078439822,-0.03004717212803468,-0.019391210354969404,0.0026430112694351636
12.171221191406252,-0.5888788260602057,0.3252063268443914,-2.108146831111469,-0.03149410198411193,-0.042137231755879224,-0.026520210493998324
12.191221191406253,-0.7056019349248485,0.40856561760621674,-2.0527935895175453,-0.024246505446957584,-0.04369160523106876,0.01565833093837689
12.211221191406253,-0.5085259254520981,0.6020090046490413,-2.39312775166526,-0.008695960934502955,-0.01597568979707565,-0.011276808484315637
12.231221191406252,-0.38726663226958996,0.47607450531217477,-2.001402592930495,-0.040058638913371344,-0.06949038496306995,-0.011339615021323437
12.251221191406252,-0.3943665767036496,0.705149674734854,-2.0867517453486526,0.004138107860204966,-0.017196007035963162,-0.014920242446189077
12.271221191406253,-0.39186647466031616,0.6259425121666882,-2.0467286295858345,-0.03163548137483778,-0.05236153010293083,0.0027886146887910346
12.291221191406253,-0.26637381975938773,0.4461286536434765,-2.509040689581056,0.01238646325867567,-0.048288215677316726,0.0029234146243594986
12.311221191406252,-0.2729171725973602,0.33925651970234605,-2.0518451146700807,-0.03838326974185269,-0.033261318468974066,0.0003666724694032288
12.331221191406252,-0.5544613850230117,0.5951509472907782,-2.2428267339956847,0.02213587220328745,-0.07207019839138444,-0.040509731019454
12.351221191406252,-0.5645177911534972,0.5113955967743875,-2.2895758021785766,-0.037667547575541784,-0.007841121727869613,0.045236290353514175
12.371221191406253,-1.1571054968768049,0.015270580887801736,-2.1740776854762993,0.0238352501762357,-0.07527821966939385,-0.029008944222204118
12.391221191406252,-0.5278584910771205,0.20130227525615324,-2.4574834854040177,-0.03725807308102219,-0.01714001946703644,-0.039835425198532316
12.411221191406252,-0.10460500640877818,0.5080849683071582,-2.5755786414901642,0.015621521800614322,-0.05497775031026858,0.013889058142880297
12.431221191406252,-0.38614222193236986,0.21531665227040003,-2.1923760032022437,-0.005105702755192137,-0.05579062745768738,0.035347852368727416
12.451221191406253,-0.21850436354634759,0.05530958510903687,-2.4916399657637514,-0.004777091049439883,-0.022420459317462452,-0.040121561799016506
12.471221191406253,0.024155086562318677,0.411458572753242,-2.364752327826833,-0.020887800374471764,-0.03508697410541775,-0.00325487708787505
12.491221191406252,-0.4744943403042963,0.4049767894857255,-2.078286046449348,0.01666800809398999,-0.09108801292853168,0.042686802442267316
12.511221191406252,-0.5794893370154371,0.4483417206683747,-2.4914399844527635,0.004732821683118691,-0.05840748271461715,0.017465781646220525
12.531221191406253,-0.6928651169057078,0.17586443728221401,-2.302160385291208,-0.026532770607622963,-0.08345848589351404,-0.03335168706322445
12.551221191406253,-0.8606340970237071,0.5423206378596279,-2.32291140966373,0.0057522753103038836,0.001281082171221424,-0.004090576650699857
12.571221191406252,-0.1769436052854584,0.5408304999881729,-2.3480767550033175,-0.009844298299611578,-0.07038031704997443,0.03813254875853931
12.591221191406252,-0.3465731610946558,0.2837072736329904,-2.4170094925494516,-0.001259778621203468,-0.04710043924121368,-0.011993486294521806
12.611221191406253,0.028947439672229583,0.5571951996404787,-2.395563764508371,-0.028486296804717072,-0.02783884399015802,-0.022938154905351178
12.631221191406253,-0.3666708751413999,0.8557225281752463,-2.4646692003561905,0.004671983376015549,-0.014443711071853228,0.03599575659079637
12.651221191406252,-0.46046257873229546,0.4117006030793225,-2.1375249724973573,-0.012138183571975181,-0.10597291604494051,0.04549070825425652
12.671221191406252,-0.5965794940450176,0.21830513453046596,-2.4401025637784635,-0.011528450378434573,-0.012978755508249902,-0.021503698921840585
12.691221191406253,-0.41725652454178014,0.3773221606140083,-2.417019592775619,-0.03151956239845509,-0.061428987872608594,-0.009628051444103853
12.711221191406253,-0.9894049239972076,0.4339355685244996,-2.3023689803615364,-0.005866012003429148,-0.03736866226091419,0.022260053802036002
12.731221191406252,-0.7167028981915292,0.48476133209336253,-2.3565328886309658,-0.02200136263618351,-0.02896572481177116,0.007752838625321925
12.751221191406252,-0.8180340237488483,0.24315605689749833,-2.2344513914369055,-0.035794731006183834,-0.06520360951395236,-0.03626530390173809
12.771221191406253,-0.4394837784408901,0.5379583722289916,-2.561332994808342,-0.010612324339628642,-0.019845736516739185,0.007795259859346193
12.791221191406253,-0.5548343029769587,0.2728943283050737,-2.3992497348701907,-0.037862193693548755,-0.03931279569755665,0.020102273262827302
12.811221191406252,-0.09344148445120912,0.3152018319513637,-2.640952914582047,-0.009949361721152518,-0.04242082114656201,-0.023339591341560918
12.831221191406252,-0.47242148235732717,0.20224520438143337,-2.3733677427936515,-0.04908260339087833,-0.04868588218145513,-0.011328333159223762
12.851221191406253,-0.0048157248144211455,0.5168929182824954,-2.781513656319599,0.002751912114656594,-0.005800540639475612,0.028857267166384128
12.871221191406253,0.04798766716617899,0.36155976278596424,-2.5071127158254827,-0.0453784969278072,-0.02282881194309378,0.022040825099748668
12.891221191406252,-0.1297909823885386,0.4270949058420399,-2.6596660832354933,-0.008410704637837557,-0.023353683285901795,-0.02899334819179069
12.911221191406252,0.09767129576247834,0.5378478023958465,-2.406583207959604,-0.04132311493858574,-0.04279587068553308,0.04765268513452717
12.931221191406253,-0.45602566860744537,0.38045154515375057,-2.7402843441589844,0.015720397437658067,-0.022301558662136924,0.025306273708849043
12.951221191406253,-0.32269083458277426,0.15680022071977398,-2.5150214951557315,-0.05611157253645653,-0.031161796633328027,-0.0036463898914604214
12.971221191406253,-0.4668807097329973,0.42007567995616985,-2.8228595588274863,0.014882186661386401,-0.022462699443118565,-0.028742716183707284
12.991221191406252,-0.34573856122677965,0.42913253725358674,-2.502717573205831,-0.04447654369710715,0.0017298350001174927,0.039020801067215755
13.011221191406252,-0.1422122260934466,0.4304320366867391,-2.5973810580814334,0.02367613424030613,-0.04763463574999291,-0.02497582616410455
13.031221191406253,-0.45072860571764256,0.4514319679977165,-2.6149030757156297,-0.04885457618264586,-0.013930275670934638,-0.05443855159764747
13.051221191406253,-0.2136594579452644,0.7023512208563578,-2.770229453674636,0.005228990254840821,0.02403226207604271,0.013982290370162787
13.071221191406252,-0.0914394604446989,0.5830774680187727,-2.353572026173031,-0.012812385166529194,-0.037306033463087585,0.011819755401264028
13.091221191406252,-0.14351171269816257,0.5431203127316413,-2.592291613288841,-0.007294754506912803,-0.02045043236853798,-0.020391556237599064
13.111221191406253,0.07449709931776295,0.6593935065039314,-2.5079049162762983,-0.02059879091371378,-0.016789360083290492,0.009306592209321283
13.131221191406253,-0.29557754417787396,0.4617255316446494,-2.579468931887245,0.008845071138935876,-0.046925469890770385,0.016575571230056624
13.151221191406252,-0.1547805465469135,0.32424293296063494,-2.90747223745647,-0.009824392197240654,-0.013562176101565201,0.02355899472357646
13.171221191406252,-0.5473989385994309,0.1992219712318329,-2.6413885873779255,-0.00644583886499896,-0.02640898776704104,-0.0163137508090732
13.191221191406253,-0.689791433668713,0.4022428864029733,-2.5996970449925234,-0.005807539479568563,0.007511677432979576,-0.021758129558937144
13.211221191406253,-0.3947246656278157,0.5949785851581805,-2.5813427995195055,-0.0045315013679281,-0.008275862080320788,0.017741120134359394
13.231221191406252,-0.12839917625320096,0.45713375278246793,-2.2701424006489157,-0.008553292895023802,-0.014193310075969794,-0.010838572974875482
13.251221191406252,0.18695708623679008,0.6384185055650138,-2.479279135665537,-0.01185504881470812,0.009670409491065606,-0.015679356129794358
13.271221191406253,0.44515561052569413,0.663023335522275,-2.265580125553125,-0.021775582168052365,-0.037551932733418086,0.029822089152215018
13.291221191406253,0.4758568862667788,0.7187208892728403,-2.436417179637931,-0.005217997235736087,0.0068450864023313525,0.0330244483092505
13.311221191406252,0.5875504378671281,0.5626013534850642,-2.4028630224741727,-0.03831016131408312,-0.03432137943234383,0.02699857194872859
13.331221191406252,0.26225283740978517,0.6389057192231234,-2.42446287851953,-0.014997763154791267,-0.022356151093914516,0.03659798052757941
13.351221191406253,0.2162275606442901,0.6506334834376298,-2.638961041393454,-0.017748757725702134,-0.03635342197322663,0.06729406448126378
13.371221191406253,-0.29311306718490765,0.27951640596392713,-2.6107247078532048,-0.03317333497225811,0.0036150060360940384,0.042362765837107484
13.391221191406252,-0.48488737608029264,0.34955092814370703,-2.4743411930791552,-0.02221241119185092,-0.048391233586703844,-0.01276672260950721
13.411221191406252,-0.695520689199209,0.45513399172719954,-2.703059036091816,-0.0323196225467969,0.019126660586592157,0.04747021769847801
13.431221191406253,-0.5701105853553867,0.3152947493520826,-2.4345390734149706,-0.019226210969625394,-0.04659297826436022,0.011526351730151393
13.451221191406253,-0.15477003695337274,0.2718643612067018,-2.837895878150088,-0.02553285502389288,0.00191206989767734,0.0005736148048921526
13.471221191406253,-0.4491618605284902,0.21874479472851696,-2.9619395835981632,-0.03052973095068712,0.014106975082430773,0.0019444246546386234
13.491221191406252,-0.2326291872315211,0.15780644241563418,-2.653425425334976,-0.016111971427358224,-0.032778966817106084,0.028727924726307072
13.511221191406253,-0.036704978772884866,0.22066819706010218,-3.0020990269178855,-0.0004858691913199623,-0.013595143929443419,0.024404760871335557
13.531221191406253,-0.1943436302707603,0.1882791861939631,-2.9198247352216984,-0.027730644059698235,-0.006722407756029935,0.008736971626253545
13.551221191406253,-0.16838239354724616,0.3605864638687347,-2.818743743361203,0.007913065913685092,-0.01051972683578418,0.026971176570145316
13.571221191406252,-0.5255536662802466,0.26108067368300725,-2.656430236466539,-0.010945150556925494,-0.035814544550756645,0.010214834793869679
13.591221191406252,-0.7421578458278741,0.26200946164851996,-2.7119512214832167,-0.002972327015705059,0.018411919873992048,-0.002972452622747875
13.611221191406253,-0.8458195931492526,0.346727078056881,-2.52434337827847,-0.0018676101406255809,-0.011725141506463158,-0.001666230895629679
13.631221191406253,-0.8437907078358964,0.3407842346527875,-2.528846916275673,-0.007655422718002199,0.019353649238927628,-0.004566603064566181
13.651221191406252,-0.4271201128254444,0.3751302944774574,-2.4040828512771806,-0.008602221909040192,-0.012324354992983347,-0.03531725472935383
13.671221191406252,-0.5060165999239796,0.3890244051263472,-2.5688353677104705,-0.0097420909463926,0.0027985714971144678,-0.03344338762650255
13.691221191406253,-0.09408270461844331,0.561354809507847,-2.565278294998255,-0.011508475718354812,0.013906678959169106,0.005669061453203611
13.711221191406253,-0.004478156223499886,0.4766478253945541,-2.565109682337252,4.655840710905149e-06,-0.011256319075443093,-0.01663149782474318
13.731221191406252,0.027367107074436892,0.4782408671917589,-2.7618761281320574,-0.01731019679338054,0.006628269242197739,-0.0333064553353856
13.751221191406252,0.3478964807578888,0.501336610739715,-2.545574584002631,-0.011448217144377281,0.002962219554310495,0.016397008978559634
13.771221191406253,0.2834127597195663,0.6586992945044317,-2.6616337584769894,0.016668008279316308,-0.01662649688712199,0.006864375587063462
13.791221191406253,-0.07836640137107963,0.6146427747925495,-2.6723619693958547,-0.02843756835276532,0.028283874484620417,-0.0024580262047857533
13.811221191406252,0.504302740331855,0.8319198153835566,-2.40200608927187,0.01417262057947944,-0.011147103252416683,0.03542268292244721
13.831221191406252,0.153278857291326,0.7633759186766724,-2.338926014733233,-0.0009767812297511616,-0.03343311589201522,0.012028413799250974
13.851221191406253,0.24863561906136594,0.8076289013344128,-2.381017131519757,-0.012615019115747673,0.020652749504011067,0.03504647799890334
13.871221191406253,0.08157619019435376,0.7545751043160399,-2.131084677361331,0.0008385615144391425,-0.02850617792657919,0.009796207200022205
13.891221191406252,0.049751127564575684,0.5976342328812743,-2.4327225608817273,-0.017969667472637382,-0.01295620953577692,0.01632734696117377
13.911221191406252,-0.3269651842350388,0.5532783339940363,-2.498355827694882,-0.01226337810822489,0.003758404669455248,0.00791781501113879
13.931221191406253,-0.16075986848400267,0.46162266445706923,-2.369902338484896,-0.016369268037766716,-0.013792920579244857,0.025572227433306404
13.951221191406253,-0.043699782590285056,0.4037029100459073,-2.6862975473532105,-0.001965970188703057,-0.012693766087912239,0.013089501101725706
13.971221191406253,-0.3427712784009939,0.1819004301758377,-2.6609599589071276,-0.025038733486562992,-0.0033438265204445627,0.014366133850947612
13.991221191406252,-0.23058143167116327,0.1299305232767374,-2.721689169170533,-0.00012264613118444017,-0.004188082665858801,0.023025084416522203
14.011221191406253,-0.2452840223105386,0.05662443654547832,-2.650480684866124,-0.017546343692632256,-0.016129430235006542,0.010461952448670713
14.031221191406253,-0.2717220428229787,-0.014419698417172387,-2.776062346645076,-0.009199369792071168,0.023232557239584763,0.010197410088081917
14.051221191406253,-0.22085495711597553,0.024474153544575453,-2.6620925200737275,-0.012449414487136757,-0.010345387263741564,0.010720319181809981
14.071221191406252,-0.4159038560091682,-0.08520527713874303,-2.627139831475996,-0.0056158830793710595,0.005187187683785014,0.012674582695389645
14.091221191406254,-0.2395288911802771,0.01902386006057861,-2.76155471193832,-0.010003171249747539,0.02731603204364376,0.00576194674224397
14.111221191406253,-0.49659640661406523,-0.055052912435991225,-2.53270001344876,-0.004055176676878456,-0.031603689839232646,0.003872322016677395
14.131221191406253,-0.5983527021417036,0.12599183115932688,-2.8621368505874383,0.011250965809087401,0.032612541130497184,-0.0029204484392612706
14.151221191406252,-0.5489956390851138,0.1084738921630083,-2.445149166463078,-0.013430407119510514,-0.01610207587662877,-0.021226870760586658
14.171221191406254,-0.4271020833900473,0.2773959460448231,-2.7501949145705087,0.027129759723816742,0.057156646016330026,-0.020648573247574024
14.191221191406253,-0.23669933873103624,0.17719974208835848,-2.108270232664009,-0.01694866064216709,-0.021073387844745585,-0.02464762984451853
14.211221191406253,-0.10779803970374634,0.4274847027604301,-2.4805356580511995,0.03770548488193276,0.040902140203311455,-0.032455925481964125
14.231221191406252,-0.2499536710549259,0.41470284941486324,-1.8429339777724998,-0.021509826650498,-0.006877302855305707,-0.017459530179327998
14.251221191406252,-0.3049948280278588,0.5442207335555901,-2.109390270105728,0.04639296972041561,0.05717453732851063,-0.009642697614799349
14.271221191406253,0.25223046135029664,0.48681202880799945,-1.737795924433006,-0.018967135983366967,-0.02800637769533194,-0.002614403164153311
14.291221191406253,0.029415585070675935,0.4845538845805898,-2.064265051204166,0.03689314779394078,0.02644897060278933,-0.01689349119209155
14.311221191406252,0.11273923039332825,0.5567496869559373,-1.7670650066442901,-0.02165951847818697,-0.01106010002468521,-0.008829013400518313
14.331221191406252,0.0929603153849536,0.5154073052040647,-1.8397392814348337,0.019301147076034676,0.034924595656162176,0.015263142942456632
14.351221191406253,0.055849766412255836,0.5745075738382568,-1.8068511158154534,-0.012356911686103976,-0.001336614027576637,-0.03491386839021156
14.371221191406253,0.2953021265682,0.4318017981099458,-1.765587970203579,-0.021774233108635035,0.03398406280330834,0.012203716989278447
14.391221191406252,0.2808020457199078,0.7086951680141254,-1.8625073947380255,0.017812308834593157,0.012621211313862572,0.004501407266086798
14.411221191406252,0.28304321058588167,0.4020470414612737,-1.6756372338913397,-0.03899389616851214,-0.009608515901218093,0.024200414824133626
14.431221191406253,0.3519424765223084,0.6418795258234118,-2.0684772693041555,0.030547081908996177,0.03152659022436548,0.00458122779253679
14.451221191406253,0.18646342705115124,0.36613784344009237,-1.538940910472852,-0.041324937351490766,-0.03698722513824071,0.02462630595165051
14.471221191406253,0.03709468088843199,0.5289058578088133,-2.122927516517418,0.050525450978287346,0.044229768875519784,0.01769192476266509
14.491221191406252,0.3004951935792635,0.26248131044561757,-1.517746734085065,-0.03500663108511157,-0.04880006475321027,0.03575359475215111
14.511221191406253,0.2359000657616809,0.3982257794115049,-1.9945102010720461,0.06044634872562286,0.04181251145897962,0.016366572446958515
14.531221191406253,0.2858395267062468,0.3257725216956058,-1.3097295516893004,-0.031233178246372437,-0.006181633655565308,0.028211192766664665
14.551221191406253,0.18497735553208963,0.4149656484603892,-1.482994412222908,0.06197244777493527,0.01510402515587544,0.030531719098388723
14.571221191406252,0.24997334319057046,0.2964955459956161,-1.1537253716974643,-0.010745880030730848,-0.017044336056925794,0.050713670349457306
14.591221191406254,-0.27543798528674424,0.09314332688476795,-1.4104451738723665,0.04352260900381069,0.008355445569168174,0.017114066166432896
14.611221191406253,-0.11669141357616215,0.004125232939453804,-1.1206053023367029,-0.0017454459796298423,-0.00848901986612146,0.053230506725687535
14.631221191406253,-0.43825477104556027,-0.03289146309620082,-1.3478579014013445,0.04008835333310319,0.011852338736162055,0.022847061241085057
14.651221191406252,-0.2623285507038052,-0.22770407217670063,-0.9697022530219894,-0.009608236475531573,0.012824760644034934,0.03544226081583713
14.671221191406254,-0.5138045143543476,-0.11950748399198084,-1.2655192029061417,0.04037934540462691,0.028499160377298827,-0.004146577772207664
14.691221191406253,-0.22265791383458372,-0.22924002930166235,-0.8174195863976133,-0.029155439496310994,0.015219799869459831,0.021656051208483136
14.711221191406253,-0.12637463787809122,0.07511065984531531,-0.8947700618025769,0.04342685942863266,0.04363602454888625,0.012189858869927466
14.731221191406252,-0.07244471885530428,-0.10487075502202163,-0.4465636308010005,-0.023810618607999212,0.001183795083578043,0.04013444767158199
14.751221191406254,-0.3276995114411863,-0.07694132844985116,-0.5545733782514422,0.036415241535486045,0.004668357984095059,0.01613663290162047
14.771221191406253,-0.10308474036707833,-0.17576080578937844,-0.2649524118943791,-0.01383949251404852,0.010582951500890078,0.052704812739399844
14.791221191406253,-0.3133804489321439,-0.17249184757435834,-0.5245459378429133,0.03568938243854368,0.03796450324178334,0.0015902589994540247
14.811221191406252,-0.38061990868897,-0.2053144473090884,-0.07278782336869978,-0.018674003523279283,-0.015337634957430325,0.006347603015856691
14.831221191406254,-0.6474547777731408,-0.004812018673847199,-0.5629252914331516,0.04917837269839503,0.018727389963707826,0.006633863851408383
14.851221191406253,-0.7045195931325718,-0.3580981288425816,-0.13145558093612023,-0.03485650819620651,0.03513520428808529,0.002086645725410676
14.871221191406253,-0.4295650533622477,-0.05039739987956449,-0.26163689618094615,0.04131815095209366,0.025844733518598405,-0.058442601339013904
14.891221191406252,-0.38008836218549336,0.022634532949377485,0.09481609242992065,-0.03068260219293086,0.009566127227607165,-0.011893808480231308
14.911221191406252,-0.44311335557359627,0.17609869722006122,-0.12780130864112177,0.040104869810355624,0.05386298710004178,-0.0063453342947023764
14.931221191406253,-0.07204270187986107,0.03795017711189986,0.36938668029899735,-0.019367174607297716,-0.053805852189829,-0.017519500315965962
14.951221191406253,-0.21532689118560236,0.26147076999327556,-0.14627130760649062,0.031003941272082034,0.04405669174780817,-0.022826923664158633
14.971221191406253,0.054722576590538724,0.3024187274629622,0.3686543140386235,-0.020953174588605062,0.0029943782956551347,0.0029634574658978508
14.991221191406252,0.2444683390753451,0.3579046197447884,0.05623688906028845,0.038425202268445084,0.002962164240429988,-0.0019237539930921231
15.011221191406253,0.24597325704022438,0.3349670313656512,0.265795111730061,-0.022641311140420263,-0.0033377172123510725,-0.009292169297696596
15.031221191406253,0.1602512045990232,0.329377782553655,0.3025090604625788,0.018821568566892283,0.017124034466118685,-0.002156629399444996
15.051221191406253,0.17644924291939892,0.44082104877520706,0.2993424716050264,0.006139384179482305,-0.0059930647884843076,-0.0018036649217446062
15.071221191406252,0.23110735691751338,0.26750950947440605,0.3444447796543822,-0.0056085816576236245,0.031119552700664136,0.0163704238841756
15.091221191406254,0.37494698553381917,0.2859856957846143,0.6365853660247227,0.022609591164687665,-0.0014061336982622683,-0.008047904615723038
15.111221191406253,0.5028408948640093,0.0919505847450634,0.4745835591340753,0.004257065525660984,-0.00022491652993151788,0.03601649571944415
15.131221191406253,0.34130839770953303,-0.0269484241301362,0.32351327492155396,0.020673308662942383,0.0521468539306397,0.014429027490333727
15.151221191406252,0.35719146472869395,-0.15450557678460805,0.8506641368279211,-0.005178813921137496,-0.014422752952164903,-0.01449141279902471
15.171221191406254,0.3179332771473271,0.21586094301619352,0.4486194071434394,0.03249536276333567,0.06751905399654383,0.01158435010615148
15.191221191406253,0.14396631015553596,-0.005017371466352092,0.9358524967107287,-0.007721503930692551,-0.009050185418448507,0.03965481047882753
15.211221191406253,-0.3273274785477132,-0.13733924731401695,0.669028920474042,0.039734760212801645,0.015032987010081237,-0.013161791595990971
15.231221191406252,-0.1586898003197764,-0.16994055431935148,0.7925224797066697,-0.022281318123306536,0.008700595007281077,0.016527353795911904
15.251221191406254,-0.365130211058364,-0.20734593287128894,0.7685858908630053,0.04498883190643033,0.019821210734447724,0.03567624796888607
15.271221191406253,-0.016488860380929955,-0.3981439614714731,0.7304206554107253,-0.0003701847875613664,-0.028397424674974782,0.011953789826635586
15.291221191406253,-0.16224606626094523,-0.4491012391466794,0.6386435456006588,0.013455068578009719,0.030159581302084282,0.003406712727214726
15.311221191406252,-0.03951427825444225,-0.23846692846437326,0.6466944517243775,0.028913745053966745,-0.031635393960259314,0.014040418014563055
15.331221191406254,-0.34103523233285005,-0.32455791307732285,0.4419422110417516,0.005775273281010451,0.054565880511043274,0.034983928450182666
15.351221191406253,-0.2269409956766108,-0.4819309782906703,0.8996122425022738,0.020589191668772582,-0.017174280239160917,-0.01545109850691318
15.371221191406253,-0.3529188545127043,-0.3554095421495783,0.7656780400657605,0.013292386275266826,0.02245491943454961,-0.00545397491529494
15.391221191406252,-0.23826393355364936,-0.2760542154418609,0.7984486613234505,0.01753007881866876,0.002771487611657845,0.020906476612601785
15.411221191406254,0.08781989414528979,-0.5262001421064455,0.8904744794800501,0.020961942961134458,-0.004272404701106316,0.02164034537308737
15.431221191406253,0.37341324374284024,-0.4743323264266741,0.45249304017697217,0.030347176472889818,0.01671230810436552,-0.012820286390893701
15.451221191406253,0.27400977735154675,-0.536742956316064,0.8094588505325481,0.002306646993350166,0.008282245437118448,0.0008488575873283466
15.471221191406253,0.0921018643648304,-0.12223575363797798,0.727611162509121,0.06376511882356634,0.014537212675804745,0.022957098426468852
15.491221191406254,0.2764513980003684,-0.2637664812802077,1.0415080309033364,0.0026435864923052606,0.01640431121331539,0.03818808400851975
15.511221191406253,0.11312617250780482,-0.199496619357897,1.0080518816163517,0.06441462336388071,0.009152389098556682,-0.030816970791635093
15.531221191406253,-0.24280335748872006,-0.1841483500387098,1.0700544740905171,0.010604585131886918,0.006834684440524585,0.0065684189604825124
15.551221191406253,-0.24985562995456245,-0.1656027159884233,1.0338178269587912,0.0582334657414819,0.03578583707835892,0.02749725132960684
15.571221191406252,-0.4668114891079527,-0.26420327588550685,1.372159884986767,0.02371949383597588,-0.0008618972292439975,-0.04785978267906193
15.591221191406254,-0.1637770568497127,0.020924903494523747,1.0824971328009658,0.033605936820406586,0.031039888744600643,-0.014314223573798582
15.611221191406253,-0.07883747019439673,0.0027785839868332217,1.2329093342137027,0.05190272872845192,0.008022567740003898,0.027129349384541136
15.631221191406253,0.07356466408285642,-0.25403462810447763,1.2217867411980468,0.026451736032095514,0.017233748035419463,-0.017147223645502252
15.651221191406252,0.0508174705372234,0.027119473175359513,1.1830170938683446,0.03910840234364625,0.015329511907844932,-0.0424100886298035
15.671221191406254,0.21605597437847437,0.12792897446746251,1.0488548206914547,0.042430780911099406,0.025176199018207012,0.053117532495032774
15.691221191406253,0.5635880553616637,0.05121429766271846,1.0995337503893179,0.055434191625414526,0.018513098409108558,0.03817965224076965
15.711221191406253,0.10621541898117255,-0.1177967810533139,1.3276544241918735,0.032187583968375975,0.004801007642439611,-0.04517562715036817
15.731221191406252,-0.12355209541187627,0.1539849427374533,1.1755890466510266,0.05415131434338,0.010438203269352657,0.019530682830639252
15.751221191406254,-0.19366990319752508,-0.13736986643823088,1.1073911408670454,0.06490240204305346,0.00461075511719605,0.06782438920607181
15.771221191406253,-0.28389452946771143,-0.5418186581696808,1.0856173930564095,0.04132928637137659,0.03537494730299904,-0.04915635854170311
15.791221191406253,-0.14418415898071624,-0.3574720894979101,1.4411744377295073,0.03156011717666403,0.03445330614113896,-0.03825332824671598
15.811221191406252,-0.264388270783996,-0.16414794409193287,1.3042584070370047,0.08128885266853077,-0.013757047508709624,0.01637212591711055
15.831221191406254,-0.18814860961407848,-0.3960569321479234,1.3320767923142243,0.019780117763072213,0.032605977935987004,-0.02455821665942995
15.851221191406253,0.2424623250383613,-0.18125466267761287,1.304688350909433,0.05377439409548991,0.028469232178575554,-0.07338360765267805
15.871221191406253,0.18649686289616849,-0.1123579458592056,1.4308664311007255,0.036374334612466,0.002549961840153979,0.015744546194074092
15.891221191406252,0.29890439317424117,-0.2381207789876587,1.2323970312452988,0.05563333889289689,0.032803283103695076,0.015301167685639744
15.911221191406254,0.32953159661748777,-0.328596594686945,1.5443350582799042,0.014445219816748471,0.021571043679227783,-0.04413717550079582
15.931221191406253,-0.00876914903418281,-0.04082855278278206,1.6561180432893345,0.04711423234999891,-0.04478828877576636,-0.021130799746881895
15.951221191406253,0.04046607367929011,-0.12990442419242654,1.3430268681815531,0.02986836486946197,0.057681549153383666,0.08093329077384256
15.971221191406253,-0.15406973983068448,-0.6196463266468532,1.2504330643157247,0.04053096389039982,0.007990595068216835,-0.048774995119350115
15.991221191406254,-0.13144506661205904,-0.6034728482118997,1.2437728961164138,-0.0093205680191127,0.05230667834888811,-0.055462828950564494
16.011221191406253,0.39000537768322274,-0.11193718344248071,1.1525619153255162,0.055592247669179216,0.04372248345940698,0.017804404122947527
16.031221191406253,0.6013250992879019,-0.4669729377918411,1.5087542415160418,-0.013627903789058966,0.07570175889736747,0.003917637382985098
16.051221191406253,0.35257065018679784,-0.26855295294380116,1.2846523637384986,0.04037850602431361,0.035626499919798216,-0.10017414541370777
16.071221191406252,0.1677831475822344,-0.18442591591620824,1.5330184822012445,-0.025725021757038908,0.04574335724536177,0.016537413281120218
16.09122119140625,0.47663219740042506,0.10657495498509784,1.1969386985924526,0.06623104710920771,0.04850773795268199,0.021422010172061752
16.111221191406255,0.8597982048521614,-0.2070678079680965,1.6063562871549608,-0.041908697880514385,0.037809751296103714,-0.023013063416106223
16.131221191406254,0.806324528950548,0.2039593214244203,1.1571191041773015,0.04911501573883871,0.06870544447186619,-0.014441805492701677
16.151221191406254,0.49192013226446435,-0.14520785480041015,1.7209036602780203,-0.02162642791422775,-0.015726481462456907,0.06530554708316198
16.171221191406254,0.5156883444251129,-0.07373079480208876,1.0594723824472585,0.030481574689243285,0.08297321098876007,-0.024957734051702107
16.191221191406253,0.6783030717991871,0.09543314883208745,1.7606891871441581,-0.05464300778240414,0.02347236485281939,-0.018578384806587682
16.211221191406253,0.3981482527560187,0.4277697161169784,1.2422906388095787,0.052598387972059346,0.04678425362302102,0.052251378208186795
16.231221191406252,0.3276063570700153,0.08134390049619226,1.667126048291069,-0.047927797916987945,0.01737820596688753,0.058437227087050625
16.251221191406252,0.6407445465334972,0.1677809405991744,1.35700255436444,0.005921939120136632,0.06554072489601057,-0.03338970002313314
16.27122119140625,0.43339275066532945,0.4805854434310367,1.6942196648328631,-0.042836517380500636,-0.005100416132827153,0.0178951911471356
16.291221191406255,0.037198961919642226,0.37185454362983567,1.3837047800547975,0.014012286097496579,0.038749887976656676,0.09867602587401189
16.311221191406254,-0.32280436931184303,-0.258398143145531,1.6420235966289392,-0.04000301573102073,-0.018424747526057963,-0.005519328057151356
16.331221191406254,-0.15529744886338542,-0.1677994173039222,1.2217538263910026,-0.029412239707965637,0.042184290292282774,-0.0127934871520168
16.351221191406253,-0.058731328870400175,0.08134497530848671,1.6054777585479285,-0.050831627315220285,0.030439584043260182,0.010249011071032686
16.371221191406253,-0.04653776092572589,0.3552917046120631,1.772257950970491,-0.03425671871312788,0.004831453117372179,-0.006526040421759868
16.391221191406252,0.27520668657356273,0.4997013013360269,1.4692660008087146,-0.05598576978396152,0.04538275031916426,0.03878871618059666
16.411221191406252,0.20870794086685754,0.28046536599772665,1.5673917492783171,-0.04895958469616447,0.004724336292094798,0.03767846533954868
16.43122119140625,-0.24579313783229173,0.038817994982153665,1.425023953025377,-0.0613742804688679,0.019174435530112187,-0.007606762898836373
16.451221191406255,-0.05874568733744576,0.24806280815764606,1.1798829978548022,-0.0765935292067374,0.07336205597647133,0.015465444659915556
16.471221191406254,0.10263452786807835,0.2574206769534216,1.5020009988012748,-0.06002033971809115,0.014270379987724728,0.028991085417283957
16.491221191406254,0.023971184452791276,0.2284794451452062,1.3951566560513393,-0.07268691700498059,0.05343487269847149,0.027601727391341105
16.511221191406253,-0.2690895559638758,0.0592895841733901,1.554800169658499,-0.08360313928352169,0.011922088015519324,-0.00555874841418065
16.531221191406253,-0.656426357500522,0.11811463395601145,1.1899139283655975,-0.06689871754930705,0.027070910877597557,0.0012446520004623092
16.551221191406253,0.0009161658680817533,0.07630817583622729,1.019072040765931,-0.0815983897861505,0.025719977130883864,0.04570793816775774
16.571221191406252,-0.220841161273513,-0.12385444210347914,1.057951064936268,-0.06976340876980382,0.03300495828545705,-0.03940548691150597
16.59122119140625,0.10231039613184235,0.09500332099490794,1.2114648530748042,-0.09163852694463244,0.025983331885583827,-0.014466242158863404
16.611221191406255,0.6429900792860618,0.32339054458483635,0.9150395877011473,-0.04714317705238168,0.01697390175080312,0.034727823935466945
16.631221191406254,0.6937112420470144,0.08134283284440644,1.0125058788994754,-0.08890489584025493,0.02634461615565697,0.004583969435450434
16.651221191406254,0.46715731558983975,0.08326831031593443,0.9470978234464127,-0.05729386624651357,0.03536133095676318,-0.017418238459238455
16.671221191406254,0.1414685072500403,0.13507373567403475,1.1816271423458722,-0.07126528072543878,0.008067212363154684,0.02978015468183571
16.691221191406253,0.321204082205188,0.35593006777753666,0.9477980397174379,-0.039736337328238634,0.018535079616327634,0.03759091226887453
16.711221191406253,0.5470662953658624,0.07303380215605638,1.1095748824291563,-0.06843539733473063,0.020010746725523405,0.04200860137105227
16.731221191406252,0.3188468479521768,0.11405211105093314,1.0151172003923916,-0.04047434502397857,0.016863908784528883,-0.007089842830101146
16.751221191406252,0.2925552343489596,0.3815897085245351,1.0934962662708876,-0.06796204823374831,0.009727548390125743,0.01314647017470241
16.771221191406255,0.04255935866632305,0.5527872632537671,1.1087927226233234,-0.03350910176013849,0.044212343914427646,0.04592237480085383
16.791221191406255,0.08565855720864503,0.25667079462993714,1.252525162834318,-0.0509240619888335,-0.011171532240808765,0.029459763909197606
16.811221191406254,0.2349752724466329,-0.09196588808630607,1.0741918467768488,-0.04977129680947456,0.03584428571912713,0.041702622193179
16.831221191406254,0.5298601898525106,-0.032821453051317805,1.0095846063867728,-0.03351318332273026,-0.00946063718508692,0.02380423041208121
16.851221191406253,-0.23611108692029606,-0.041383891546627936,0.7638382511185521,-0.05636195319985179,0.07144962713361032,-0.012929187352677831
16.871221191406253,-0.22730192865804819,0.2990725776400422,1.1838040881028467,-0.043846894812203045,0.00907602045031308,-0.005902198102700201
16.891221191406252,-0.22018657749283405,0.5562785714728038,1.0929951220022738,-0.018817636569199176,0.026401806943524397,0.057096726639989555
16.911221191406252,-0.2908032790897731,0.21950810762762202,1.3394661717550183,-0.042039017419025757,0.023118115713543247,0.027430731458040303
16.93122119140625,-0.20559726559063574,0.3198124109109884,1.2561828666394954,-0.028518091924201513,0.01865945392686698,-0.035719096725133875
16.951221191406255,0.04790534151011202,0.6198006162806385,1.262065832704539,-0.04965508540075159,0.04980682994575044,0.03332212418631915
16.971221191406254,0.04619996637898181,0.3743254287957258,1.373686974870283,-0.0023313068200097715,-0.05026463779034622,0.03425020489110575
16.991221191406254,-0.645117763382561,0.04385026308392621,1.018710004505975,-0.048289704986122305,0.06817393342539273,-0.023138636085240753
17.011221191406253,-0.15587205674339488,0.054421311632486646,1.0547823312019498,-0.03302314331137791,0.01973189632391003,-0.0039690056087912885
17.031221191406253,-0.027044003306874145,-0.015870038137300688,1.1349780957592082,-0.0253452563490601,0.04725195888955749,0.007849540562388296
17.051221191406253,-0.3210117682778825,-0.018896003768641742,1.3317852001966681,-0.048569659159658565,0.010821140077155249,-0.09067227276725419
17.071221191406252,-0.1517152840130063,0.5479579853412688,1.36546584145636,-0.042519966726553726,0.07919160485666986,-0.015621122182227814
17.09122119140625,0.0616655578965815,0.5443124921805834,1.4597208536827444,-0.01922764059457637,0.016662430670399433,0.018754411290246825
17.111221191406255,-0.08888279579829167,0.2701422405264184,1.644939279889229,-0.058552164622941084,0.012404747697630426,-0.04163085372745805
17.131221191406254,0.36066935180406656,0.5978171377049445,1.2782150896613693,-0.034816322758768024,0.056317023810362556,-0.015271092296793513
17.151221191406254,0.8917190101231135,0.40366022360554626,1.5220968672333692,-0.04531221446345561,-0.006942996455361535,0.07441395659013372
17.171221191406254,0.044819287640662,-0.08466322705372643,1.087924741937299,-0.02841659261721458,0.011546135407717997,-0.049932539072047685
17.191221191406253,-0.27689150476366076,0.03860497032798314,1.1836475394121293,-0.09313487585013683,0.032187146091067285,-0.05604189221348599
17.211221191406253,0.058437189275564995,0.4774383730164188,1.099251973988535,-0.004594098935344272,0.05304052366454384,0.045275888433216976
17.231221191406252,0.11399603933437977,0.03811579053879721,1.4738121075799273,-0.0678688941965492,-0.014167224080526435,-0.001171469164601746
17.251221191406252,-0.3717624221550669,0.010483008727968191,1.3984158383467877,-0.06349738416904675,0.07238072187148384,-0.1174383125819123
17.271221191406255,-0.420324682909276,0.5756994963187279,1.7233188863569766,-0.06915137159411898,-0.015700521525646438,-0.03306365113721461
17.291221191406255,-1.101740188033932,0.3160099965224533,1.369115180699526,-0.035463300308497196,0.02740731357467181,-0.007129134623351293
17.311221191406254,-0.08942453464545849,0.12277403506260323,1.040104342695554,-0.07722326147297949,0.04099499780352948,-0.0535124511853101
17.331221191406254,0.35016755498345675,0.11179222140808158,1.3618307346947018,-0.07487660295761561,0.022111045020099404,-0.09603476577808112
17.351221191406253,-0.14655059520557573,0.6566920299357981,1.3807256533632832,-0.06294880934188395,0.01721970926911626,-0.1022825565584998
17.371221191406253,0.1677737485911957,0.8638009844616694,1.617638141838651,-0.07848634955449692,0.013124308014030308,0.030228075802509184
17.391221191406252,-0.13042414095654775,0.4162722306104826,1.3082759750376551,-0.03607803456633656,0.058756000334114995,-0.03160859488728383
17.411221191406252,-0.2418234251912926,-0.0032869135526579535,1.5956802341653789,-0.13045275068292814,-0.0009507059385405103,-0.11187813300450775
17.43122119140625,-0.03441496018233294,0.4297314038263346,1.0650400512107807,-0.03993631782464306,0.06685600949392845,-0.018925703057797037
17.451221191406255,0.281638720418829,-0.02292978349795042,1.1851183279671502,-0.08523429475985587,-0.028392569070484916,0.02200757626626957
17.471221191406254,-0.3056312233943395,-0.4485747413375838,0.5746252146059763,-0.05929788581742061,0.04572246338268123,-0.13933236181789838
17.491221191406254,0.056976293143657014,-0.11483388053294444,0.6571527762721197,-0.09147433810148346,0.0270779180588588,-0.06706413851000291
17.511221191406253,-0.15108192266881573,-0.19703807087897773,0.33965723509166623,0.00856873002179171,0.027367108240895447,0.017137559457314874
17.531221191406253,0.5533141356613093,-0.698096262632264,0.3197346288013208,-0.05710276194452876,0.0425603301452644,-0.0347382646507932
17.551221191406253,0.6410151403738307,-0.7895478381062977,0.2696731288768608,-0.012202912174950401,0.05388163223733638,-0.122320127666726
17.571221191406252,0.2047069770573322,-0.5937848653420543,0.40042605446120194,-0.007419599672472593,-0.023479760543503522,-0.04127976520799414
17.59122119140625,0.013202216407990948,-0.8763708157055846,0.36555906837084845,0.02066635020578646,0.042819833747512165,0.031037442841141467
17.611221191406255,0.44004646642415196,-1.0824247902310682,0.22784429301424294,0.023865176189358833,0.03748315602646708,-0.10316772526502244
17.631221191406254,0.04792351338843203,-0.8464914741372035,0.5256493486969086,0.0013166039884472262,0.01398346934067371,-0.10174212480359125
17.651221191406254,0.09570955136556493,-0.3287694919503846,0.2791128111506774,0.08805090605294141,0.029395880824290718,-0.01089882756462694
17.671221191406254,0.31021338867137743,-0.6886804535256171,0.31544482680299113,0.03799203053686451,0.0483712829395543,-0.014769119921119964
17.691221191406253,0.46896511925574785,-0.7586699646281483,0.5557331990833032,0.06984838613652006,0.06652232808222375,-0.10823999960749926
17.711221191406253,0.05578987785927552,-0.2924149236433615,0.8941558860252419,0.05889744781289877,0.010476674898198257,-0.09421752738316465
17.731221191406252,-0.20163643403082304,0.09705321594012432,0.6969215137065543,0.08801094922798514,0.09948631487301021,-0.008376849364749198
17.751221191406252,0.06068089194231173,0.0415239808028561,0.8849550009157457,0.09355920122050088,0.009536298026964755,-0.06906034738328343
17.771221191406255,-0.050228781928488134,0.032329818873716186,0.9582262004070632,0.06128647782373051,0.09033257853359174,-0.09793533963668287
17.791221191406255,0.11708089817134093,0.5578733061130561,1.0551227552806384,0.11743043364500368,0.047220411358536676,-0.04665879135823509
17.811221191406254,0.19925793075840134,0.15520379480740226,1.2760813574303869,0.076432118423251,0.04425809580075194,-0.006047310152410822
17.831221191406254,0.18330338584463388,0.281135681347791,1.3225267405989973,0.09168513131616839,0.0800804316740838,-0.1150741947031231
17.851221191406253,-0.24739635125042944,0.36929838881673716,1.9413974995852472,0.026985585022768266,0.06574993702179383,-0.09762852431231675
17.871221191406253,-0.013009915471738165,0.8903111229665479,1.9218105825607719,0.09309649692311667,0.010707308992639008,-0.024941052837757202
17.891221191406252,0.28347723879780934,0.37384639396251096,2.0041482907472727,0.002955270447148197,0.07161489902353642,-0.012073718701376366
17.911221191406252,0.2845625108699128,0.23015046420178104,1.8730858250698375,0.02934011187465325,0.05500935036089711,-0.11693201952937378
17.931221191406255,0.28823085674754173,0.2776715776797444,2.054826978775199,-0.036659464687596115,-0.0014260192425128338,-0.031036422890718004
17.951221191406255,0.5113045221900243,0.2476881009856532,1.8189413027304653,0.005118282581704609,0.04051641403815797,0.01547346949246765
17.971221191406254,0.8379401340511563,-0.21990997971216317,1.9242714421050073,-0.0750905538468262,0.005063790810915658,-0.05198135564374649
17.991221191406254,0.9887451677796308,-0.12734878797528393,1.2625589957536325,-0.042391947724777244,0.012620630080256429,-0.031165274962867615
18.011221191406253,1.0701289547282102,-0.37920524348322265,1.2032669455230829,-0.08177104124725112,0.002077146014051759,0.06768803692992022
18.031221191406253,1.5216113768299744,-0.5684361407014944,0.755919887944189,-0.06018972693866452,0.004092864494418515,0.011815806687285714
18.051221191406253,1.0702658794073674,-0.6688509889590447,1.1009759942311153,-0.13172309630634346,-0.012979162511245425,-0.0699060734341767
18.071221191406252,0.8415150707945326,0.07191633369131395,0.5836178647958676,-0.043879530895484783,-0.028849124915463997,0.07191982563588861
18.09122119140625,0.2755557715173305,-0.4348469813142441,0.5884264659593843,-0.08706957656787633,-0.010739226315435241,0.12995207967594793
18.111221191406255,0.3740058124565834,-0.8116212221598205,0.16260968703661893,-0.059680762826876364,-0.029352928075667493,-0.03279209307786658
18.131221191406254,0.5367265940966272,-0.49995837723167313,-0.05611526076667656,-0.08829077165584155,0.014717063163279651,0.046474138866656384
18.151221191406254,1.2615225306725026,-0.3464765745218459,-0.275395076397572,-7.114969065821196e-05,-0.014247481538985196,0.16717989999092325
18.171221191406254,0.4992703001427789,-1.2628269257803326,-0.1413231868051454,-0.04083496291777016,-0.10050851642064287,0.027045279995512057
18.191221191406253,-0.9047376513586233,-0.9694532005136786,-0.669475256385475,-0.034685649355121306,0.07189830292794361,-0.07969971747082773
18.211221191406253,-0.779361690721915,-0.0654260790298249,-0.015283519827976731,-0.004380114297769896,0.01734560472355587,0.06445669595942757
18.231221191406252,-0.07881041727495898,0.15960701733392677,-0.3011742741691746,0.09038668468672895,-0.06619910505807505,0.14072415608574634
18.251221191406252,-0.3321156129197479,-0.7799653311226605,-0.3091054392993487,0.013769181191684734,0.016315006721823514,-0.004694335274745174
18.271221191406255,-0.9157783698264095,-0.20066410321353428,-0.16679019238992202,0.07034782223117637,0.0023286064138194917,-0.08919094518834224
18.291221191406255,-1.571192449603404,0.30461498588160724,0.27980248396850343,0.07416005076835243,-0.03074159137514618,0.049706033264176275
18.311221191406254,-1.2555041774130036,-0.009934089000544703,0.18276432269714527,0.11596176544446105,0.04559378894463281,0.07420501198166546
18.331221191406254,-0.7409987151146135,-0.3667848783579091,0.6000716334213879,0.06768924722268861,0.02273812885085082,-0.10096917562321821
18.351221191406253,-0.5249294882533202,0.24871593235281841,0.6069310924410196,0.08519106491475194,0.020476962838971623,-0.0761580580376815
18.371221191406253,-0.7143530588262417,0.31707677587527955,1.1365427651370088,0.09608675543339334,0.02544383462114841,0.05957678662444836
18.391221191406252,-0.28998937690269505,-0.15454086215705032,0.8134190439224618,0.10152307396301345,-0.013246146110564058,-0.0640853518358529
18.411221191406252,-0.875974418157149,0.07805111018304982,0.7608128415219676,0.015633397095199956,0.12457427032748866,-0.15682328935275294
18.431221191406255,-0.6847582023545202,0.5824050639538538,1.4873349581236501,0.08916105312277307,0.04002119746405843,0.004844937354928971
18.451221191406255,-1.312931680236323,-0.06282154511764103,1.2710883116974705,0.09607503779381868,-0.07306628139122566,-0.009508770186196999
18.471221191406254,0.174265702453784,-0.7397849615692217,1.0138683536371649,-0.01731397472134015,0.10944420543520646,-0.053867223687319096
18.491221191406254,0.24700378922611957,-0.323328822592184,0.6540208208502845,0.10375259103482641,-0.04099207919832212,-0.1656543995101734
18.511221191406253,0.2697965305546571,-0.5896415017082407,1.1463723781100705,-0.07691167066226376,0.09234051966950435,0.027146602557041086
18.531221191406253,-0.5782654550649409,-0.38811005576293206,1.2030593801925187,0.11400191493036474,0.01166393477946266,-0.10370665919174875
18.551221191406253,0.35400217662590244,-0.8443316194070934,0.9743735178325847,-0.06669323031015223,-0.10912529660292386,-0.031352239250538885
18.571221191406252,-0.4192839948142057,-0.5692499085074503,-0.22159960406434853,0.06529227747521847,0.18139387678555222,-0.05654599076869449
18.591221191406255,0.718225147394105,-1.2982445380758982,1.7051901393527638,-0.07831812604324115,-0.14070726831162164,-0.06446873610627885
18.611221191406255,-0.5936820161274802,-0.3362079430841222,-0.5308848579476355,0.09208055652437598,0.16651804183966434,-0.14045161517048396
18.631221191406254,0.7870216655846883,-0.3581771482503258,1.2824973329902032,-0.12622376212758932,-0.05328212434698775,0.03886383461831824
18.651221191406254,0.029100850370429962,-0.37059247509948995,-0.1914251066922365,0.15858705875808674,0.09617071155561725,-0.07095861488843905
18.671221191406254,0.6772590949019301,-0.8015121081845455,0.9811650099611363,-0.16575454497832487,-0.02601327459324491,-0.07466459909337674
18.691221191406253,0.4486840942818824,0.05301076815050919,-0.1291120261566346,0.13948906814056314,0.12096010719301621,-0.07311617811217827
18.711221191406253,0.6695744290110717,-0.196242325264408,1.1058076094298568,-0.09377450314260395,-0.07242049888554039,0.021985794916346318
18.731221191406252,0.4217045513266899,-0.3239758395886087,-0.05273527450297226,0.09494788643514845,0.1120352797821399,-0.03068954236671844
18.751221191406252,-0.44988258836324513,-0.13888998750545684,0.6346991671815382,-0.026882536839722422,-0.16130800112785162,-0.14930960224955542
18.771221191406255,-1.3035286112180058,-0.05270539513878509,-0.3888844600193129,0.03878459523280876,0.2136820301052215,0.010553344429574651
18.791221191406255,0.11835857844405817,0.17468466482072675,1.3293519374698732,0.02705802992501694,-0.06263589843736676,-0.02802571711867081
18.811221191406254,0.5600023705775905,-0.22191183065537468,0.5494602882616726,0.03734100969148718,0.0167269910386582,-0.06176427520285568
18.831221191406254,-0.0963971198047025,0.21944932657851904,0.7511157883479241,-0.011588748956371905,0.02556720980513068,-0.13850479314007016
18.851221191406253,0.7476765952835439,0.57364101919954,0.5902116767255765,0.045463681131982896,-0.015206663067905768,0.04356680409878968
18.871221191406253,0.30263648302010643,0.12991100849547957,0.5945170423018941,0.015546137418183077,0.062033990197192815,-0.0010679595920530137
18.891221191406252,0.2653878055029616,-0.4825581820664462,1.4148857160772015,-0.01989511397149434,-0.0480131488475385,-0.07388022179586158
18.911221191406252,0.1263346872582193,0.05567238390766084,0.41528011275721194,0.04173267692306504,0.023433651454421733,-0.025685546639967062
18.931221191406255,0.28161000840167916,-0.3416814019414827,0.9074716058276926,-0.05639656652290612,0.008441830766606095,0.05038427438712898
18.951221191406255,0.07759924134040397,-0.37251150181161696,0.48256031995184967,0.06341934657682625,-0.017419496980534365,-0.05612983333337748
18.971221191406254,0.4063214198383455,-0.45255423090983415,0.40463421992135606,-0.0651882408868748,-0.022344540809755096,0.0025171160081737722
18.991221191406254,0.8787371036743027,-0.2603123333250027,-0.10604348451071752,0.055087413753437946,0.053846984792605454,0.030738840585822765
19.011221191406253,1.0332912301283403,-0.30593441327545123,0.7358113290792664,-0.049708765730594545,-0.060592814150921166,-0.04994223718731028
19.031221191406253,0.47557220221376184,0.16995615585596235,0.26387984351029525,0.03268141203444966,0.005501618426667875,0.012447492144671151
19.051221191406253,0.7285395921339862,0.18752883382342864,0.7202701159370953,-0.002840174192791672,-0.06829931583940226,0.10214390397106646
19.071221191406252,-0.022003241599437836,-0.3078535385527139,0.412737072936327,0.010441155726100472,0.04239115460233946,-0.010341917073466371
19.091221191406255,0.05914193888248151,0.11663844904747825,0.8299462732558298,-0.038419527658239305,-0.010171325303339081,-0.048664616821921386
19.111221191406255,0.28422861197877003,0.7874027018176476,0.6649635920769599,0.027516072105955924,-0.040025446418293406,0.06190084112265422
19.131221191406254,0.037089227635013,0.4526018884610105,0.7146249206455891,-0.012196847061801542,-0.013358816632415763,0.04487323159860561
19.151221191406254,-0.5981784184221619,0.08329916575740957,0.6704036010619071,-0.007136548146623658,-0.0022368941366784746,-0.04072656927121232
19.171221191406254,-0.5548580033942389,0.5286214371109501,0.7859202347771652,-0.015677798959737612,-0.01419687011547003,0.01322181424609912
19.191221191406253,-0.017710321461355923,0.6627594271870015,0.6890262965563424,0.008974265162846308,-0.0026146483579838854,0.06935961698728982
19.211221191406253,-0.6001239377202345,0.09971311035488178,0.9841671433692203,-0.02535396821412711,-0.012074374678212768,-0.03342623643427855
19.231221191406252,-0.8833208268631112,0.33993729974382486,0.8367379613764175,-0.02059300835593725,0.005121045659457896,-0.013300355934483135
19.251221191406255,-1.3732840396544492,0.36912657896963874,1.2431289207299134,-0.022893302880954643,-0.05106410253460691,0.004300746109611269
19.271221191406255,-0.5577208244761293,0.28265085389979366,0.8725463855166941,-0.01618527851171537,-0.0031972515238459314,0.022247536458684936
19.291221191406255,-0.47629779534581473,-0.09187152534973417,0.900127513049127,-0.05908953521001862,0.04131863657460156,-0.044415782005224884
19.311221191406254,0.04620827490654335,0.06957499397776884,0.6328014073858264,-0.0347395975134021,-0.0012807021425871464,-0.03995822676917882
19.331221191406254,0.08582322046838332,0.0710113544793396,0.6232629027851952,-0.04714580178295078,-0.06760119468523038,0.005295793005513803
19.351221191406253,0.18025484201446376,0.047653429772705015,0.31807050668027564,-0.041505777600373356,0.06374529565100534,-0.006329815514218976
19.371221191406253,-0.05678683941018062,-0.0671096574021172,0.5125314677782895,-0.06149232144244167,-0.01394626575874761,-0.08728251150392458
19.391221191406252,0.46899227818195666,0.2468486414835736,0.41432338574523137,-0.04476139859398566,-0.0010300835137705966,0.014500269416449604
19.411221191406252,0.8643867424258586,0.22740939808782343,0.3663057960625702,-0.021066293097603463,-0.044618244563168416,0.03097468501888975
19.431221191406255,0.3559893362034291,0.051075476410330396,-0.038244320764955465,-0.05075790477662456,0.06226529071742481,-0.05493221228811834
19.451221191406255,-1.0428968483151808,0.29369217795181857,0.49982669398490526,-0.0444014688680438,0.017772331371524033,-0.07045068857758638
19.471221191406254,-0.7460325842828378,0.23961162614476023,0.19676311764978685,0.01385309617129757,0.002518992010136137,0.08083184222810513
19.491221191406254,0.2451118614471506,-0.5739625219543698,-0.16353919954685633,-0.00311864764824529,-0.031246940290410277,0.03530825924460124
19.511221191406253,-0.0016198884653527811,-0.8009272217408664,-0.35263517826373914,-0.011009697818096569,0.06866930137667931,-0.1355611258305973
19.531221191406253,-0.6776989254708491,-0.029823874955327265,0.36147131433069385,-0.002787397008011742,-0.015129056410575268,-0.05968871571680032
19.551221191406253,-0.18695991405182089,0.2566271476120193,-0.04579171593618962,0.09151526083400213,-0.036913878224201814,0.12259866686662914
19.571221191406252,-0.37871003633624334,-0.9245380984101718,-0.05579081833629203,0.01738920820141297,0.04476249975840337,-0.0031049584273724097
19.591221191406255,0.4590369895713694,-0.9566567690880871,0.08800965803253141,0.017822636673715482,0.04726940260906282,-0.1751038028283329
19.611221191406255,0.31037544694368985,0.16557651959397304,0.07517818140621996,0.05232697692821608,0.048217183060588004,-0.007789221467292959
19.631221191406254,0.7357078405085753,-0.2280647967093155,0.3722821548506202,0.07480077045331122,-0.06400238526900422,0.10667246509666926
19.651221191406254,0.3381207944736459,-0.7118983570552988,0.016864031967263007,0.053720110085772876,0.1750475616295354,-0.03630285296691374
19.671221191406254,-0.04317125954246169,-0.5644548010890107,0.9241952633976773,-0.0026354670714442163,-0.053954997615829,-0.21010839760408478
19.691221191406253,0.5788718718298865,0.5281931645408587,0.38879468828576574,0.09379951541742026,0.06883802831402255,0.14039054841470416
19.711221191406253,0.7701799615898254,-0.06085677314851906,0.888128969571399,0.0652577749021054,-0.0012875491878138337,0.11506093604411383
19.731221191406252,1.004013506086285,-0.549058822128246,0.3747861273848373,0.018623511920372777,0.1092545645676504,-0.1246534349364079
19.751221191406255,-0.44189419925907697,0.5739669171939418,1.1089750271687244,0.021144899396608047,-0.03510468052261479,-0.10600060242246438
19.771221191406255,0.4589150279948024,0.8796508811375621,0.8012572613061221,0.07946473115531993,0.06642142699087357,0.26191024156732795
19.791221191406255,0.21919373877724307,-0.40954368297922733,1.655854083757011,0.00536340779476061,-0.01073000734877008,-0.05178150359595624
19.811221191406254,-0.30534376570588,-0.3753963456186337,1.6408516134988753,-0.059651370813386465,0.0014105878647444866,-0.2185959839688033
19.831221191406254,-0.1363715330610879,1.3153826098325878,1.1960530584536595,0.0016696477843337486,0.04843857746779784,0.077348906419583
19.851221191406253,1.038505108644052,0.5556596652333814,1.4611561795294667,-0.023039675103512527,-0.05086230909836613,0.19872338656661256
19.871221191406253,-0.0284398077101493,-0.08059145300900887,1.3614008990896032,-0.06391335941895268,0.053894881810686114,-0.16862217674577953
19.891221191406252,-0.2748366204081909,0.7460172300189262,1.7110008965223644,-0.1367468375415973,-0.025927702571964212,-0.057938220811554836
19.911221191406256,-0.5228468209895483,1.474274699027689,1.2978231556710573,-0.0007909184776987729,-0.03144287632892652,0.17818969403295715
19.931221191406255,0.689947096684048,0.44783112050848134,1.7588171489456994,-0.15847574351118363,-0.053857628839384046,0.06599048603080906
19.951221191406255,0.03634323238357323,0.7528700190900093,0.8115272733265839,-0.09790507647043535,0.038676911169177215,-0.1837970665440797
19.971221191406254,0.36683152803534,1.4827534876902297,1.1641888638472042,-0.17522653661147788,-0.04112969355851029,0.10988500155959399
19.991221191406254,-0.45270364809296987,0.7079684024774991,0.6393041971815373,-0.026396289969499803,-0.022889820960285235,0.16680037811328705
20.011221191406253,0.50155192015794,-0.07646897701930987,0.7890703530542843,-0.20795448893162027,-0.046137764105662116,-0.057204050202753175
20.031221191406253,-0.5775046552734453,0.7367319745119704,0.13491540650865988,-0.0971950590894452,0.06258985898142772,-0.0773626086211017
20.051221191406253,-0.39126024974896023,1.1502348838230076,0.032169265393075235,-0.10131106141539571,-0.0427800297225258,0.1840417389427203
20.071221191406252,-0.1909074219962906,-0.13615088476195164,0.050102670801454724,-0.08385055057880463,-0.04803111621506054,0.07583876942972288
20.091221191406255,-0.2770040464041828,-0.29168239111669203,-0.30205155429268554,-0.10254938663600077,-0.035828002548459435,-0.20921913339498996
20.111221191406255,-0.05943568450717101,0.43217373628436717,-0.6665340397873414,-0.09409726095633157,0.04659682414252019,0.05095730709402147
20.131221191406254,0.2750894317597997,0.23284728231273807,-0.6407654951687516,0.032383983471912084,-0.020551369146039413,0.1481414751873916
20.151221191406254,0.146017063271704,-0.8804069650332149,-0.34881649527509206,-0.07088313411542899,-0.09283303194606735,-0.08667777644613202
20.171221191406254,-0.1738339394675564,0.22553834979488135,-1.0385493900585099,-0.004786623309963707,0.15032411729513748,-0.1032422584594486
20.191221191406253,0.07439327184596267,0.412606831928064,-0.09552587546632277,0.03060615701116209,-0.08523674435948601,0.1591229694525713
20.211221191406253,-0.37119971958553616,-0.24033815716453433,-0.745111772782063,0.09115224228112769,-0.015989497599772647,0.024817566648068744
20.231221191406252,-0.4149574966895912,-0.386529459155578,-0.3341152453148543,-0.02543485862482606,0.06320241625432585,-0.14419001259360995
20.251221191406255,0.17047395501160514,0.614013439815518,-0.12287457615225127,0.09799334150155073,0.08820513036043329,0.008838405917183226
20.271221191406255,-0.17062845199311252,0.392849507421079,0.5477406448993661,0.0800868657777165,-0.04514982504093541,0.08412108018841737
20.291221191406255,-0.676193454970866,-0.22309901237202562,0.3182316813632145,0.06292541635886832,0.042250966673358176,-0.11141973379258095
20.311221191406254,-1.010358095880737,0.5374092897821939,0.8037778140757564,0.0445594082324602,0.058130875008697895,-0.0985872673960649
20.331221191406254,-0.3467837158228952,0.6000017301270699,0.6534454757575465,0.10682221169979403,0.010484323618239547,0.07086152247650367
20.351221191406253,0.12495522420223616,-0.3331474596194015,0.7483870294982369,0.04960100220784165,-0.010259852059149858,-0.03966752946383115
20.371221191406253,-0.47426457267732014,-0.5072768279134601,0.7268651366867876,0.020339868552484788,0.10644168901948016,-0.18298763410003557
20.391221191406252,-0.20463519932209576,0.3162635225912994,1.1449797947607552,0.05596373484039915,-0.04282067020583557,0.029837502511567277
20.411221191406256,-0.6103994900329403,-0.2811848233545186,1.2119903555268812,0.0579188625220124,-0.0031278400982890846,0.06495814376388485
20.431221191406255,-0.4222648561186096,-0.9006165104373496,0.9380573968118816,-0.012804856645981641,0.11024652869792387,-0.13898334063836507
20.451221191406255,-0.14546594345464187,-0.4063761476665831,1.1303067487329228,-0.011849144352574231,0.0053669252857846085,-0.07911475341315803
20.471221191406254,-0.004218435582961808,-0.14751181377092312,0.7277210646923056,0.038342116469438095,0.024156824594235873,0.07688135737565296
20.491221191406254,0.12015741410612261,-1.0041567641174265,0.8139669920794138,-0.04711505644091519,-0.0017096008072934677,-0.07103692778427056
20.511221191406253,0.09995097044690048,-0.7025226203570749,0.33305413060507616,-0.028513365218829217,0.04387133931985571,-0.15867326038671412
20.531221191406253,0.7081105997860577,-0.098264006204597,0.4287289822891959,-0.03653276808742499,0.04288897125680953,0.04288478024276581
20.551221191406253,0.357702360311053,-0.7162268726660228,0.7050153816172982,0.010275449612438575,-0.10497637373422913,0.008284571403779
20.571221191406256,0.02691349392741951,-0.7612368231195789,0.22994138290779223,-0.04623527152032347,0.05053129184215504,-0.1093131690463884
20.591221191406255,0.30091246743416006,-0.007236310193429789,0.09537653671159022,-0.03152689508012094,0.03012167160822624,-0.051378442842363
20.611221191406255,0.2934265185252133,0.3401084474011529,0.3408788141131688,0.02722256213024774,-0.062332380093739315,0.05127801761286866
20.631221191406254,-0.19568494303827721,-0.47487876514153915,0.2682881267025492,-0.03862761447586728,0.05763823943020843,-0.034091750273273214
20.651221191406254,-0.31407356399984404,0.03869984471566411,0.2291780674509934,-0.001981395250461635,-0.01750950156462621,-0.13369914231918983
20.671221191406254,0.11914637752750971,0.32669275210128934,0.27574397961081887,-0.018818305367479294,0.058348068550403184,0.04726828267259656
20.691221191406253,0.17097531059341772,-0.02617337342578174,0.23832051274245689,0.054701033171115986,-0.10000802433720453,-0.009477276230108852
20.711221191406253,-0.04246422885420757,-0.26847819931183575,0.3344142282925499,-0.0445976536975695,0.0617844326334257,-0.04066151332521073
20.731221191406252,0.44504252875730144,0.23755703527706873,0.026082058598172322,0.04852556770563772,0.045453218414069664,-0.05212246918582208
20.751221191406255,0.069292809447267,-0.12045626474765943,0.45415042109818726,-0.026936574187754032,-0.0062323058787079515,0.004942923089339994
20.771221191406255,-0.2693230062730646,-0.00946607244166484,0.1386042519369037,0.04670078594227775,0.050571629485621175,-0.06285000973738544
20.791221191406255,0.028102595575939464,-0.23948916143078205,0.43723430738727087,-0.03774402903205517,0.02969018427249402,-0.03088889812628219
20.811221191406254,0.2125593523332768,0.29447573471403576,-0.08241095033798988,0.06073045175196396,0.0601820968830368,-0.041795366947356985
20.831221191406254,0.055053787116200625,-0.22355630909884758,0.6966545546138488,-0.047201845605009486,-0.029131683363922606,-0.04697522282161875
20.851221191406253,0.7346286893642548,0.08531208981503903,-0.052332723205835895,0.07113677701561318,0.0655025425369916,0.010001980970267535
20.871221191406253,0.9982274538670042,-0.02593240139355058,0.29621745616125583,-0.021220897115555526,0.023343124281529723,0.012468418838810768
20.891221191406252,0.37580610233022294,0.1470643301255873,0.2515016265882522,0.038686207324816875,0.04925869455041597,-0.027247975550536537
20.911221191406256,0.45861660561317724,0.15753455439554903,0.7916427675432671,0.014782594003601646,-0.12721562339778225,0.044465766200729916
20.931221191406255,0.17316685277704383,-0.027246493105549132,-0.18274445218650984,0.05283721849644207,0.11264286288425934,0.07291563192205534
20.951221191406255,0.04300253227039408,-0.27748843930887596,0.5384787515484827,-0.0087815277339447,-0.013550612279934031,-0.03255439050094446
20.971221191406254,0.29441767437029026,-0.013534398010031796,0.5057763106292659,0.02689738085412016,-0.014913330237936576,-0.01104060563848649
20.991221191406254,1.0011219246074379,0.3100322308547954,0.21857991345263092,0.03765812857694223,-0.022012792809342666,0.07880975162389567
21.011221191406253,1.3498676290416254,-0.4618160695128579,0.2317993952013426,-0.0009889877973016836,2.5193466130381158e-05,0.05968573026875282
21.031221191406253,0.33835000934784903,-0.2042975746285917,0.32115062401054734,0.027768135520003213,0.00996120873021814,-0.08437550112959108
21.051221191406253,0.6088527581550822,0.11223926719968172,0.7049311569294907,-0.016315359610214977,-0.08015517942322069,0.10362093509140999
21.071221191406256,-0.0033086610708158164,0.2687716534203613,0.3687669343632995,0.07598173632022535,0.018331400653687425,0.09061673445627408
21.091221191406255,-0.10059725303246507,-0.4191059745141438,0.5633258781357772,-0.040637188992416966,-0.00646087661622118,0.03115377385051479
21.111221191406255,-0.27361194532938726,-0.03313621530462226,0.10179385950928929,0.05093625852417657,0.010653587743617984,0.028978136638602273
21.131221191406254,0.8329468632136169,-0.38286097939362523,0.21111241451152254,-0.013378291704341521,-0.04507055558569047,0.126012254706288
21.151221191406254,0.36782135178512826,-0.8518905215672766,-0.5613192605080196,0.054287650135833934,0.01332876727104084,-0.0018143917647577357
21.171221191406254,0.884920196650235,-0.6880016450960701,-0.0508100809625756,-0.04323731669642964,0.007871533694543999,0.035509006435961
21.191221191406253,-0.09440498219115312,-0.2957667833383611,0.10104112141000668,0.07336206687339601,0.05096415830603359,0.07581782107747914
21.211221191406253,-0.21557736399369004,-0.5078641341396125,0.5485658618585438,-0.008132845566733994,-0.11094876991745921,0.04812597280026402
21.231221191406256,-0.46213476922768243,-0.2006283239626958,-0.24368717284320532,0.06082550703692817,0.13373388351039958,0.09353142797156229
21.251221191406255,-0.16441427689165275,-0.544604852088939,0.6244153562884212,-0.0012905767047584453,-0.10502996150428215,0.02046705133922436
21.271221191406255,-0.37067175130867763,-0.36771269701952886,0.19189014231507634,0.04987179431740171,-0.004284091148076695,0.040834884964602906
21.291221191406255,-0.44587019282374246,-0.28857422263290705,-0.014844745802289174,0.0306818723123428,0.03749748286075223,0.07719171963765178
21.311221191406254,0.0221263817500584,-0.5621657614598041,-0.11308216076203208,0.04908330102940762,-0.023253553828203554,0.08510359865996973
21.331221191406254,-0.3221303817730281,-0.6761768122265486,-0.04034400534513336,0.03344513084297565,0.014028834274399132,-0.042948342721955295
21.351221191406253,0.4417119800482142,-0.09523659165476728,-0.23508545954293603,0.03923653261522568,0.03850189074030443,0.0713555480601898
21.371221191406253,0.16393524201374812,-0.2844551765263287,0.166057102632303,0.07869845536603826,-0.006165838827362797,0.12242571108212424
21.391221191406252,-0.34895577267039013,-0.8928535963846309,0.6532987132345467,0.019152786737905447,-0.031626172277253256,-0.03269342350667771
21.411221191406256,-0.2641028751795515,-0.23805264042006608,0.35400138086013594,0.025561587339427524,0.08589748772805365,0.0025512066029223747
21.431221191406255,-0.06503849551476934,0.01763705750436942,0.7477104454689167,0.0507983576023656,-0.060744589142952075,0.12375469507919958
21.451221191406255,-0.022360780604247996,-0.5322734302346994,0.2617750628200329,0.02787379875753833,0.009817321630325204,0.04555446585222557
21.471221191406254,0.06184219557315038,-0.5088161919482691,-0.05828745740748705,0.01208079906921747,0.003714223020972899,-0.024716942462787408
21.491221191406254,-0.4320274495854006,-0.6618861502949143,0.14836675858374512,0.015615286923261492,-0.02260237961630281,0.015651440855196177
21.511221191406253,-0.4325961076724419,-0.5687303512682081,-0.41500322936633527,0.06979220084916068,0.0014719249961412109,0.09915506321029027
21.531221191406253,-0.14137474072381084,-1.302628513454095,-0.25796763950605933,0.003649936065732126,-0.018732430719567473,-0.009755852789943079
21.551221191406253,-0.3118695125139566,-0.6279878739656617,-0.3146309190076368,0.03187540591206766,0.11944585119553103,-0.10645983255641259
21.571221191406256,0.45042694253274923,0.03092915303820734,0.4837412690166689,0.015149226677085218,0.01834769227363006,0.10105705681902862
21.591221191406255,-0.013937251338263375,-0.2800074302655457,0.11275443072341038,0.09592928712615893,-0.04323019493667079,0.046048365776062326
21.611221191406255,-0.009371612876536504,-0.6281117517876483,0.40511514088955003,-0.04382704697325254,0.08767520275639143,-0.018170686125967516
21.631221191406254,0.08238480086359071,0.16782795851267335,0.3817423977644197,0.06370003018924683,0.008912195996853795,-0.037902007261340145
21.651221191406254,0.18236200275433662,0.5723323422472381,0.5113804342111715,-0.002969345685059591,-0.03631623915597091,0.0960647930494346
21.671221191406254,0.2110836310193903,0.23627083728026077,0.10179894097298155,0.048672594488569476,0.06210616574094657,0.047245263140912666
21.691221191406253,-0.3397013306895843,0.18919632697513736,0.37887332521777417,-0.006983686294459184,-0.04199495045123355,-0.0640128609975331
21.711221191406253,-0.3639534491705345,0.5577220465232328,0.3406592429317069,0.0065282490477488655,0.03911190176448945,0.03347919234757499
21.731221191406256,-0.1264819306842446,0.5685498354848234,0.6823488875024919,0.024486997089015302,0.007190201875741468,0.05205256146936076
21.751221191406255,-0.09465705246449246,0.1700109781352308,0.5976173214930228,-0.01405713382794084,0.01882160480553826,0.027923788405302533
21.771221191406255,-0.06973134987835429,0.15806936935009627,0.8393971010394348,-0.022166296363871206,0.015232634635012182,-0.005776182957186425
21.791221191406255,-0.1665015722292544,0.18813513364682585,1.1027856988467053,-0.04514478124670128,-0.029261042917559037,-0.019831288109129177
21.811221191406254,-0.012119716154677482,0.4349882090633126,0.4863218004252473,-0.03970189464435313,0.048455762798590346,0.028328420134894592
21.831221191406254,0.9291270478646086,0.48210178736919357,0.3568200641065385,-0.04388562434993521,-0.05763448242984718,0.06825909146378631
21.851221191406253,-0.5101170629313485,0.05998361687407803,0.281416425138054,-0.06653660923978222,0.04506945902517176,-0.05789326285272993
21.871221191406253,-0.05640902845395282,0.5745750640042787,0.03984826658438771,-0.07156055113935249,0.025627749353549386,-0.0034092270629376645
21.891221191406256,0.0531321993318256,0.48623835556097056,0.09426666809399042,-0.02534101712799688,-0.04360546288245332,0.10029609370799344
21.911221191406256,0.03431524816577862,-0.022022269952741976,-0.34903925121265394,-0.03318701027098133,-0.028914398649423155,0.022287822886622666
21.931221191406255,-0.2524435333106821,-0.24651964183750052,-0.5166588679897106,-0.063803474880283,0.050188871070735434,-0.042424611522001346
21.951221191406255,0.12067396642151626,0.1330224479117595,-0.4409687255061019,-0.007469179737706893,0.018210279180161586,0.046336738357349326
21.971221191406254,0.4176444560474525,-0.08306613957581256,-0.3720611406931005,-0.010019735722462618,-0.055892853732236604,0.03888456970532849
21.991221191406254,0.13525030016978237,-0.1587051287397641,-0.8200346307429046,-0.005759813834674906,0.06749635377296528,-0.02445907489827787
22.011221191406253,0.6374564681282515,0.03430883553076541,-0.3419944055628385,0.0064796808578516584,-0.014214848629092489,0.07064276747705904
22.031221191406253,0.27435201111202023,-0.09537144469878724,-0.5319173453457453,0.0518558941158826,0.008677180884313903,0.05665527655199231
22.051221191406253,-0.44748067089767923,-0.04466633047641509,-0.3550311290653494,-0.011812500787940083,0.028586448462523974,-0.06557934594963014
22.071221191406256,-0.15070651595631057,0.4311751923675733,-0.0590620715422221,0.04794946976050264,0.014845764570551248,0.04740482630871797
22.091221191406255,0.209194782991118,0.3057419316185552,0.06413620335850871,0.06277444222168012,-0.01304584510802304,0.12617898090109908
22.111221191406255,-0.6658460413789138,-0.39448058443328515,0.061805155689537324,0.009943847877017792,0.05307116643628113,-0.09396679910630461
22.131221191406254,-0.29407719328074894,0.34950959749372046,0.16477019136338433,0.013723432820638244,0.04325837260532648,-0.05290771769712478
22.151221191406254,-0.5974700130385414,0.43783968519265876,0.4744705610835354,0.07266524766622035,-0.03758521708953526,0.12161891803115578
22.171221191406254,-0.5626317487969232,-0.4193693156042682,0.1535722889972455,0.02262708266969335,0.05892935208765401,0.022877914468422862
22.191221191406253,-0.041597458120841646,-0.5783923528626248,0.17062984379905835,-0.00538033411626074,0.01862830214970935,-0.13041008169603424
22.211221191406253,0.4846500118840733,0.12365262195935589,0.2651899021556304,-0.0006976783298876307,0.04946132931181724,-0.00252271264137826
22.231221191406256,0.0527741515908122,0.2890124608526288,0.60322187080219,0.022919385306282188,-0.013377552095168102,0.034132976802661114
22.251221191406255,0.16786286283460242,-0.09151202495084208,0.5418493061487307,-0.019788562847686583,-0.015210833560838974,-0.007538962070920014
22.271221191406255,0.2450716406003405,-0.23709790272628561,0.23808891104552543,-0.0012439710386041639,-0.008514408760154978,0.006604303308578209
22.291221191406255,0.1929005266246555,-0.45012598761961065,0.07853848585643224,-0.03598785899502996,0.012771793990822325,-0.014011804655291303
22.311221191406254,0.25036016255141136,0.0590460348954659,0.10825015550802626,-0.020677800377871074,-0.015698467232038927,-0.040708579712568596
22.331221191406254,0.995192514725464,0.17550067913470643,0.003920226061182131,-0.009567323057378127,-0.010229767171287993,0.10738970773816589
22.351221191406253,0.707768014227015,-0.34374776659144396,-0.3464086641390818,0.011845672359733241,-0.02266269258805995,0.03998868523717781
22.371221191406253,0.670862158738558,-0.5935491708536048,-0.2805968490520368,-0.05386906154564815,-0.007907420385673204,-0.03852604528701568
22.391221191406256,0.08876714598611901,0.17954652817050154,-0.2860752069629074,0.020723937346505777,-0.0038411549889564457,-0.0016617686568595172
22.411221191406256,0.308331099457689,0.1681278403625465,-0.042659049814186695,-0.010122572382666128,0.0020332469363843206,0.15290239168523387
22.431221191406255,0.7293998652963498,-0.284203955744442,-0.4251829620142739,0.04868136568883558,0.011886674615378044,0.07695404369991632
22.451221191406255,0.0032114050877812424,-0.8545831053148724,0.23302970539470347,-0.0617543288545061,-0.023100076569863764,-0.06209859722275343
22.471221191406254,-0.5717673176072785,0.2984744583739093,-0.39489741882688123,0.05339243256627435,-0.01207241213764619,-0.012121858035587173
22.491221191406254,-0.5237828919645986,0.5674562837253798,-0.2340134815206391,-0.013561218772459761,0.02911368514651296,0.12958063335360964
22.511221191406253,-0.35969005494483064,0.127074266619677,0.2679116054234482,0.044908592789887986,-0.01133875504144618,0.008351109250283751
22.531221191406253,-0.718158136214176,-0.006189187979484605,0.26010995387100827,-0.030061390557948424,0.06482712688921552,-0.06350735287768866
22.551221191406256,-1.0403275587146465,0.28418894811762113,0.0540654592327538,0.03512964351062589,-0.07366249874601574,0.0064598000446148066
22.571221191406256,-0.9702209376336669,0.1012913669003087,-0.2637870433348006,0.01384025085601264,0.06529544946159382,0.04017597276003564
22.591221191406255,-0.21861701693539,-0.20632707980711426,0.40959238527748926,-0.015555749597179903,0.02367807536396509,-0.06070223319039276
22.611221191406255,-0.05715568546953602,0.3871407567207762,0.32086667077042613,0.013333911831397623,-0.0009791088346102188,-0.09923991741475771
22.631221191406254,0.3240713127998566,0.5834933554160672,0.12644557123459418,-0.013555074603055177,0.006673840067548948,0.07000825359571987
22.651221191406254,0.32027877039068964,0.03730357216641716,-0.010718324463862651,0.03784346930833263,-0.013971030863455091,0.021656410599650233
22.671221191406254,0.4818352979201388,-0.341401918116276,0.002115541375703901,-0.04642624858916592,0.02819534405167333,-0.0673972255434891
22.691221191406253,0.21501336232063087,0.1643315131042081,0.24207481324093466,0.010150553220525585,-0.03163642994924807,-0.013290248192137918
22.711221191406253,0.23865986613998985,0.3086659151037666,0.050539980914347866,0.005319970346040081,-0.01033821192227697,0.06909401611508009
22.731221191406256,0.34054605306915225,-0.1949517941815412,0.09037823302663656,-0.025763509037230677,0.02065835046321954,0.003038143705247912
22.751221191406255,0.4710633636830627,0.22581721993780976,-0.29706828929035556,0.012393700600301219,-0.03577767480492727,-0.06489888893948868
22.771221191406255,-0.5142727740652504,-0.011336706067108319,-0.23112590771369776,-0.027614215693854326,0.03603131329850359,0.06786242734461735
22.791221191406255,-0.4922269707454663,-0.14635784653278383,-0.26510716472338963,0.05339122188587657,-0.025325224709992666,-0.001721789356843969
22.811221191406254,-0.26638551494474594,-0.5923596153400472,-0.01904161654683489,-0.060880647190559814,0.05985254298828295,-0.03719709780142107
22.831221191406254,-0.5014208954547151,0.12822188258736356,-0.176230868950676,0.050790977934151625,0.010916739579052797,-0.07568032303332954
22.851221191406253,-0.5117597728924428,-0.02661659514356636,-0.16014470681035897,-0.020702707069431753,0.014341709288949187,0.06205327079446378
22.871221191406253,-0.27092116843118214,-0.24857041081936332,-0.5098599495361932,0.06256816180671185,0.04357184064567843,0.004083825586254343
22.891221191406256,-0.1390274516831602,-0.6218732267939161,0.19674742847670215,-0.04339641768032472,-0.016778813112856426,-0.12007216346105691
22.911221191406256,-0.4375507597120676,0.031150962759561432,-0.6063154076134843,0.0650487915313094,0.09064604692892458,-0.005221468091631835
22.931221191406255,-0.5082702008241092,-0.3348019653034844,0.2780287657369554,-0.008886695797373594,-0.06133038940213935,0.012924372113843233
22.951221191406255,0.2645396723328674,-0.3959992892045727,-0.5377660666404743,0.052417057926776846,0.11236928265581492,-0.031151323638285475
22.971221191406254,0.687842299670322,-0.2217763099731947,-0.03871836557265104,-0.0036449235450199675,-0.05131885513780268,-0.07206806564093006
22.991221191406254,0.5348429967232541,-0.08487727886624168,-0.26462833035614414,0.04418098009495212,0.028148927054579626,0.011390131785121192
23.011221191406253,0.35493130493894826,-0.06470323712221691,0.26413413009143843,0.026789389014589028,-0.02113992574557398,-0.0007025304529846531
23.031221191406253,0.17949188412850822,-0.2701392280992496,0.013921673437808273,0.023425197810268965,0.01362821539700082,-0.005081658182350346
23.051221191406256,0.5242010377940827,-0.199780700090309,-0.20349406579490567,0.04755015998109295,-0.06280933908836865,0.023950521302684533
23.071221191406256,0.3935026609779418,-0.9102391083819539,-0.4114266625381435,0.012922713438049972,0.02927099028003264,0.03034750925034487
23.091221191406255,0.1387148041291564,-0.5705845097253586,-0.3025912748309649,0.035062119672369656,0.009319993616883519,-0.08194293215780789
23.111221191406255,-0.0962454815903151,-0.3168117384691309,0.3544988536281826,-0.00860942452243444,-0.007912341358355298,0.004882409192269621
23.131221191406254,-0.30192963933009614,0.15103788318626307,-0.2269528658361375,0.09006325129989178,0.01816160086551583,0.06592625216214074
23.151221191406254,0.7723595357092934,-0.7472240907881306,0.22183760043600625,-0.03157441897017486,-0.05395186494246289,0.05342720142868954
23.171221191406254,-0.01959746738258988,-0.3384472737143224,-0.4925656831703568,0.07073669413396391,0.059428414734424465,-0.10699140033364561
23.191221191406253,-0.1640475751069635,-0.21968723552274835,0.2935533388408475,-0.05816806102621796,-0.028098053645662074,0.04920786994545805
23.211221191406253,-0.10578571584358563,-0.13255065531291507,-0.5210978192552678,0.1363178088955494,0.016936636857818054,0.1171092923265138
23.231221191406256,0.7702500588263883,-0.9876701831536077,0.051351335450240974,-0.07022837357156168,-0.042732991349947895,-0.018559534959697963
23.251221191406255,0.13503960057368378,-0.2504141415241842,-0.8054434323503574,0.08220976877960372,0.07185236701563316,-0.08851431570359697
23.271221191406255,-0.009046239600510488,0.11439611778687285,-0.10115871238645127,-0.006609795779166341,-0.04707899141943694,0.11549637750940261
23.291221191406255,-0.15275742854118832,-0.29543953160117786,-0.3399063133912489,0.07765943196656179,0.10997262483513012,0.08707310893430788
23.311221191406254,0.3063527961577895,-0.6470561749979532,0.6384498536389626,-0.012049575354452786,-0.12262051765222842,-0.08284228107761953
23.331221191406254,-0.0446064204750622,-0.2562884294471548,-0.556948366863933,0.055388694067263634,0.025610593226107356,0.03455738592941182
23.351221191406253,-0.06462230088684663,-0.2695887585818881,-0.11438973669982391,0.019760208015284473,-0.010150112508431638,0.10001927588001748
23.371221191406253,-0.38563021779649126,-0.488693159422999,-0.12470945149983421,0.0318023694338975,-0.011302126890621196,-0.06677370639643167
23.391221191406256,-0.11917407348266848,0.04024213826766217,-0.1342801330368297,-3.88407635849473e-05,0.025128411049175067,-0.015375166990725766
23.411221191406256,0.15335525263072727,0.0803261790927201,-0.15021890821758463,0.06504832910897798,-0.004398698013394655,0.11736066879315517
23.431221191406255,0.6434106894305615,-0.3982069338784292,-0.37670647059397677,0.016000375300102274,0.004242368976699021,0.00815785567423757
23.451221191406255,-0.34310652563805055,-0.42951651568811755,0.025694260511920797,0.0020463466633148745,0.0003883236879776746,-0.06510357485027837
23.471221191406254,0.05649409552349071,0.06731844160296714,0.01071783963787231,0.04917802549818723,-0.035408453485721976,0.08721332698427309
23.491221191406254,0.46705978162624573,-0.1701045425542947,-0.14033507692147018,0.02580058873199821,0.006740120259115819,0.10454194225665824
23.511221191406253,-0.457139623648,-0.6600060897052465,-0.13991563373784022,0.005536155847064889,0.0005648690296834036,-0.10732210905730695
23.531221191406253,-0.6121326330401251,0.23824580293439546,-0.207498237360433,-0.003499398344871031,0.04147320687441667,-0.0023046943916970233
23.551221191406256,0.4777243010788969,0.4861975136629184,-0.011821659864147136,0.0531888173366414,-0.015508405505089268,0.16555853386246921
23.571221191406256,0.47008050543713875,-0.5259624600106617,0.1455502223394106,0.009969743456416463,-0.009823850357160468,0.0178004452946188
23.591221191406255,-0.07578402256599125,-0.2634361388968737,-0.18165188672614488,-0.02182698014883101,0.04523732165209024,-0.1264044043212713
23.611221191406255,-0.3740619021839489,0.5680579348791073,0.056243287059954676,0.014595921258274164,-0.044199128552579105,0.07124316567219152
23.631221191406254,0.0191893240394878,0.38204267520518814,-0.041907809692554476,0.03330637141204635,-0.003958242681124812,0.13140569306154382
23.651221191406254,0.02284633840506518,-0.27990616792508927,0.24295327870783848,-0.036582071137881124,-0.003168871270482396,-0.09562010158553036
23.671221191406254,-0.08647201308867215,0.500089495062701,-0.05692691968892695,-0.016914837124000354,0.056097402436124925,-0.039647019341289266
23.691221191406253,-0.21645462397480536,0.42488882063706385,0.2871421681552921,0.00989365619436591,-0.03106051229352163,0.17263863668874313
23.711221191406256,0.07475319146497733,-0.3018825497782052,-0.4916617206267288,0.0018220881185559746,0.03474139259587514,-0.00916931680188282
23.731221191406256,-0.3802934765101696,-0.103172767897417,0.14429094159578904,-0.10112134318542643,0.041912747355733505,-0.16119198170294965
23.751221191406255,-0.4814717047480517,0.9008290698771894,0.3651802526901918,0.021410297026828562,-0.01685375315823315,0.050991369342739144
23.771221191406255,0.09143214440705207,0.48702043258194205,0.08032592637255356,-0.013622990731057097,-0.04948282734862144,0.14075603421827712
23.791221191406255,0.29224177144026414,-0.2830603181972555,-0.5593232027481849,-0.03146495000026937,0.04728238915452268,-0.06702895372127655
23.811221191406254,-0.434127443571515,-0.014093423097001687,-0.08904349750904753,-0.0499278702867477,-0.007968036917666817,-0.053455961011496335
23.831221191406254,-0.1333127522151551,0.2454226825599465,-0.4525656193083954,0.03013222231997902,-0.0035211240225094167,0.13086647683195737
23.851221191406253,0.0190505058258648,-0.0662917002052703,-0.4721844473141262,-0.03759389419343553,0.028293725615697145,-0.03166434989444417
23.871221191406253,0.07062518356516712,-0.10323014320194553,-0.27957252731599547,-0.02281233439071981,0.003423047876265707,-0.05478454437545748
23.891221191406256,-0.22226303351323332,0.13442773380078413,-0.7218128059149784,0.04093932367621834,-0.019245405528093763,0.06234934590196614
23.911221191406256,-0.019219344784690583,-0.21783051110562637,-0.40110307718195565,-0.03869338256087815,0.038024044168451065,0.010913014248588475
23.931221191406255,-0.3283708904976147,0.3471336173378871,-0.2517242233972617,0.03883687435995933,-0.019148547166893515,-0.09976268589086783
23.951221191406255,-0.2144720990519609,0.2818522025178022,0.36404762401709534,-0.041069439081778285,0.01648384582730239,0.08259270279189208
23.971221191406254,-0.07844988949715521,0.5095334361293274,-0.49227690651671374,0.08387985074722853,-0.013514503760420672,-0.02238527024289287
23.991221191406254,0.18072096134458585,0.3309886729159064,0.13224408262965803,-0.11214733218223111,0.017002468969537124,-0.06620817119223023
24.011221191406253,-0.6948002029118343,1.0430937117324772,-0.25478809741109054,0.10680770558750728,0.010736997099420584,-0.014710179766303356
24.031221191406253,-0.4144859387343859,0.22816244070333563,0.5419690732286132,-0.07992894650542587,-0.06009227062744783,0.08820419156889887
24.051221191406256,-0.7201596779834019,0.022427325439424748,-0.1852426851076417,0.05309640062993398,0.055756182647806046,-0.14420046531676955
24.071221191406256,0.4674492727180339,0.27235905769121554,0.37860867729211967,-0.10583196019621384,-0.007817414016655116,-0.011876567163823163
24.091221191406255,-0.3543713846361315,0.44178066985999037,-0.4340559593623509,0.09099560181123349,-0.02316094406050231,0.03625180502236153
24.111221191406255,-0.07796680807973339,-0.3645550625982045,0.21533560581964184,-0.12147699924046289,0.0039033037424386534,-0.03850773350442546
24.131221191406254,-0.5835272884312205,-0.36370121676397454,-0.3522845728646335,0.035930018772057766,0.0183140120274101,-0.10041939384406744
24.151221191406254,0.5000846906241043,-0.19698667830554448,-0.125748857903358,-0.06332985865809262,-0.0975870233938774,0.08409060991762139
24.171221191406254,-0.43604803868955916,-0.4741238247175523,-1.0863274772687836,0.04359736387326194,0.0537483648806103,-0.023267184455817793
24.191221191406253,-0.2304346199560523,-0.646743290778952,-0.5225213827776163,-0.08313933071189103,-0.026148197008796628,-0.09245475113714674
24.211221191406256,-0.6655412917330845,-0.20011347708408078,-1.1240490314649476,0.07010669966488893,-0.004902587140724997,-0.004189977639288447
24.231221191406256,-0.350090562326742,-0.7229934917175206,-1.5481694000924089,0.005184898893577714,-0.06952233166454513,0.02053315890493694
24.251221191406255,-0.6934030183357731,-1.163660542426849,-1.4195606049031402,0.011007367940404748,0.11953888797836384,-0.1336896606297334
24.271221191406255,-0.7173106499870334,-0.5020588188819489,-0.745423688401397,0.11147525341372676,-0.17586965172293725,0.009325011911265765
24.291221191406255,0.24127109855595216,-0.881178447204799,-2.791035264436321,0.1495135415586096,0.06981886555438883,0.2630435413058435
24.311221191406254,0.49678177732065115,-2.6996137864582623,-0.8498721631654682,0.007527455728029071,0.05907282907062725,-0.18733061849306182
24.331221191406254,0.16926359820371573,-0.4990738547790479,-0.9457826753238241,0.15019286965373915,-0.054467451454669503,-0.31886764452073635
24.351221191406253,-0.9524540050696386,0.3008829163613138,-1.1021064050385387,0.09665908943341932,0.07782792554720509,0.29474262845849464
24.371221191406256,0.5134994130109182,-1.5908701024074592,-0.6739659128318646,0.20895516175112505,-0.010913719341785956,0.18381998076262293
24.391221191406256,0.35424074653916116,-2.591280935945852,-0.8965901764943197,0.06342175890243461,-0.056721394581909564,-0.4285394970780137
24.411221191406256,-0.08187795287826884,-0.1528846188954895,-0.7615813519620569,0.06825214479875806,0.1311479439708881,-0.05420334433875136
24.431221191406255,0.10320378429499781,-0.07113062782007613,0.15646324912377474,0.2605172998278034,-0.08242462548684897,0.3430961899645935
24.451221191406255,0.17583066058128793,-2.266502689506138,-0.6546977707693539,0.07314008509921414,0.003936054634671928,-0.08051267212189758
24.471221191406254,0.19767754810266824,-1.2208646466486182,-0.6971127414787086,0.04673300029238048,0.1269279815148483,-0.26167672923720914
24.491221191406254,-0.05852579630155522,-0.09033233224681325,0.9162423879683713,0.1349084740205604,-0.11443921589667637,0.1548561229811204
24.511221191406253,-0.3301203601315634,-0.2945663574101482,-1.0395027227278946,0.18390468231232746,0.08234251673377026,0.228015349479078
24.531221191406253,1.8415826174105916,-2.358868272306823,1.2683443072780092,-0.1200334721196114,0.07440428346060718,-0.012813464318182673
24.551221191406256,1.0194985367716303,-0.41185539325562226,-0.1186504693694453,0.23160265722381812,-0.20196329078246264,-0.2533715552499984
24.571221191406256,-0.042817753580680885,0.03553036853828186,-0.2879570927400408,-0.1731830935859424,0.07437705066806387,0.2571875239358176
24.591221191406255,0.9588058706700593,-0.015613639291557953,-0.05660781540530097,0.23518102528983317,0.01262202929851551,0.2347999774163394
24.611221191406255,1.4464506423142234,-1.6039462268840046,0.9898710718621568,-0.13726663149625332,-0.151821702726029,-0.035557789284097197
24.631221191406254,1.1798915085581072,0.20918704478973335,-1.5243471523168564,0.06869163596295075,0.07816033509785883,-0.018542296727876353
24.651221191406254,0.42729633918868354,-0.09987219426745055,0.19904865529820598,-0.05522456745484521,-0.18619763553068666,0.29320626015433604
24.671221191406254,0.15062546062433285,-0.7889040625000091,-1.4766311867634125,0.08725042724508296,0.016570975464159136,0.11161503585351405
24.691221191406253,0.07772010101412434,-1.1147389882428658,-0.07363511634573641,-0.1524555832428374,-0.0781018969070902,-0.10522526068815612
24.711221191406256,0.12282137342777312,0.6219290991949394,-1.1044993564102092,0.10557532174352427,-0.019895693284377545,0.14581369938621383
24.731221191406256,-0.04817752694347303,0.2743979724527393,-0.5137431829041078,-0.054935073379320416,-0.005923327481003238,0.29447249410506543
24.751221191406255,-0.40022708326297873,-0.6573601334560647,-0.7355241192942931,0.045625447687857854,-0.06505347321129959,-0.018352946680127023
24.771221191406255,-0.8039695759320398,0.24292506247795684,-0.43828406072116644,-0.0737336879552546,-0.0493592423748112,-0.009752804866046958
24.791221191406255,-0.7293268992819584,0.9320954093086428,-0.8672125182562757,0.08591460734366661,-0.05313283366175989,0.25138291653014266
24.811221191406254,-0.9582962881563981,-0.04522815548689135,-0.8699645224886561,0.012716269901424493,-0.013926066613050432,0.15622511571761985
24.831221191406254,-0.8598047266380596,-0.40375879606174003,-1.0077293116006067,-0.006014398509064355,-0.03040965162686025,-0.07864386648147582
24.851221191406253,-0.7404521247230802,0.7587946750290628,-0.9438118875491142,0.03425714479461382,-0.00740810876799095,0.08863013143960162
24.871221191406256,-0.45620471390335254,0.5250015783752682,-1.3612620789130236,0.08689189335107703,-0.03607336426033653,0.1911513433689578
24.891221191406256,-1.4992533754047812,-0.9553645661344681,-0.8209360894599061,-0.013906862166333871,0.016704034367926328,-0.052780289063472006
24.911221191406256,-0.98844806833542,0.10122890505577492,-0.5107528464130966,0.03630957666093557,-0.035225282777433586,-0.10376144073464884
24.931221191406255,-1.2459518438023027,0.8105065575777518,-1.026987098185491,0.0657798098790538,0.05227330492058374,0.1369442753312358
24.951221191406255,-0.47433958252200636,0.06744627480004335,-0.7379170732752944,0.05343041812659047,-0.05919833265386671,0.09412687382805086
24.971221191406254,-0.9193670986806208,-0.5518386869438354,-0.6232974497422037,0.023968966038840734,0.04549656576919883,-0.14257113423933993
24.991221191406254,-0.7918909624780832,0.4949438917466959,-0.7534095675171331,0.018347025171852476,-0.05072547765109186,-0.09011342939014289
25.011221191406253,-0.8601592552276301,0.1307563704002582,-0.8626890375567802,0.08750752884814851,-0.04164172989548065,0.13730701611978402
25.031221191406257,-0.43112450597947005,-0.6437827523429013,-1.108423478814942,0.032638769750827815,0.06969397006420569,-0.00934742825830085
25.051221191406256,-0.706518617795685,-0.6941510521396741,-0.75187412776548,0.01672214705941986,-0.04151894394085295,-0.20776097208649605
25.071221191406256,-0.906360030851388,0.2751322255810097,-0.566396951660809,0.048224859519229925,0.03884845351493526,0.0713168257063728
25.091221191406255,-0.5779132027957857,-0.31546355586699293,-0.5037691202701203,0.08470075264980037,-0.057961198318018776,0.10406960356685153
25.111221191406255,-1.0756048727502385,-1.122084027062817,-0.6209527948922735,-0.006122977489631727,0.08271496125007645,-0.17443141820957458
25.131221191406254,-0.7928145031861252,-0.2753234161251732,-0.3784250977795672,-0.005512824518561114,0.029504187266973517,-0.14482830204806138
25.151221191406254,0.05714700401663179,0.10181478309346625,-0.7887356603461294,0.08902658355617368,-0.0675310232405276,0.12179414656458314
25.171221191406254,0.09006076190920886,-1.0441958649386707,-1.4099875025880597,0.007615120520267044,0.04605302881135459,-0.030483184484099705
25.191221191406253,0.17591401948281707,-0.9876460023138754,-0.9153854731189572,-0.011492353584365489,0.014349512532341463,-0.23085550712575
25.211221191406256,-0.1695228231663122,0.09577545237653126,-1.2699982181360319,0.0657742846865881,0.027444275531667187,0.02955820070169388
25.231221191406256,0.34473666693514443,-0.6010588577614635,-1.4349639794207618,0.05194293670254141,0.023199257033597355,0.13532354659553725
25.251221191406255,-0.17706223963179213,-1.6054232881943853,-0.8755711168346157,0.029276688289630013,0.0008906305159271365,-0.18115780818947616
25.271221191406255,-0.23174428215216922,-0.5018861770631103,-0.8240317598381107,0.00468862452193511,0.0006108871970299599,-0.10564298735692307
25.291221191406255,-0.4562021670010294,0.06731736372851001,-1.4789177751682603,0.09652269719650172,0.07790346643803428,0.12449335164866357
25.311221191406254,0.16207581375462538,-1.0640233711647258,-1.06644887339842,-0.008844489830585335,0.010512821486416565,-0.050580204860995334
25.331221191406254,0.16036624073939446,-0.41253721946530425,-1.3907499456522359,0.04138698599674642,-0.003130000450737797,-0.23007130994765007
25.351221191406253,0.4593697369430659,0.4129300837788693,-0.8442279449479746,-0.002903694881857033,0.02172195593864882,0.07993065886491826
25.371221191406256,0.5932434682580977,0.24040333193418406,-1.1023850234698354,0.11254356436472661,0.006441217110546992,0.0527763235703119
25.391221191406256,0.7258825431777101,-0.6612259550780053,-0.8207038120835617,-0.05495336498290345,0.010630864349217858,-0.12727931210590546
25.411221191406256,-0.08999042589058714,0.0788182961856972,-0.870912362738378,0.06269737638638798,0.05433065743383502,-0.040474469063318655
25.431221191406255,0.5724352586685739,0.2309514610206006,-0.5807090490783446,0.01621870964552466,-0.024075533554644323,0.11885422832132188
25.451221191406255,0.4525983689090145,-0.17436784028748384,-0.6299216504996382,0.012617891989268893,-0.008173344769308267,-0.06835101151764063
25.471221191406254,0.753549788556473,0.36641571144102764,-0.4096110702061371,-0.03202505415515947,-0.003967646801780951,-0.053796054018746445
25.491221191406254,0.5428995188364468,0.8304854970494843,-0.9101010563454757,0.036454412865518634,0.05960823593744007,0.12690634474555035
25.511221191406253,0.9136977442618786,0.17551944572221936,-0.5072477491631923,-0.03289999052290663,-0.07835286263403796,0.08253345216990544
25.531221191406257,-0.7297297432043354,0.17305423046026944,-0.8535164848506968,-0.022096636913420648,0.015877864785777466,-0.14342499299083572
25.551221191406256,-0.7442947518846275,0.9143752600134175,-0.33518373770994103,-0.0726935482558461,-0.053428039252009785,0.057895548751252884
25.571221191406256,-0.3342164335463895,0.9949213981430641,-1.1229905356522876,0.05245719298283782,-0.02946156607283414,0.1277602322816659
25.591221191406255,-0.10193108717839344,0.034178508572848494,-0.8283065423508795,-0.12926198824588137,-0.01285435449186702,-0.07282135872960872
25.611221191406255,-0.21723585895845338,0.9078319275857231,-1.133605750613332,-0.016908801443082516,-0.01864379702660202,-0.12186336526912682
25.631221191406254,-0.22283152980022655,1.2388039081279663,-1.007602384196738,-0.06066291257843712,-0.07508962154124327,0.13044768188143305
25.651221191406254,-0.39654620253888956,0.6192954328791695,-1.5772724921639727,0.0014206965897341744,0.06831287646936071,0.07056334175364547
25.671221191406254,-0.4903579929826179,0.21886787017588136,-1.1704902408416988,-0.10021618198384215,-0.013710086236706791,-0.1306862346447041
25.691221191406257,-0.655004547921829,1.178029293318109,-1.3936820531731795,-0.02316725843259917,-0.042798742871815794,-0.015103550323650822
25.711221191406256,-1.2339738817399724,1.0212602065985283,-1.3894003259162917,-0.02465032572103959,-0.003706663198994092,0.10038166585849773
25.731221191406256,-1.0193750107111352,0.1611286615372606,-1.5902986547395297,-0.04107322931133335,-0.0012721376732870205,-0.07202329604183354
25.751221191406255,-1.1854630215696076,0.6862679337554837,-1.6788324403381265,-0.05497425048193957,0.04456872872776194,-0.13985697972145558
25.771221191406255,-0.4917709393054352,0.9245234913151834,-1.306783699020214,0.0038399906860683815,-0.06197975940731977,0.09274592128760846
25.791221191406255,-0.8302664573650836,0.28744232029550537,-1.837262145958218,0.021328527114356743,0.01025106945439431,-0.0114445109345643
25.811221191406254,-0.37736897928137025,-0.13899323968903501,-1.7470272379727214,-0.08736953347844005,0.03182805996775679,-0.1953791604034562
25.831221191406254,-0.8086049524722544,0.5315827437257986,-1.7613071633538873,0.035942196883825224,-0.013342090423359102,-0.08327179233583859
25.851221191406253,-0.39293806172231943,0.31196968825525656,-1.9939275752872048,0.005161477304740344,0.024364673670511882,0.07357419620818956
25.871221191406256,-0.8829256000590547,-0.6579718626176021,-2.201132801199201,0.026884143180907524,0.010963690254433892,-0.14896341087404863
25.891221191406256,-0.4304892794248651,-0.4795566967920818,-2.0127109526025926,-0.029619397905857343,0.034298396534343044,-0.1738032597735728
25.911221191406256,0.35511052381140457,0.05693657661033666,-2.110080151514632,0.07220711433853592,0.061204678641684135,0.03780905550325383
25.931221191406255,0.16547191279817478,-0.9048187321707748,-1.8236554178445308,0.058594214936604334,-0.1308109720899804,-0.017954834486445644
25.951221191406255,-0.8004715267863246,-1.0507423209058486,-2.396618602930918,0.029881392486899902,0.062355755894320755,-0.18189749739994054
25.971221191406254,-0.7548376803051717,-0.33895471988874004,-1.5389107055352362,0.04212510973299829,-0.012265712969689563,-0.06097553960168398
25.991221191406254,-0.5822037073679147,0.05773266114016656,-1.8269165314049425,0.10449802734905833,0.08942339177879663,0.034268553149762786
26.011221191406253,1.1835128514473614,-0.1883347011320284,-1.3798543541976764,0.011879875494669088,-0.03494964356772755,-0.1101154945495731
26.031221191406257,0.956105686835303,0.1031215419671036,-1.7724261530706629,0.07304857698184895,-0.014238238407001814,-0.14090721239206988
26.051221191406256,0.17046210981110624,0.19118445347377333,-1.5370198972138378,0.03358872722869103,0.05899287267523981,0.05724674847496129
26.071221191406256,0.6061219757824448,-0.462613743210324,-1.5289744991687675,0.06484791156862499,-0.007555347100701881,-0.056882638522327326
26.091221191406255,1.1422014533166367,-0.1296428017412653,-1.43939880737669,-0.016509214563411825,0.03971480596218917,-0.13261544261122016
26.111221191406255,0.7750624516575748,0.3821673774705874,-1.173419578468175,0.04600417137390394,-0.005702075688782246,-0.001332201087429258
26.131221191406254,0.5974530284836984,0.19945147814576336,-1.2609682494753922,0.03426182621484808,-0.009699982759489025,0.08383415638114605
26.151221191406254,0.16896924672349015,-0.47601614050691815,-1.4387659036055216,-0.010417669725512502,0.010558486934906769,-0.052189931900046595
26.171221191406254,0.24564119258371153,-0.045367488871968474,-1.4299758546170622,0.01102780835092423,-0.09467946260673356,-0.03760611665900335
26.191221191406257,-0.009560544051123374,0.08884113652441437,-1.492955897183483,0.004104773089941332,0.013326391688767498,0.12526249306316312
26.211221191406256,0.29947924724718666,-0.18667396402218894,-1.3902039748748114,0.01489227128912595,-0.05764918625076925,0.033233434434209196
26.231221191406256,-0.5954421094868203,-0.5983863747286289,-1.5889012167692833,-0.05086889625638146,-0.0773937571819409,-0.09851916383735397
26.251221191406255,-0.46554853158980175,0.274785834536503,-1.7287724068399513,-0.0020048975974133205,0.02556915056618174,0.10583890035913371
26.271221191406255,0.5881898491888607,0.44709264200126186,-2.1892385041857794,0.029580774307690825,-0.0814621488694107,0.08990942895717688
26.291221191406255,0.14857719876106595,0.1113520452845912,-1.6645191738358622,-0.08809466459488487,0.023877304460341857,-0.09191151585822983
26.311221191406254,0.5603528226266911,0.8742233406824705,-2.037587916699304,0.05249720154046441,-0.07376842720378594,0.08980200075825558
26.331221191406254,0.02157347038248495,0.22797612578799353,-2.2259848794932595,-0.03134909393903561,-0.025264728150737138,0.15613047423022045
26.351221191406257,0.5490440262523321,-0.028923394784576624,-2.2352336219215982,-0.013828911767971689,-0.0229981068881179,-0.05950789525807337
26.371221191406256,0.16680294003723273,0.5950330847793412,-2.0479471714735,-0.03146537761063002,-0.05716073030349984,-0.0011913200908131448
26.391221191406256,-0.43016937574154074,0.9382091734410674,-2.2953056298704406,0.045556110622906015,-0.024674873353546553,0.19044689430583445
26.411221191406256,-1.3248113024925743,0.044550261745665946,-1.8951576172440567,-0.009643132597923338,-0.06668623051645674,0.023960428713841957
26.431221191406255,-0.46183314599710207,0.14574453924901815,-2.096102694980472,-0.031062777590266936,0.053767256781631176,-0.031797869214045565
26.451221191406255,-0.16567537317170425,0.41345417042658206,-1.8260518154536443,0.01395125483574432,-0.07962168660735316,0.06327994825051707
26.471221191406254,-0.3232614934758013,0.27393035213877953,-2.325230160171255,0.007448867491581811,-0.06853591939929567,0.054537845932912866
26.491221191406254,-0.9954835788051811,-0.11133100421215694,-2.493531615743034,-0.02346252647618726,0.022233639289126212,-0.00684117928980659
26.511221191406253,-0.6605373785086088,-0.038409574628245034,-2.299210524186157,0.0190777290522293,-0.058904146861195085,0.047368457034342386
26.531221191406257,-1.1820877228830204,-0.11731624811450675,-2.440817070166661,0.0058829866683119255,-0.017833140019663716,0.02319366064139711
26.551221191406256,-0.9395411934464628,0.017989769219097198,-2.4909251003255104,-0.00861018273106234,-0.030430010857440147,-0.0684694406138915
26.571221191406256,-0.6532627329765579,0.13273520333771252,-2.705221632790725,0.01467838213027502,0.03856086251440327,0.03613531763803441
26.591221191406255,-0.08965867356486093,-0.28891749087200236,-2.031071755671235,0.008572542157510117,-0.06911375890275337,0.040475910109814696
26.611221191406255,-0.07978483032971186,0.1392382585681176,-2.429041687843161,0.011164354126856917,0.0560693903081215,-0.08807104659021654
26.631221191406254,-0.0713107683250585,0.8394849502909351,-2.190833589865799,-0.012690457867923869,-0.06294888859501147,0.02827325695387091
26.651221191406254,-0.4776691189671012,0.756984621052247,-2.061759031903655,0.07322035276841836,-0.03965275946676324,0.14475906063675684
26.671221191406254,-1.0031994295353928,0.01229675828308982,-2.1815674492326615,-0.00564175820694708,-0.0648293474576164,-0.02714527517360363
26.691221191406257,-0.8502472106897514,0.2322946359048905,-2.3442779060778625,-0.01634593017396017,0.024545736946624645,-0.07760391685320431
26.711221191406256,-0.009093916584322586,0.902875255005183,-2.1465847325579785,0.04252617728032747,-0.038511222061203776,0.07533264828526963
26.731221191406256,-0.6612058152172193,0.32348937274875045,-2.213436890638657,0.012593247492911568,-0.0060438227291286385,0.03494413161427056
26.751221191406255,-0.21874419995850006,0.29514298267904615,-2.2785106217251467,-0.01370917824922424,0.0166739828712166,-0.08704212930117954
26.771221191406255,-0.2868804395836082,0.5229618955821712,-2.1437006128104557,0.010840887058755619,-0.04841297735612425,0.009857885716403045
26.791221191406255,-0.9520005235554813,0.0872188558254692,-2.30922487166073,0.021784384101381216,0.01202680755858634,0.07080067941999278
26.811221191406254,-0.45681368151927604,-0.48483271139900164,-2.2521405264482137,-0.012448129701543426,-0.05073846486907351,-0.052020759231502615
26.831221191406254,-0.5471393925697913,-0.21751751421423027,-2.6866677393516616,-0.004558501557540191,-0.015411005118364785,-0.09362069667401494
26.851221191406257,-0.9421101321052517,0.11344844564905439,-2.6419501293600303,0.008204510774343463,-0.0387315287518114,0.019327369636667934
26.871221191406256,-1.0074069904028464,-0.4494518087190533,-2.631700239498663,0.021434807520316613,0.022813404496010235,0.024700348577325167
26.891221191406256,-0.11867748709449367,-0.3331258706200586,-2.4785590670164352,-0.0065161440956725885,-0.0650616801262117,-0.12281230627538203
26.911221191406256,-0.18465938089465847,0.2340160712422263,-2.6881412681387995,0.009251781924676343,0.008431511605602791,-0.040103628149610604
26.931221191406255,-0.029076638990929125,0.28173116613798144,-2.915184766061261,0.048380414198127095,-0.03735808278750291,0.05093124644023998
26.951221191406255,-0.24471934128284015,-0.2707471289388977,-2.536161323630503,-0.011422790951128572,0.06296817639307598,-0.002850032982963131
26.971221191406254,-0.32548205964328536,0.13076190048035954,-2.256252170344961,0.03227677596353479,-0.06735201362535254,-0.13913487132157062
26.991221191406254,0.10139790845019045,0.6100095037361087,-2.4844056418463483,0.003933363595856682,-0.005254625880300166,0.08026627341130528
27.011221191406257,0.07374460897902874,0.2904056761974905,-2.5145066712420316,0.05226286689530082,-0.0003739364814491244,0.014454177003335858
27.031221191406257,0.5318397071493055,0.30233743779599753,-2.1584907408452283,-0.027015697090833003,-0.07146080439937098,-0.09284985273899589
27.051221191406256,-0.28756990794503445,0.8512295210353521,-2.9930871056385606,0.05371601546367695,0.060957451670005776,0.028347997127297055
27.071221191406256,0.033233729619612545,0.269927115383475,-1.9142228381569983,-0.01012351939439473,-0.09282887915465139,0.09197632361228107
27.091221191406255,-0.048165846765830925,0.3393693947352805,-2.5579484426513925,0.049610444361671495,0.0056967608478650155,-0.07753547202737122
27.111221191406255,-0.17788746366225566,0.6240759351535308,-2.011919081902935,-0.07932804340847333,0.028468644945391742,-0.028736612536954056
27.131221191406254,-0.3117148051705053,0.9913876421155737,-1.9794272399578676,0.07572523691675996,-0.0373821307646294,0.08311790640388471
27.151221191406254,-0.4021816836182576,0.4827658947753519,-1.9011460602118473,-0.05563115135312784,-0.05428456206599604,0.019328935372408557
27.171221191406254,-0.11838153776282093,0.39404362225649453,-2.35217108406376,-0.013140263657144812,0.0069987092953057595,-0.04880981699798716
27.191221191406257,0.17931662118626368,0.6154804690459359,-2.2174110425692755,-0.02602339943796479,-0.08024536349890837,0.04345849225313042
27.211221191406256,-0.6518116796847936,0.28371596716623304,-2.8613357527140124,0.002408119851729863,-0.03342596102259208,0.05057545592894494
27.231221191406256,-0.08492571034654287,-0.24784427292817326,-2.3538294567284836,-0.06146858417403521,-0.01867292236733092,0.01879914014467895
27.251221191406255,-0.7031805246268635,-0.03396903374891428,-2.935775630394207,0.018322679906341437,-0.016176777034865218,-0.045882403592518065
27.271221191406255,-0.25987475910125907,0.16454116460045315,-3.012866160139326,-0.06552436224981754,0.0015792431675077804,0.0677319806137248
27.291221191406255,-0.19798153488538925,0.07327020273878013,-3.0838167669710446,0.03980077958288667,-0.021996477931225264,0.006254120281539693
27.311221191406254,-0.8682683993836565,-0.4629231338732896,-2.686745861659309,-0.05401164319917913,-0.08164111690846565,-0.05580669531788202
27.331221191406254,-0.27071029528825136,0.2772576346313286,-3.7167538011349084,0.04933083631209082,0.04717360837488675,0.029738026345323142
27.351221191406257,-0.8382553521218027,-0.2248898809614004,-2.430404873874363,-0.0350583787622962,-0.06762758940812828,-0.007897825855957849
27.371221191406256,-0.5534305699012986,0.23525469186432263,-2.9044584245791993,0.051703324755174244,-0.010441083335057517,-0.08744393352334982
27.391221191406256,-0.12595457837510127,0.5018129395961569,-2.71555459304523,-0.020131345661767438,0.001919375741490721,0.06288866521809476
27.411221191406256,0.24070128520835576,0.5017200561245885,-2.9377744662305214,0.07954592536032504,-0.04038805770301991,0.03383565126528354
27.431221191406255,0.05784539305471144,0.1724051414666229,-2.319546242067419,-0.04291916587999307,-0.030043460194250186,-0.09285643277475752
27.451221191406255,0.23296500904650744,1.0159790235918813,-2.9560995264889214,0.08440159371811737,-0.040325033241292656,0.04906144357070037
27.471221191406254,0.2715644190526235,0.47540287317964147,-3.035014805685473,0.056521422064345545,-0.08281639030719368,0.20868425917944303
27.491221191406254,-0.1675874327026989,-0.35035049915726757,-3.0133147208371556,0.03722084172994509,0.026289177342225776,-0.05432317652366685
27.511221191406257,-0.2227572118969315,0.5112346599874159,-2.0991943166298195,-0.009809366709903277,-0.05395975461052496,-0.12296951921372148
27.531221191406257,-0.16815133562749907,1.0400895734277793,-2.771611095514535,0.10995381491429636,-0.010128342354497319,0.23898980728015523
27.551221191406256,-0.4823360513747338,-0.4766768284161676,-2.5223378686374334,0.03376042646378424,-0.07881010357765175,0.12294529857655745
27.571221191406256,-0.7116108277060311,-0.5784514927494782,-2.6057648058538514,-0.008755099890178995,0.05165710602832681,-0.22345089349436045
27.591221191406255,-0.1895310827157562,1.0714302429450195,-2.033158065795642,0.00435007640807083,-0.029629480583010376,0.04464837162641146
27.611221191406255,-0.8150754903760263,0.4808594152741407,-2.477793226890583,0.11346430089037358,-0.09321473991206465,0.24078716334836775
27.631221191406254,-1.0950246915911688,-0.9249318087965814,-2.7576662002083197,-0.03950549978187943,-0.0020368373667960598,-0.08676220192547833
27.651221191406254,-1.930435287835884,-0.3622016724055398,-2.4515118994552823,-0.025381344137914933,0.051533441643044374,-0.23849854497521614
27.671221191406254,-1.4169200100355677,0.7909179096362757,-2.342864818530744,0.045167823598953966,-0.0786106291931199,0.11498747644383284
27.691221191406257,-1.0455170258470328,-0.06114297471700603,-2.947561156791544,0.04110527673968315,0.007839574073947999,0.11919245162033695
27.711221191406256,-0.3977497731215196,-0.8872369503061697,-2.9064829313267566,-0.032017192776363126,-0.04779735740785856,-0.2384495780584835
27.731221191406256,-0.8489388399785315,0.3525930815837145,-2.6311158400149393,-0.022734393968595386,0.04305934361561408,-0.10142464918630316
27.751221191406255,-0.6360765100507562,0.8393788965719897,-2.7898580196221108,0.09023810156140735,-0.10191655760926094,0.149069032739814
27.771221191406255,-0.5063346607175837,-0.5659962844277427,-3.294454678094334,0.007282683391783122,-0.06395486447871208,0.016617520655325468
27.791221191406255,-0.6460859689632348,-0.6281542712905726,-3.3994878954806644,0.006462685254414441,0.04648982432716639,-0.2059244301978691
27.811221191406254,-0.2781407719612004,0.21198714942992175,-2.438268381252339,0.0010804245560671578,-0.031097772648544564,0.01933966113125295
27.831221191406254,-1.0425995368691643,0.45594556356016563,-2.76914837311146,0.1205442566454357,-0.09651593650281186,0.08266581215149289
27.851221191406257,-0.9617787039812375,-0.5069588895855806,-3.287826641611119,-0.042406803569807236,8.704350520122943e-05,-0.11144634287118191
27.871221191406256,-0.46524314758816104,0.19411246367038093,-3.0122268704586777,0.04785620118747128,0.00899546694601115,-0.13681750113172506
27.891221191406256,-0.369355788195624,0.44644200912830917,-2.3616618107107046,0.031038448423801008,-0.008288364493175285,0.08314726814108774
27.911221191406256,-0.16523593979038356,0.3246356317338457,-2.5087679335478987,0.061210148843618105,-0.09324555463168276,-0.07769733243672836
27.931221191406255,-0.16939670654889313,0.40183616620244283,-2.7829484735945402,-0.028037463874696234,0.024092777757438684,-0.12170325932863932
27.951221191406255,-0.8243661177658551,1.13008619059391,-2.666073251427888,0.07153963481723548,-0.04758808991814556,-0.01109442905771628
27.971221191406254,-0.5758370706206273,0.3137200078804784,-2.2750242732841004,0.01356489505383767,-0.025704654370530256,0.08931352446815956
27.991221191406254,-0.08023153160057915,0.047326917200356915,-2.886788203804994,0.049675473462683216,-0.052544718997384054,-0.1320138577953641
28.011221191406257,-0.7665802279075239,0.08866381228064663,-2.5683762870400377,-0.05014586951038065,-0.02445424970399018,-0.11121703652396125
28.031221191406257,-0.5793342062340021,0.9725807853348285,-2.8929164254268045,0.08186731926591845,0.0333434649357973,0.03930214849963733
28.051221191406256,0.18865984449934017,0.2649956904668976,-2.3092922710934283,-0.019733194727793436,-0.07025563429254306,0.03176669171835428
28.071221191406256,0.290833455165099,0.37368726787353485,-2.7672942143708945,0.025632342727897023,0.03290987386990035,-0.13103636778269503
28.091221191406255,-0.19663104023501965,0.8008020813567259,-1.9349040410508338,-0.04985673911162759,-0.059946941907278825,-0.061913193527636745
28.111221191406255,-0.14674409607954325,1.1156700669337236,-3.027784989965463,0.08890509570058772,-0.021082739251885894,0.1184479605143534
28.131221191406254,-0.8336315106447837,-0.25655022325068627,-2.2301508878451597,-0.08173389854037971,0.006250642649308006,-0.013349575411793978
28.151221191406254,-0.6012525992242536,0.3185048562284951,-2.1834235288711152,-0.005461122159844993,0.047083572039744045,-0.18487383900412246
28.171221191406257,-0.20325834336223356,1.176066048270508,-2.0923379213067177,-0.04450604272253375,-0.1254676033279896,0.029791646163945456
28.191221191406257,-0.6079849062349247,0.7643554879086305,-2.956760219067868,0.02863450048672761,0.0003795727623737214,0.11635359772399784
28.211221191406256,-0.6371689017107498,-0.15802509248978075,-2.27447251015529,-0.0887824042556095,-0.03333852242045885,-0.12320691309943105
28.231221191406256,-0.17663226140180455,0.5774492308402075,-2.732688723631746,-0.029038242771899758,-0.04606898841429313,-0.09921360696096033
28.251221191406255,-0.3001202918992716,0.719656078644629,-2.527210160856968,-0.03737041125779908,-0.04424963512523193,0.10745572913258583
28.271221191406255,-0.6718546910214477,0.055308002057475145,-2.890799010081854,-0.024177636703559876,-0.026143363468935227,-0.06499875951919605
28.291221191406255,-0.023546597998954505,0.32259175029436693,-2.7568842716559554,-0.08912935794313642,-0.05330124842366748,-0.09780416684519687
28.311221191406254,-0.5264264176308614,0.8111079782244274,-3.0883377626500925,0.017316477206750405,-0.007920022604931472,0.04477248555376632
28.331221191406254,-0.06216263058215217,0.1523418000840929,-2.8776257447805165,-0.04735505947042874,-0.09169597982317959,0.025214146728137793
28.351221191406257,-0.289284986792429,0.11039988843668791,-3.30446933896522,-0.020440872668612026,0.04359085302525549,-0.09704292135083217
28.371221191406256,0.21522800217457266,0.5317714122067126,-2.7164503151928177,-0.0473186651473671,-0.074835222355979,-0.016086209863039144
28.391221191406256,-0.028215863639869915,0.5278633935671683,-3.0919173777630213,0.030605363530462303,-0.010418481169400397,0.08394564691194269
28.411221191406256,0.053122360756425756,-0.1583489888587688,-2.7765679131211125,-0.060626685057077405,0.0014592289584324394,-0.01730545556309077
28.431221191406255,-0.3201796238335345,0.23495571791943712,-2.646493195444716,-0.016070216716528113,-0.06796350379969932,-0.12102628780782308
28.451221191406255,-0.20531705595901428,0.876367415799512,-2.804426922993926,-0.020268557507105076,-0.024609179339653817,0.08926559625036336
28.471221191406254,0.2247644675842039,0.30716170991004177,-2.802268863215007,0.010936814343031166,-0.022663996051739417,0.10429703861837639
28.491221191406254,-0.1045172397879935,0.14192389082653648,-2.8296022628670205,-0.04099679712731538,-0.03561961213708733,-0.16419454074793183
28.511221191406257,-0.2468512920076086,1.024610224239866,-2.665850302915531,-0.04671679940398323,-0.024828299927867385,-0.02877346570067454
28.531221191406257,-0.4296643125292865,1.374163519803325,-2.547793932913546,0.04882324773747684,-0.01254823179076425,0.16346170702755353
28.551221191406256,-0.3372002305861699,-0.023639446133797398,-2.506490337183549,-0.027951838844692933,-0.14035793079063752,0.006201792676450892
28.571221191406256,-0.11513112033188147,0.2530296563492288,-3.4537781807642642,-0.01624073405685689,0.028682013250709536,-0.11372597979377182
28.591221191406255,-0.7677396153905773,0.7271493068675435,-2.391890554683624,-0.03585616077904974,-0.05916894113583792,0.01992995837380126
28.611221191406255,-0.9458689979812257,0.7597613474130461,-2.896601599218963,0.0729777518681725,-0.07292143175053947,0.08975472794441258
28.631221191406254,-0.20522623272931093,-0.03975875663728883,-3.1205773202182336,-0.054635425017157034,-0.026031781486160876,-0.009017730537185189
28.651221191406254,-0.4903151747183441,0.18487347158560488,-3.0338318276716287,0.017970049011218975,-0.008351555386060529,-0.10643995979779382
28.671221191406257,-0.2596500584288518,0.693549177069187,-2.7293820917889255,-0.014222776197404504,-0.054959359666702436,0.06906472048617589
28.691221191406257,-0.35964373688391005,0.31417008853480355,-3.1132346607998684,0.0463482908692109,-0.010937228606395477,0.0712682885809007
28.711221191406256,-0.2475866680505035,-0.010077768150749412,-2.7667232239176274,-0.05468317299760762,0.004644164582285551,-0.08472294158254795
28.731221191406256,-0.23571777266006544,0.6426040583985139,-2.8409505440626726,0.021694156804477067,-0.05708741430016114,-0.01905027274773406
28.751221191406255,-0.7771392857828816,0.5483942252093077,-2.6895804817893425,0.0010139632211708135,-0.05202657382707829,0.09500857255235233
28.771221191406255,-0.5003555318007643,0.22679520761412106,-3.0033357857381753,0.004789739321165758,0.015247624195048009,-0.008553177221813636
28.791221191406255,-0.5465343476511023,-0.01240714148953197,-2.8067280040353677,-0.030003061213113236,-0.057246753927030804,-0.05518690811353096
28.811221191406254,-0.463465394430982,0.432050473220049,-3.1171876990980434,0.012933544681873722,-0.008936754701149408,0.025524864307771112
28.831221191406257,0.08414620330952961,0.2791401694179537,-2.969274297293366,-0.006546969883068595,-0.05226838678516019,0.03153893034907945
28.851221191406257,-0.11583368013475959,0.15827266716990399,-3.1838993242306457,-0.004498745400605047,-0.010709221962429436,-0.04638061483132045
28.871221191406256,-0.20826921770225995,0.3306575553803602,-3.0177347882568935,-0.014848127113236827,-0.01922579585237478,0.022554018229640743
28.891221191406256,-0.2937168338607669,0.2602342644234915,-3.3646822277998605,0.03852697836669866,-0.0820949199190613,0.02835821752972462
28.911221191406256,-0.4489741184044474,0.04644640430344616,-3.289656378488107,-0.04027125324797173,0.02485985316523327,-0.02338299401719188
28.931221191406255,-0.37349811686586465,0.5211690932016337,-2.8975286830747278,0.020212806189929933,-0.03967436523932734,-0.0663523444481397
28.951221191406255,-0.3655242602874802,0.7603012206779391,-2.8026253722833885,-0.010047317893651507,-0.036765619944992896,0.031069625255051775
28.971221191406254,-0.4210928607672743,0.6053554955203232,-3.024390126826738,0.030963348780031076,-0.03558674632502652,0.017793877037020994
28.991221191406254,-0.2503555982005084,0.32253157439628716,-3.118923353439784,-0.013358559291780522,-0.027871987083573153,-0.030050156881988428
29.011221191406257,-0.41870808769262596,0.7054249827436186,-3.455472432414077,0.02797482326516077,-0.030931088037075675,-0.03844400282905336
29.031221191406257,-0.20724133069236597,0.44300682827072263,-3.205614493027539,0.0009265437583424148,0.0024641094707028937,0.06339521323935546
29.051221191406256,-0.35901357273524204,0.22899216050718224,-3.065408426256003,0.04146714395582775,-0.04908923854319931,-0.05179925606506414
29.071221191406256,-0.9041887860918304,0.22180562673629953,-3.04313703601749,-0.02442055801269529,-0.028725521334013685,-0.07319361738760248
29.091221191406255,-1.136417601838117,0.695694288078419,-3.237484153672476,0.04947915308071763,0.005996963385828933,0.004138238386861226
29.111221191406255,-0.5715447311883423,0.22735799361985803,-2.642490974303978,-0.011391182474298742,-0.021636156561968163,0.01842715986165058
29.131221191406254,-0.5000686490370423,0.1670796927677894,-3.1161337077052984,0.034525582738108636,-0.020566274548878664,-0.10755166803377222
29.151221191406254,-0.03164923175530803,0.26446866904260796,-2.9822394083309938,-0.038299339795372915,-0.020167455718083004,-0.002663470268676589
29.171221191406257,0.3170472107055053,0.44032492326712885,-3.217413480315603,0.057942777340855754,-0.006279243585882578,0.016816113776364085
29.191221191406257,-0.0897213946711768,0.05818329913332275,-2.814065157681651,-0.047724367049233024,-0.049717734703580235,-0.07307640496597831
29.211221191406256,-0.06392246024686013,0.5743141447192355,-3.3007974175774297,0.02171960286001481,0.02359838944798574,-0.02192374374148669
29.231221191406256,0.011430357487589875,0.5564356797276327,-2.6194067725684698,-0.013538938385374658,-0.0778797548885391,0.04460187263305019
29.251221191406255,-0.32241109003688684,0.395695240479322,-3.5291376741528615,0.030942542274758972,-0.004605172696846373,-0.03970814814135704
29.271221191406255,-0.03318560496590997,0.4159412632324,-2.9443987436956935,-0.06065211816426544,-0.021531657184706357,-0.029223185726070047
29.291221191406255,-0.6082471495692051,0.5270934878192107,-3.166783111782668,0.06865867696280642,-0.055898490114860463,-0.014755764557165535
29.311221191406254,-0.07491877819600856,0.3339738796388696,-3.4123570148573132,-0.03541401178563242,-0.02477935003057336,0.03219495669078292
29.331221191406257,0.0021021623041948185,0.05740025282429619,-3.340477995005678,0.025891345348030847,0.003898670308993142,-0.054381245410830885
29.351221191406257,-0.02653221551077825,0.36625496473364383,-3.0099831663429577,-0.025271449259005,0.004239415588813144,-0.053946261003486415
29.371221191406256,-0.299819554114576,0.7202759097177446,-2.764975234111362,0.016556901159398212,-0.04867621841209242,-0.001962554252587779
29.391221191406256,-0.054757731117670995,0.7387471245433489,-2.931199917831844,0.0073988119329550205,0.009127994070379125,0.03807951889972177
29.411221191406256,0.09871056394340487,0.3828460780441363,-2.977231660649289,-0.005079072589487369,-0.049299888260136225,-0.017359200122765265
29.431221191406255,0.18298591847826698,0.34651423886874916,-3.096583526930921,-0.0024039932063504243,-0.014945862208545617,-0.00729502586087886
29.451221191406255,-0.15470260060877591,0.5936267544144032,-2.9186770275005665,-0.0018681893056120193,-0.03869628766321325,0.0029295762645541235
29.471221191406254,-0.32904484187955707,0.47591305075462126,-2.88194166442252,-0.003232099146283918,-0.011253960946219908,0.034303648866395246
29.491221191406257,-0.09392758367924113,0.42424571512748444,-2.754604758664565,0.0017329763348618973,-0.07364400677115124,0.016642737168641935
29.511221191406257,-0.603591949128631,0.27422620489894667,-2.801538254032073,-0.02386413985476466,0.0020658551743912446,-0.01245854595501835
29.531221191406257,-0.5477809384490955,0.572138926591436,-2.8325866058462146,-0.003705188805974031,-0.04793499928947005,-0.024097361351244385
29.551221191406256,-0.4843836842064258,0.5691129509080959,-3.0803908910101674,-0.011067962193625993,-0.029935507464341902,0.022054849215359724
29.571221191406256,-0.47941450895011034,0.5915925356320917,-3.137979997488229,0.0051579228559597975,-0.017038602616422177,-0.00946982501750434
29.591221191406255,-0.31502060086120526,0.3678577012660872,-2.880275670861637,-0.022682601706844874,-0.012966471509360452,-0.013210651792211089
29.611221191406255,-0.5198694298648019,0.7501820211605414,-3.073674889543104,0.0212805884273769,-0.04252085173771668,-0.03488834410004974
29.631221191406254,-0.753249105575369,0.4616239266669618,-2.580814913782344,-0.04028866843136094,0.01074445012324628,0.02412594893525565
29.651221191406254,-0.42242092855613794,0.5978615295243288,-2.6517638615640844,0.04141411513891177,-0.056702421232021814,-0.026273088458373017
29.671221191406257,-0.6995757403328051,0.37139262286858926,-2.398082180868281,-0.055752880825860794,-0.02009091917339049,-0.0029351783935531524
29.691221191406257,-0.6528866143999655,0.6713074512998339,-2.645890131759363,0.029474402137755346,-0.018808725474132787,-0.02336725308976847
29.711221191406256,-0.5536992045550606,0.4040912746180039,-2.286016685511328,-0.049032049593126584,-0.06421818024042963,0.008814850405011045
29.731221191406256,-0.9403473332838671,0.43101747101752225,-2.8870318777166997,0.016597080151894504,-0.000821448484884591,-0.04924128482249563
29.751221191406255,-0.5797513005242966,0.3305174400591793,-2.239910944255058,-0.06296258982329661,-0.06532405992528378,-0.0037878596558392446
29.771221191406255,-0.7289962420899999,0.49264164565888535,-2.978075362098616,0.039428543085794944,-0.00350895455391562,-0.023217974092350026
29.791221191406255,-0.18055889227234984,0.13916501021719818,-2.4960224163868117,-0.08105447241130415,-0.06185121006027105,-0.023457227273619832
29.811221191406254,-0.4993994521377233,0.25601892089029926,-3.0532888034218426,0.04529521571214727,-0.029760635765601066,-0.06290507745796388
29.831221191406257,-0.5709669068416804,0.09174148088309014,-2.597601743707342,-0.06731924477974062,-0.04560711531770864,0.0010916852679965494
29.851221191406257,-0.3515228837813834,0.12914619060101168,-3.0978859618925094,0.05106350912712451,-0.00798968401149517,-0.029454476286610392
29.871221191406256,0.06435982699375901,-0.16050766969944572,-2.6554231349970188,-0.05231256250068333,-0.05643244205391113,-0.034480449322171154
29.891221191406256,-0.0920519715023047,0.09086104125859779,-2.986035754029507,0.041214824298941743,-0.010386372997510936,-0.03536240350812238
29.911221191406256,0.07827083359522254,0.0634739434698585,-2.5303142582552667,-0.025538795272172857,-0.06551106515980801,-0.008152154030973031
29.931221191406255,-0.05691291015202555,0.09021600001562814,-3.07377359835124,0.040924186505731174,-0.016347741564522657,-0.02691201824905291
29.951221191406255,0.2924109759535768,-0.022106147496736894,-2.7818122383306982,-0.015280504551350842,-0.054148175986400635,0.004126813991666448
29.971221191406254,-0.008964066852051703,0.05070260090069844,-2.926652637758672,0.048153324005306385,-0.026262999147583153,-0.015018836447223901
29.991221191406257,0.09548153572082319,0.07399695183590523,-2.6250946234691006,-0.006155436055120735,-0.03279271461040886,-0.001444766187110683
30.011221191406257,-0.012714464533149136,0.2423486377562101,-2.687183575686935,0.04551466019859542,-0.02766374152540794,-0.0008678640409565304
30.031221191406257,-0.18337996873937426,0.1649757055539297,-2.3270318758373008,0.009457627800029811,-0.07754249275345944,0.004171695020392956
30.051221191406256,-0.2195425915066862,0.3051730402063261,-2.5173142856456594,0.03471539909194286,-0.015514098944098257,0.0014319227064094598
30.071221191406256,-0.22392216528965872,0.4104181989405886,-2.1950406150697623,0.010380447669883199,-0.05045673082646355,0.003576479419065221
30.091221191406255,-0.4275574941379862,0.4415001062828365,-2.177039268682795,0.0233987116167216,-0.038900273157660474,-0.005907349092756009
30.111221191406255,-0.2671221830508132,0.5470486214686466,-2.0017677898263124,0.00888443523401919,-0.060548318794646026,0.003519034647703141
30.131221191406254,-0.36418723383172447,0.5807357160509299,-2.1005240691734226,0.015187264929923163,-0.036109764250744636,0.006159247510588921
30.151221191406258,-0.3925285157481544,0.6995197640801754,-2.0485019308730528,-0.0015169014777835018,-0.05457187221775557,0.00014650385468996364
30.171221191406257,-0.3662467414992028,0.7201725059541866,-1.959515300221908,-0.0014338473625349617,-0.05610487485871947,0.00976998757890435
30.191221191406257,-0.39296511390718686,0.7751641471109362,-2.0318768266149134,-0.0037663192421823056,-0.055568380472782654,0.003386042383785226
30.211221191406256,-0.7749734831202529,0.6981168294612133,-1.9280579181511512,-0.015031813624477685,-0.07089494166864485,-0.004123262892022165
30.231221191406256,-0.6899158576680716,0.6781521810487579,-2.1570862092198704,0.004071556155056731,-0.05067821092609801,0.017721544643210674
30.251221191406255,-0.7877827563797476,0.594368361893308,-2.0929267550924093,-0.013148571013286805,-0.0723387491123155,-0.008613414670747388
30.271221191406255,-0.7484119559098884,0.5678431559282148,-2.1217977888269752,-0.0047106092520879436,-0.043087677504333025,0.0028971802742494652
30.291221191406255,-0.577931129821908,0.5414802742903084,-2.2355541484757318,0.006605863702360858,-0.0708121130033651,0.007560507293258548
30.311221191406254,-0.4652875442227888,0.3458574939607283,-2.2459404774846456,-0.018118106101946738,-0.0249770294791093,-0.008780895881807948
30.331221191406257,-0.24614249910543523,0.39958686507084024,-2.0406916295115964,0.003870863274176174,-0.06030429118784551,-0.016986280102739088
30.351221191406257,-0.03532300616681344,0.40638146360623656,-2.0785661600802228,-0.009773924254595702,-0.03975576489593721,0.01492620255630772
30.371221191406256,-0.2747301502588805,0.3919710564271476,-1.9051056021547663,-0.005120558991177372,-0.0382734690663124,-0.03015003962028005
30.391221191406256,0.13211204500109092,0.45707072529649784,-1.9153253128379486,-0.009123976880098545,-0.06077862179804681,0.0067073814387958244
30.411221191406256,-0.2722281376714486,0.38038908841394464,-1.9045284835515406,0.00490448251573113,-0.057848073925972056,-0.0067167921213006
30.431221191406255,-0.4713279842350582,0.22750877156923993,-1.9930245337190209,-0.015879313090630436,-0.03851508073049004,-0.03375955735593336
30.451221191406255,-0.08563373049795571,0.21179957239983607,-2.06117641472174,0.002246744523059374,-0.05124097869157524,-0.005471664590918011
30.471221191406254,-0.13139230411876665,-0.04713186854260353,-2.0172072037842077,0.0060440188107969235,-0.07084414573549447,-0.011323241876808252
30.491221191406257,-0.08543765304854982,-0.048493347277213626,-2.3406081225743662,-0.005639436416899099,-0.01434075079851752,-0.04620706014466973
30.511221191406257,0.34283964671518435,0.03673024561695621,-2.062391870997355,-0.002884386702502044,-0.05353316655020923,-0.00722987546669567
30.531221191406257,0.1889281000758036,-0.0433752801071941,-2.051503704714179,0.028820733817665353,-0.0581932513115396,0.00037270418528062793
30.551221191406256,0.3555209196008793,-0.08950722527937015,-2.0602785797463956,-0.012057519807333116,-0.032078440822558105,-0.018730443842884487
30.571221191406256,0.13418826327905944,0.05821522238760848,-1.831821651569859,0.019872453211935957,-0.03334252261641162,-0.011343013865140283
30.591221191406255,0.19780342515107327,0.10226319560713862,-1.8410377135677836,0.01680692757452973,-0.05527956570651981,0.036938652334054196
30.611221191406255,0.002926285853458795,-0.01627524746975294,-1.8115492269621212,0.011798538056436526,-0.03472724039248561,0.002082406143028093
30.631221191406254,-0.04149526537820114,0.05281159416720218,-1.6435374502331386,0.011932952296990047,-0.05523937178599996,-0.01817887302066587
30.651221191406258,-0.1985517609250457,0.207806657428237,-1.7711424938949376,0.021640771914932265,-0.032605110342561715,0.023338256765480868
30.671221191406257,-0.20103195722159617,0.19354087898834366,-1.5985426397026905,0.015348920760596631,-0.04924246895341535,0.015591032720508482
30.691221191406257,-0.24579682298650887,0.14000681007799706,-1.5638502315055989,0.018907013918759347,-0.040151203871310305,-0.012906207954820451
30.711221191406256,-0.06901272857695531,0.2679912578552766,-1.5604587853252823,0.017566173675240264,-0.04834880966919432,0.007121180923055277
30.731221191406256,-0.2427411804088836,0.22285384655825277,-1.438022062404025,0.02021569437362691,-0.040844260077329345,0.010867543252006465
30.751221191406255,-0.16259265907854265,0.21951005376033952,-1.4323380421283272,0.023863819328506466,-0.058507858372145394,-0.006103006016627547
30.771221191406255,-0.23371008403325821,0.17304726986011912,-1.3915908945360276,0.012281495300921461,-0.031805883857936715,0.0015987775356644935
30.791221191406255,-0.07576453130286377,0.27775927088242497,-1.3349660407192698,0.030698269691980272,-0.058937462675296814,0.002671089888150646
30.811221191406258,-0.2509148056962764,0.16623059672457396,-1.218343744087211,0.01764964550786501,-0.040701773998210546,0.014989468140269753
30.831221191406257,-0.33493543089251787,0.23314608032827588,-1.2032554330737602,0.03241788610058865,-0.04593948362829135,0.0005403344760105255
30.851221191406257,-0.3348155303642976,0.21144415313153697,-1.0208159753980481,0.014538403480071274,-0.05732200167761861,0.00814913453072129
30.871221191406256,-0.3326980553615417,0.31457096147343994,-1.059494439353215,0.03558376809762135,-0.048710060482169804,0.005605771320520615
30.891221191406256,-0.39838732623644063,0.22484528736803444,-0.8704528939538946,0.01289205183984107,-0.047718743632820596,0.00885369104301354
30.911221191406256,-0.41251402241183843,0.2747036277687638,-0.9192078802006042,0.03233679861587761,-0.038528122929457724,-0.006332116544968344
30.931221191406255,-0.268731674948686,0.2217593516959009,-0.6530710359511187,0.007886216833830263,-0.05868504066719857,0.004732067734649951
30.951221191406255,-0.3098120130921669,0.3051366930044372,-0.8775435329495137,0.03678591053242635,-0.04412818969081286,-0.013653497004490901
30.971221191406254,-0.1883272982275345,0.20444826327678298,-0.7030739282838804,-0.003046045707789442,-0.05780086303967236,0.002947138987299976
30.991221191406257,-0.2507601727623868,0.22665411181381026,-0.8157617727664429,0.03682814431828156,-0.0477212934732133,-0.016871536518049266
31.011221191406257,-0.20947263596477902,0.1644180185121096,-0.6874869043536529,-0.009076901769142064,-0.043831768285155844,-0.008762193513900767
31.031221191406257,-0.15342685348732568,0.1955411899008222,-0.7592023712156871,0.02922628663150212,-0.035584475208631255,-0.005312162486671027
31.051221191406256,-0.06067593128630887,0.08335037064978239,-0.6799144085948841,0.004182832377447236,-0.06839051969987,-0.004686877923928431
31.071221191406256,-0.12872722572745235,0.058296004053438134,-0.896498022342763,0.015065734108170442,-0.02823052489291274,-0.013613171814062748
31.091221191406255,-0.0877906186603959,0.08107600284824124,-0.6813271490335371,0.005676330937361421,-0.055887516333554356,-0.009005079200754156
31.111221191406255,-0.1850650739195228,0.06767916875936597,-0.7370382188568667,0.018656719950371985,-0.04572384803703847,-0.0021831275562485437
31.131221191406254,-0.23620436329258274,-0.002056582857651895,-0.6531051533804069,0.005964407888861359,-0.0472991075637376,-0.011194973813362034
31.151221191406258,-0.2769114124917198,0.00843267124028166,-0.6094104695740796,0.013419996032346945,-0.04326289521308583,-0.01496412437152526
31.171221191406257,-0.1949060559136177,0.07383800829203624,-0.565358210404633,0.01298594705325341,-0.047706352678028426,-0.005264910390796442
31.191221191406257,-0.2652743145746727,0.017782098085800956,-0.49493441451766906,0.008764232706924063,-0.051690501025190606,-0.013456411511332162
31.211221191406256,-0.17316646123269022,0.050182111518962506,-0.5252386963755307,0.014425314818289433,-0.0653125376170585,-0.0201996272737985
31.231221191406256,-0.24788553737246316,0.05793636655242337,-0.4496025644955973,0.005247806428252111,-0.05165883292342537,-0.013270128271277513
31.251221191406255,-0.20687468171079088,0.08708061950728199,-0.4259266420507958,0.01567580825907211,-0.05732717003969333,-0.01802392583964346
31.271221191406255,-0.02448000128815928,-0.021458600239617272,-0.3973717903568142,0.003773427522524396,-0.05973602505093205,-0.005625265242545622
31.291221191406255,-0.10918954079567239,-0.005936264690411112,-0.4017520883766513,0.01390689617212273,-0.04688590379977017,-0.027868798518300274
31.311221191406258,-0.03902606288801643,-0.07716914765597897,-0.24368116458391598,-0.0011149044858372397,-0.059077074354210425,-0.011733604956364557
31.331221191406257,-0.12139011345599623,-0.013328212820776288,-0.32581470325787293,0.019914407257384775,-0.041520963077738254,-0.013758834048140607
31.351221191406257,-0.1611091982435979,-0.0708071351370122,-0.1432837823131445,-0.0046303136203127305,-0.049791829782228465,-0.020065087678660082
31.371221191406256,-0.07123941010534227,0.003285236465746788,-0.15293858525664078,0.02310547100079834,-0.055224916240404966,-0.01397242446709273
31.391221191406256,-0.16583240389626455,0.0017165829034843586,-0.06929528662848886,0.005481852745372447,-0.06100190817066734,-0.009179220001306936
31.411221191406256,-0.19418527093027044,-0.04243565923976216,-0.045362722895180396,0.012176285962041868,-0.04280234996453978,-0.010669270040045784
31.431221191406255,-0.2288766201928594,-0.014161928783664422,0.18546776646111046,0.010297041172435871,-0.059027261117882826,-0.019434068827620107
31.451221191406255,-0.21805245460500927,-0.002037676535483609,0.15268719073581022,0.013068041798183678,-0.0564169124399203,-0.004192789524068026
31.471221191406258,-0.2944699049480469,-0.08577779207177243,0.28681838847580504,0.00975637011305264,-0.04797685578207721,-0.004436380872238442
31.491221191406257,-0.2548484736879582,-0.15335596649198371,0.49993294037541747,0.016442218792867763,-0.07205014251872872,-0.01314529787395758
31.511221191406257,-0.27319639193520984,-0.0967455046193625,0.45236099033854976,0.01988509161369665,-0.06995562669954258,-0.0089835360360841
31.531221191406257,-0.31635681914458724,-0.14245123911242932,0.6152927303994338,0.015938528760780647,-0.0646221046636498,0.00037296793145352557
31.551221191406256,-0.39515850155321863,-0.17285058961200117,0.770745950835862,0.029853222665317074,-0.08636500514787496,-0.013454232716666533
31.571221191406256,-0.32921797479623854,-0.11812857084657523,0.7076774803258488,0.01665931380100048,-0.07875108133005004,-0.010034033527766469
31.591221191406255,-0.29570102337023446,-0.07648874157315648,0.8216237011723022,0.023729524904844146,-0.07331739465047094,-0.005496435968567413
31.611221191406255,-0.2514305903347667,-0.0725588473584295,0.8809876068566418,0.0208682994378211,-0.08401005444688527,-0.015148582571322414
31.631221191406254,-0.29318215453540186,-0.04088105123168751,0.8934952435931726,0.01637909150405626,-0.08880336572927562,-0.01431830532062192
31.651221191406258,-0.32145331456168297,-0.04908324057686285,0.9696417060548935,0.019857184726332418,-0.09201120893133902,-0.005786878094070478
31.671221191406257,-0.2525133181921559,-0.06174761316382095,0.9521201468011362,0.014795000813074811,-0.09014172302380659,-0.009744902142786668
31.691221191406257,-0.23997608984576232,-0.09301306674000567,1.0151804081908224,0.00646812947038034,-0.08861535404418758,-0.013196685498064468
31.711221191406256,-0.3317072301394488,-0.012794820972992426,1.0289975886420673,0.012793656766540724,-0.09850863024805094,-0.011359605051550517
31.731221191406256,-0.3393275159079123,-0.015458622338336083,1.1019050941044841,0.004084272782432239,-0.10519533897399039,-0.0003289546457126673
31.751221191406255,-0.3084499848891929,0.026914828968718038,1.0288844936778065,0.014374938218578314,-0.10803880666495516,-0.001021749859111504
31.771221191406255,-0.4037809894873594,-0.0603002090457852,1.1339352799455016,-0.0020334148394185615,-0.10790060552873075,0.003510844600804841
31.791221191406255,-0.359755863220644,-0.024868099844122134,1.1545240867783595,0.01345180664241498,-0.13168891301633986,0.0042032030268501904
31.811221191406258,-0.6554657026194403,-0.0983929058871285,1.1271102645396351,0.00218677846128367,-0.12945387605455386,-0.0034654652788190755
31.831221191406257,-0.6647746141015304,-0.015799101083267684,1.1132187919177514,0.004486077893726099,-0.11540899951996296,0.008058018106289923
31.851221191406257,-0.6116213826570162,-0.013980710884324602,1.2355184523826437,0.011829885698210791,-0.13859608730488782,0.014381118992486553
31.871221191406256,-0.7993590202007178,-0.09901794205716748,1.240300386628974,0.009047861342566355,-0.1486355591412079,-0.005659950411672573
31.891221191406256,-0.7778075185069666,-0.016261047926181754,1.2918489228887058,0.005252913907626685,-0.14194288171226785,-0.002398239302955611
31.911221191406256,-0.742751232304419,0.032449218155659834,1.3653372381657636,0.013301506485079575,-0.1578725271827754,0.007409421842299485
31.931221191406255,-0.7113890354015675,-0.06773647157240142,1.3862102160582568,0.0035345083502286052,-0.1569671456528936,-0.0004135231377714145
31.951221191406255,-0.6730468886857054,0.013760863685363858,1.4159053885011794,0.0010444595496238657,-0.14886857633079725,-0.02071268108833314
31.971221191406258,-0.6169336992758818,0.09572217693408938,1.539670156599072,0.003840199988664305,-0.1787128365797722,0.005106303122102518
31.991221191406257,-0.7268807033857627,0.04812534111901843,1.4810586209472687,0.009640712963123025,-0.1731151964203745,0.01293435120167747
32.01122119140626,-0.6576956827481342,-0.04879368286191708,1.5448862564533854,-0.011519786537345143,-0.16865313298215098,-0.01400393402786861
32.03122119140625,-0.6288567010495306,0.0029434316287176693,1.589765608877897,0.0015766692719227364,-0.1892133566741691,-0.008486462218353499
32.051221191406256,-0.8569631132385365,0.010115739340216603,1.5010749774420398,-0.0003258505699733768,-0.18930303157803322,0.005138740560907096
32.07122119140626,-0.8262661297553445,-0.05025046273873628,1.473871851323075,-0.009460513907743306,-0.17133739086189828,-0.0033331765382570255
32.091221191406255,-0.7708296553146621,-0.039617973659395886,1.5941929678923745,-0.0010160064113107696,-0.1975905789330597,-0.019524208578814425
32.11122119140626,-0.8962940726764215,0.04314133783029807,1.4926069616006694,-0.006892333343258899,-0.19635479988527604,-0.012446754917625868
32.131221191406254,-0.8496074877065845,0.04566882760678791,1.6011663392001174,-0.006974564448863007,-0.1877034706225732,0.01004387083625728
32.15122119140626,-0.7713207349945808,-0.01573064222788444,1.593716851190859,0.006045375752301652,-0.2248187374426095,-0.012218150060885564
32.171221191406254,-0.9712961451470897,-0.03741548967861806,1.5083536875323875,-0.024797579411358253,-0.1883820334720903,-0.02560832017060636
32.19122119140626,-0.8661397555743937,0.10085682693299902,1.6796146569388926,0.0009618701746347872,-0.2238196983636859,-0.004974789521109227
32.21122119140625,-0.7346266088120765,0.020276937762525038,1.5950212987411065,0.0012738371926946956,-0.2421315699659688,0.02504970346124041
32.231221191406256,-0.6769848076104603,-0.15163459822572878,1.4826151805499366,-0.010612852345424606,-0.22117998296800184,-0.007179828869487299
32.25122119140626,-0.7044447834750549,-0.02296076714318245,1.5824498348570497,-0.0031925094188017976,-0.25037742890866904,-0.01877456126397926
32.271221191406255,-0.6500281179813586,-0.014705924329089626,1.429080642809651,0.012020132947500416,-0.26621706483984175,0.05116657290239756
32.29122119140626,-0.7775335275568495,-0.29182726108806645,1.3714945599097546,0.008642845988245891,-0.2554117055390275,0.019988761859315984
32.311221191406254,-0.909683538578758,-0.36292777067335474,1.4647376242055599,-0.003194522537002592,-0.2703602370402787,-0.030030958622004608
32.33122119140626,-0.91826231932768,-0.16849615177230406,1.3649031653622714,0.019129466036451104,-0.2707373890795036,0.030423107333314395
32.35122119140625,-1.0238171779958123,-0.4396471566166365,1.4822570561457946,0.005437065585360044,-0.2730446219942953,0.027805946663175853
32.371221191406256,-1.1378725311789912,-0.5333834037552646,1.4949627593491177,0.005869014467194828,-0.272844993565452,-0.04143434644103708
32.39122119140626,-0.9169600705469539,-0.29163886276820983,1.4535195900343336,0.0007575428694311645,-0.2890221650519378,0.002557766592473081
32.411221191406256,-0.9946537549166569,-0.24676985597360723,1.5580944607590697,0.012473372682969738,-0.2744677338682503,0.03380213374763417
32.43122119140626,-1.1491002296172537,-0.43638660992697365,1.573640215326847,0.002054101826260577,-0.31681340529130747,-0.03722752221185271
32.451221191406255,-1.1525381958554213,-0.2481502643543621,1.4204904115389596,-0.012396327087755933,-0.27023486330842417,-0.003628925440878261
32.47122119140626,-1.2577326714452468,-0.20482166546732658,1.686305047321577,0.010179959232483977,-0.3048472979369215,0.019129383015156366
32.491221191406254,-1.248455388046068,-0.23869484801273835,1.617642650800616,-0.003299815522294353,-0.3175585841910686,-0.004086150675360052
32.51122119140626,-1.144577522431099,-0.14456652862179545,1.6011881662332734,-0.013498344417962608,-0.30070701740131167,-0.007552371257489462
32.53122119140625,-1.3245022731131837,-0.09759054094176207,1.7726616705979512,-0.0006152175512866971,-0.3304565772981005,0.008580833311309436
32.551221191406256,-1.2585955404069118,-0.11269552417422536,1.5667033283930671,-0.007633091073194361,-0.33595260525083104,0.017853620526745394
32.57122119140626,-1.2371589316708538,-0.2885454704416437,1.6585273660047526,-0.020676649759458,-0.3213884137495769,0.012852392848630063
32.591221191406255,-1.1933465289044922,-0.211674633178437,1.6562500972718488,-0.006056226999201584,-0.35778900435802086,-0.00784205051973887
32.61122119140626,-1.254188541923491,-0.20326580410895168,1.5716492978756635,-0.027640265606978794,-0.3450145902207903,0.024909918167098307
32.631221191406254,-1.2406042960829688,-0.3341670653886117,1.437451735184367,-0.0018277344745123488,-0.36209602809367764,0.02034927145564684
32.65122119140626,-1.2453315861985814,-0.4742138229164043,1.4664117192854353,-0.0359304623328223,-0.36044784507790545,-0.022140086150087408
32.671221191406254,-1.08100979479263,-0.3417615441276037,1.3468507359389512,-0.016754132638677564,-0.35046427344482095,-0.009669513005583222
32.69122119140626,-1.2148897742238054,-0.40383381203538615,1.5037938131878799,-0.014319696426041416,-0.38160997439261957,0.01666188150761821
32.71122119140626,-1.3256256606438956,-0.4810526270823478,1.2785088618627376,-0.018478862740185096,-0.3504740941676785,-0.02126427725135727
32.731221191406256,-1.3519627844093918,-0.3603736865901775,1.3638985986204417,-0.02372360541900134,-0.38104228060259016,-0.027569120000137625
32.75122119140626,-1.510989604133119,-0.3061879402605247,1.3941532127450178,-0.005120395149200024,-0.37244033655360353,0.0050067833616719145
32.771221191406255,-1.5496627001193626,-0.3361961999293296,1.3611397297398748,-0.009722799530484416,-0.3942739706440685,-0.020042669403785577
32.79122119140626,-1.6906285027501555,-0.2365744650429614,1.3350363051739573,-0.018788848511588418,-0.3542003989673123,-0.04044543705397521
32.811221191406254,-1.7844016112983965,-0.09421071567925186,1.502730050011081,-0.0028681435144321003,-0.4025216196704666,-0.03288562938492906
32.83122119140626,-1.8522658277317865,-0.053343345549891716,1.3498943999821216,-0.000503919635566815,-0.3833553869762021,-0.007927977165958415
32.85122119140625,-2.086632422815609,-0.28309677974278913,1.4707617157947606,-0.00762858109092595,-0.40751015650653655,-0.06018667981091026
32.871221191406256,-2.1894388329939565,-0.09859488555546629,1.2342917330778944,0.0008690193945355963,-0.38039433946015144,-0.0612809791194598
32.89122119140626,-2.3524296039589285,-0.08266245119074393,1.3436277404901118,-0.0016894297696638152,-0.4093613211817207,-0.046140875562549255
32.911221191406256,-2.377913842470228,-0.227174237557424,1.2304505419919498,0.007154744867909003,-0.39123140175525595,-0.06737577086473541
32.93122119140626,-2.364264253270194,-0.19626359178705707,1.2608373603935206,-0.006496864893062535,-0.4182523853678172,-0.10506016160997021
32.951221191406255,-2.3610536775348403,-0.1244328416975433,1.3261177595744291,-0.00010869376733041177,-0.3935332243707295,-0.07897898282853771
32.97122119140626,-2.215782816101172,-0.032764250053076,1.3174516777801963,0.01910190063550231,-0.4559234290654302,-0.09816413530558242
32.991221191406254,-2.169926770355282,-0.06126852702396426,1.3837912796568315,-0.016537468488374306,-0.3996274511045808,-0.1076062191719751
33.01122119140626,-1.685653203369586,0.17680994977288123,1.270273677877552,0.03007700868976117,-0.43347553482731743,-0.09728096278860258
33.03122119140625,-1.5474606212477042,0.12124116513626376,1.2900189695455744,0.006954505044667656,-0.4454487427609147,-0.06947004475232645
33.051221191406256,-1.35131689500678,-0.013519981055994753,1.0586258293277255,0.0342907021567211,-0.4234501578140086,-0.0919404652324535
33.07122119140626,-1.3006888237272234,-0.09031914744574081,1.2163841906050166,0.02565312960323359,-0.47814267749262684,-0.08611859155620978
33.091221191406255,-1.1866861228110832,-0.19329378232834457,0.8837063301193588,0.056140528898035925,-0.4216342799689431,-0.04080807869673933
33.11122119140626,-1.0354720693905999,-0.44108837468254625,1.1343913436950954,0.045517214915423085,-0.47027345419981686,-0.07006082062083309
33.131221191406254,-1.1161246680960244,-0.45489732465068383,1.012945014387672,0.06002309831434224,-0.4209132565528378,-0.07603583213706291
33.15122119140626,-1.0644386642794912,-0.27974572207152315,1.112820998057528,0.06902858620666408,-0.46073311269958245,-0.05043207496809393
33.171221191406254,-1.0269906846595327,-0.28216593752011254,1.2348987432103147,0.0698988457360195,-0.44527053351114315,-0.041712941037369534
33.19122119140626,-1.0297607839728253,-0.17262653158394617,1.5113192426254016,0.06998915882922058,-0.46070781757053425,-0.07219796776691456
33.21122119140626,-1.0755355746992465,0.04699357630519399,1.7771681358620823,0.06287152200867108,-0.47548804488598573,-0.04806431062846528
33.231221191406256,-0.876331840287023,0.28412872566949093,1.7245183786459066,0.08212553900577438,-0.4742044820696749,-0.008640966758187417
33.25122119140626,-0.9624027324801526,0.13150436684919736,1.9847957576424151,0.05312719636045541,-0.500577918537684,-0.018630539686972477
33.271221191406255,-0.8700276848645957,0.3153262921090194,1.892807516824688,0.07091725521275144,-0.49595810985563726,-0.01783702805240682
33.29122119140626,-0.7306742312280213,0.3300654844539232,2.0311868607685617,0.05236396965646148,-0.5409431138573222,0.04107977780950125
33.311221191406254,-1.369428393363827,0.1432494858587268,1.9189482803437432,0.06678084566567047,-0.5218040425654618,0.015465537358204022
33.33122119140626,-1.5143191538298422,-0.010875714609625357,1.957264241928389,0.029159987844926124,-0.5487113026620818,0.002709676445679774
33.35122119140625,-1.5942259660533662,0.1822560915300658,1.6978888309046536,0.055957578218030206,-0.5287443068729811,0.029308116529611745
33.371221191406256,-1.7151506752662549,0.05509168374988043,1.7035003420553056,0.03395411550020381,-0.5376008946096194,0.04572871829105246
33.39122119140626,-1.6641122921688676,-0.05632378743554812,1.4036674430902272,0.04791714187983505,-0.5267528414107996,0.03077291168457501
33.411221191406256,-1.6351668299810354,-0.11420254846087612,1.429669541624367,0.03096229183666446,-0.5273765248616136,0.0400689739295158
33.43122119140626,-1.7106105841072283,-0.06028755417475173,1.4502513446924057,0.04659120025240148,-0.5475654362002077,0.040215250702572605
33.451221191406255,-2.0798809994000833,-0.09588223174844197,1.5138366052802177,0.037537559807401234,-0.5352104934241421,0.052393460767236964
33.47122119140626,-2.2716215760891036,-0.14651110268382506,1.4648162446805049,0.038210907651860616,-0.529906896985039,0.04155808644617794
33.491221191406254,-2.3546932182021907,-0.1700400242603519,1.5483110042145631,0.03387316586229511,-0.5620994052375584,0.029281859818229193
33.51122119140626,-2.7529935662023295,-0.20186758337845262,1.4107632805944943,0.04103420376163945,-0.5275156516136461,0.020296673156411697
33.53122119140625,-3.0425150532406215,-0.140650177594171,1.4819999262941026,0.03104912434000006,-0.5531533154834272,-0.0003921629329769692
33.551221191406256,-3.103204685348728,-0.14804134379483708,1.4712386744752861,0.03841873325927921,-0.5477204994734303,-0.0008442487561843217
33.57122119140626,-3.2158940471152033,-0.10104955014254802,1.5238605023005105,0.03078619622845294,-0.5448627591972817,-0.03433643026025703
33.591221191406255,-3.6400747657566024,-0.15022081355662043,1.4896574705149868,0.022254916581925955,-0.5424550841702561,-0.06692985110215147
33.61122119140626,-4.085293609773084,-0.13093659575872899,1.5093420144753014,0.020379521754084175,-0.5508400519189848,-0.09052417287996349
33.631221191406254,-3.850215844728376,0.03483949777047283,1.3763606428401638,0.003654050180498125,-0.46716833969741767,-0.07908834691450364
33.65122119140626,-3.2746399704099516,-0.16827872152374188,1.816054427525114,-0.00756266205190089,-0.545342528634537,-0.10590331376759074
33.671221191406254,-3.210621777319429,-0.04425653573706618,1.7746525324867588,-0.012450660033052431,-0.5409468764032124,-0.14797695930090782
33.69122119140626,-2.8236455252807504,0.05032164544703135,1.7526479522349663,-0.037053464213731464,-0.5490451139837633,-0.0969309408444242
33.71122119140626,-2.6232569754358237,-0.034689509225397305,1.5565646926179404,-0.013806328503421766,-0.5539749790570291,-0.08245245007462289
33.731221191406256,-2.649385400580358,-0.44474688816990454,1.3549293321147646,-0.061265477684462596,-0.5545654319298162,-0.13277247470614903
33.75122119140626,-2.810772588264836,-0.44352700880174667,1.039198568948494,-0.047007790841205405,-0.5340147536610617,-0.14707614538416625
33.771221191406255,-2.533666815849813,-0.39887270514012946,1.2566144999167836,-0.05348091434949508,-0.5608465779964588,-0.06728175763801479
33.79122119140626,-2.6681733440193636,-0.5961455616462377,1.130232201443287,-0.0419784832636254,-0.5594748019600229,-0.14683148725164671
33.811221191406254,-2.329401635787325,-0.5521926451011254,1.2956286790101328,-0.09226469406657116,-0.5485817331798922,-0.15888690813836367
33.83122119140626,-2.1743674437167364,-0.3138144478738507,1.0875770182659203,-0.03110723480073172,-0.5431369954675295,-0.08732399355190268
33.85122119140625,-1.8059260134406716,-0.5941451619714171,1.144718096054451,-0.08402802336275808,-0.584543887531424,-0.11266568201683515
33.871221191406256,-1.8564558890140967,-0.402837785519882,1.1172337689740608,-0.07507725962483386,-0.5245090653294396,-0.19385706319222754
33.89122119140626,-1.2062212559624066,0.28121809144355076,1.29964623128072,-0.06558767249306947,-0.5763670644789772,-0.07319701593334892
33.911221191406256,-0.6583537338299135,0.12437139480945796,0.8638472209645007,-0.017349505336793202,-0.5982468317856774,0.03427518449941015
33.93122119140626,-0.03845055889911356,-0.6573279010696311,0.7427197807235467,-0.0715321921152974,-0.5848146334796743,-0.0532461809182714
33.951221191406255,-0.31150657368164997,-0.3652876276040914,0.9092496797084518,-0.05141909066571576,-0.5763629603552152,-0.11199654010391269
33.97122119140626,0.09378747191716073,0.34795228452712784,0.8622715735043051,-0.016693725958964067,-0.5835694590925894,0.10186533051996134
33.991221191406254,0.2514548635645296,-0.1491867111062949,0.9098982824931703,-0.010030243370557513,-0.5679175226511529,0.12831565120054214
34.01122119140626,-0.24666398325015274,-0.48791602658863553,1.2105770964434268,-0.04651070219261802,-0.5604406079758628,-0.07407161302769681
34.03122119140626,-0.6101741277074062,0.2829085084378742,1.3651917003934886,-0.01575798940721132,-0.6241172339207783,0.04533001437867959
34.051221191406256,-0.9596197122640475,0.36208275701938425,1.1562005003903808,0.03169061715392384,-0.5348486951926597,0.22922130820904046
34.07122119140626,-1.5468992017538024,-0.6089985588432238,1.4706564074804098,-0.020394806070899277,-0.5924388234806993,0.01493114234608924
34.091221191406255,-2.1246604233530277,-0.25398452124877924,1.2803657814736544,-0.021946469425449183,-0.5643681961988444,-0.04544441568273354
34.11122119140626,-2.383580477909663,0.08885793881674815,1.482001220156981,0.01740532037388191,-0.5730674386310548,0.161497904910812
34.131221191406254,-2.5694815012501433,-0.6080874309506893,1.234662630011536,0.01675675058261283,-0.5611281986543001,0.09876639979594541
34.15122119140626,-2.8712502215318176,-0.9668674880841815,1.256701974658029,-0.05970435509911208,-0.5210692421003242,-0.108755175012315
34.171221191406254,-2.8293269452287944,-0.052351878367974454,1.5533931357802244,-0.023553087892042857,-0.5301538613376142,-0.009002343034470527
34.19122119140626,-3.0026889981381,0.27645032077735643,1.6683371907998688,0.0037389343622598395,-0.563230777239387,0.10491546223816771
34.21122119140626,-2.814505220633991,-0.15012576237910877,1.3366272031066182,-0.032303823066223036,-0.5314671534491779,0.005047784946020143
34.231221191406256,-3.0434142174361076,0.16042225192417556,1.2343404611875777,-0.03912349699392169,-0.5287825632693579,-0.08332805345070146
34.25122119140626,-2.883957020484253,0.6987065887241107,1.317584233413751,-0.013009066581776692,-0.5245266842755751,0.06669235412279637
34.271221191406255,-3.2862399052774234,0.2683209943995385,1.279265875585371,0.018669962954270078,-0.5397113244391049,0.05111970710568112
34.29122119140626,-3.355414867711036,-0.35039852391985327,1.0198624777092573,-0.03137554652236145,-0.5139306583657465,-0.09223620748462352
34.311221191406254,-3.4888064542334147,0.13908925674889602,1.0577752630462438,-0.01524699488268797,-0.4376640957864098,-0.08797939494742663
34.33122119140626,-3.579729021158677,0.28962868069437503,1.5619552779184718,0.020014467583686177,-0.5252636079597884,-0.02252986614816407
34.35122119140625,-3.5762031511478614,-0.030614529790081963,1.0152418036046233,0.01667151911181513,-0.4628115578480945,-0.08436420240654686
34.371221191406256,-3.0659177557543646,-0.3529226788898297,1.2111481003976357,-0.027540668920466266,-0.42845048824045534,-0.15051895545589722
34.39122119140626,-3.0896216058317516,-0.1380165095184469,1.272688876347666,0.03267461123415709,-0.48007488851197105,-0.18655703171487617
34.411221191406256,-2.703146991172623,0.07240092546748787,1.17718123537174,-0.0057534334978030215,-0.41890715391608413,-0.11653570214467986
34.43122119140626,-2.3502769520132993,0.2659367046046159,1.1490009048326777,0.04839596526040463,-0.41199831863080777,-0.15178416457031313
34.451221191406255,-1.4286472448096341,0.13208083724049663,1.1245798567367573,0.02684362286582937,-0.43873369691860176,-0.09939710796607382
34.47122119140626,-0.8200401533895969,-0.27985164173569316,0.8677545417197237,0.06307866875636896,-0.3848485597778151,-0.06536422053549439
34.491221191406254,-0.24380408827807784,-0.5914760206332405,1.2342579270109988,0.036571199618202606,-0.43072936548238006,-0.12937013476775105
34.51122119140626,-0.5228069992834693,-0.23041184164179387,1.3539572009096148,0.042715245632473725,-0.3491734019155287,-0.13210202778544392
34.53122119140626,0.38043353160103516,-0.013662510421386262,1.9417822211662368,0.05996149783646383,-0.43231388620349137,0.022915633460376325
34.551221191406256,1.2630863489953428,-0.27307041421272743,1.2170534987380293,0.0932144268225306,-0.4238786217607986,0.021596622631421078
34.57122119140626,0.8431267855951713,-0.7221985372291876,1.390298809322656,-0.0012514523583813,-0.34574916121929417,-0.0845467258983644
34.591221191406255,-0.2795230195925118,-0.2885251084422849,2.5276650778357905,0.040705592457225624,-0.36739616461386865,-0.02106567193775985
34.61122119140626,0.4115522903672375,-0.23957582869348362,1.8627520406558438,0.12095230930203,-0.5647525937481114,0.16700538058126868
34.631221191406254,0.7589559396615914,-1.455533574264174,0.7000703090607105,-0.010491724935458848,-0.3021178822039957,0.07471878679037995
34.65122119140626,0.5855743169702549,-1.7709413552828603,1.5346254221861018,0.03854276121711327,-0.3612254315113133,-0.10654216430649703
34.671221191406254,-0.25807179059014035,-1.0949000991033269,1.7087356904336104,0.04815746268260598,-0.47337377100398403,0.06151876756367391
34.69122119140626,-0.5132612205404452,-1.243392328488884,0.6805738755510737,0.0693262912574483,-0.3427476672068272,0.17225933892426387
34.71122119140626,-0.271070111731451,-1.7280356552665825,1.668942571031409,-0.00793714959777068,-0.32977348287292774,-0.06065366371471902
34.731221191406256,-1.4276479950585903,-0.46584961464037794,1.349412749746291,0.07238376304153867,-0.42479412407050243,-0.09142458345328744
34.75122119140626,-3.4491290678974984,-0.24657548871374077,1.645487078297986,0.017175227005260415,-0.3484242380942808,0.14537654092247068
34.771221191406255,-3.127192113125857,-0.28874750276192346,1.4717973101502784,0.10035073787898373,-0.32457556888900035,0.029987761891163374
34.79122119140626,-2.5056456812393084,-0.8101594813832416,2.008875148271396,-0.03132890565670622,-0.3578108439811074,-0.07055499737047274
34.811221191406254,-2.782171202519342,0.31840269078662403,1.745162781465356,0.06262646571331348,-0.255477107563212,-0.06740975576261002
34.83122119140626,-1.3875582998824767,1.096774421902444,2.7079801393998117,-0.030681994571835732,-0.36530783239078096,0.039678938772933034
34.85122119140625,-0.8457102716870067,1.499113077432814,2.316710353415631,0.045815222992187425,-0.3032556994141773,-0.004789052508150374
34.871221191406256,-1.3708883635287277,0.6726845593794436,2.661716247774759,-0.02984714777645745,-0.44310806326620844,0.04846578728042555
34.89122119140626,-2.075006582915944,0.21267209516277397,1.1641759307315884,0.05378221375232367,-0.2771853142822589,0.04635383321238116
34.911221191406256,-0.981406352708586,0.07714272473461377,1.9442944485709701,-0.08204630614199723,-0.314609566301773,-0.0031706215397665507
34.93122119140626,-1.4519446058184164,0.16515817543831798,1.869486774288662,0.05131573567146984,-0.3331399256412074,-0.029565382261671262
34.951221191406255,-2.1912153629721614,0.38993017628077264,1.5592779344297323,-0.03421465401149053,-0.33136137470573424,-0.020954543287390902
34.97122119140626,-1.6121129754084442,0.3207946935253039,1.4726348977968542,-0.01880773327212651,-0.12876302823026892,0.014212150342885517
34.991221191406254,-0.7968619334068026,0.5559959437060138,2.434282856422189,-0.007653590310342841,-0.29780141248123054,-0.0854980357149801
35.01122119140626,-1.3438659886763296,0.55991932683304,2.141422513034208,-0.04704184687023651,-0.3038367081541408,-0.05852598764775977
35.03122119140626,-0.928511481000373,0.4444037409147832,0.8363257848871518,0.01990112711427485,-0.169268900027185,0.034217908798378424
35.051221191406256,-0.17615331290848035,-0.7403389079411513,1.2428007733142206,-0.07684688784849461,-0.2654401814412308,-0.03368963463795683
35.07122119140626,-1.595923334035439,-0.12965400867531146,1.5094395301508057,-0.009941952935280746,-0.20489374172374736,-0.22869433281011856
35.091221191406255,-1.0267611315188134,0.6426447410966453,2.006861008737898,-0.06258348882999464,-0.23112460841927798,0.041045455895806784
35.11122119140626,0.8331386118271391,0.6677753541584441,1.6754973982436052,0.01398421824440164,-0.10462253610396693,0.15729491967975182
35.131221191406254,1.5958028655320846,-0.2981009124666708,3.2729430450054497,-0.1452540360756765,-0.28185335820997276,-0.15440660378796942
35.15122119140626,0.021241263586686463,1.083663692044813,2.4091865495615172,-0.06161057023673675,-0.24615834637154893,-0.10590109359741967
35.171221191406254,-0.07694055226401775,0.25423298947679285,1.931225282350821,-0.06154201594790248,-0.31341815724015953,0.379805551014033
35.19122119140626,-0.46739663815991067,-1.6481746258055283,1.6158760184379777,-0.10432412706199874,-0.20269763546749425,-0.008360592609053941
35.21122119140626,-1.2450136215093046,-1.4601930968085557,2.3541649081139657,-0.21122885585491452,-0.26099905992971095,-0.3214728562302393
35.231221191406256,-2.636532336690865,0.596460471727553,1.5394294802924475,-0.07143602465534003,-0.18444772507457063,0.06327730973298135
35.25122119140626,-1.3119487185457674,-0.03729671344506874,0.9470630666018388,-0.10046410579805763,-0.1860431428841374,0.22109861311294876
35.271221191406255,0.06350491275352874,-1.2400553791217468,0.5535608711301764,-0.1093931140348119,-0.17925463002243058,-0.22715995175821074
35.29122119140626,0.5901637813192601,0.25963438318647164,0.4363194080878042,-0.14747918894027243,-0.11393519366530558,-0.16237098136867067
35.311221191406254,-1.2756191319873496,0.6764304307791583,0.8218760610740962,0.03586723701124312,-0.3321293932677207,0.1358284083455032
35.33122119140626,-1.611285643525933,-0.49717035587179853,0.3436103712003514,-0.07566388865850267,0.0007447799658953589,0.1059590999753129
35.35122119140625,-0.30014220541386366,-1.2117641467461389,1.2849855688374214,-0.055485380255487105,-0.1977156775269167,-0.23123141807072606
35.371221191406256,0.0006017541505749733,0.5011272706199955,0.8726074417173849,-0.026230827182135114,-0.1582746740378361,-0.03612230001516402
35.39122119140626,-0.3637458872290229,0.6115357568632821,1.1576561261199165,-0.0025131276817152806,-0.09775887427697419,0.14415785423592853
35.411221191406256,-0.4989892949299011,-0.17518908881013,1.224903186711125,-0.001730415349851276,-0.20147041660412945,-0.11891600253755424
35.43122119140626,-0.1334067980312893,0.3515137083651765,0.9988135754249938,-0.05712657888055098,-0.10780825055237199,-0.10112561228154246
35.451221191406255,-0.08096638456164731,0.4189828586602721,1.3312254501867493,0.05403979441075537,-0.1767208981831425,0.059654827680716706
35.47122119140626,-1.0941440451047477,-0.14781677352274772,1.4393650846631687,0.00619454561666376,-0.12801051585446166,0.0011372405035575922
35.491221191406254,-0.5267804624411283,-0.707951543378798,2.1365155725339053,-0.05407209833207079,-0.052001005983942784,-0.09051646737076995
35.51122119140626,-0.6397097476448353,0.497769378859875,1.6963628928774532,0.056086308861246596,-0.10328567082888868,-0.10124578821101916
35.53122119140626,1.353786887224985,0.6172058629943364,1.2302368753578643,-0.044758116078092706,-0.08456607633637403,0.17005017396137936
35.551221191406256,0.7436859256658204,0.2240255697094126,1.2931161925410348,0.07439235763429393,-0.12832305607973934,-0.12375729117144327
35.57122119140626,0.20530810963353507,0.36473507720995435,1.2951920372286525,-0.079738262670831,-0.1129930236215209,-0.15077667808044012
35.591221191406255,-1.2101909018565025,0.6170984529616939,1.742815985068076,0.0731305302386764,-0.032313621130224776,0.12139873666882244
35.61122119140626,0.3580789469210681,-0.25313038105743724,1.8917273943531734,0.017498228956646794,-0.14279683281523645,0.05997098612444354
35.631221191406254,-0.5295609468476842,-0.26387142621675164,1.0737276027330778,-0.04843852838916973,0.007545632760241348,-0.3289008561604442
35.65122119140626,0.5637353882904269,0.8637892927095299,2.175741000733322,-0.027383745141459588,-0.1538236614387165,0.027140467998554657
35.671221191406254,-0.6862478517345016,0.06903906938129409,1.6426755707965501,0.10598709566701962,-0.08651834294228977,0.1620412055436621
35.69122119140626,-0.3119623418977235,-1.2698910000851575,1.7093691884078144,-0.1347095132115554,-0.01794106378066874,-0.22686324557533877
35.71122119140626,-0.6691425848444094,0.23511859954258643,1.7430981005296051,-0.00020863108783559402,-0.030466235273224274,-0.2074015778079954
35.731221191406256,-0.0420228180240914,0.47778092042715764,2.108787867937809,-0.015741934729273835,-0.05943997338426466,0.22049254955191336
35.75122119140626,0.23628180892920725,-0.6314292460054708,1.4384859436484614,0.006446517660651062,-0.07999817544638212,-0.05289367621795211
35.771221191406255,0.5636383317282382,-0.39745998642694935,1.9095384748754467,-0.13638794499632423,-0.01879429632326011,-0.2716742172770507
35.79122119140626,0.6361253538284556,0.40903183239781316,1.5897219675794392,0.03565675388220366,-0.1651702728017343,0.061737803822056916
35.811221191406254,0.5817875584764743,-0.3097980060622747,0.8514861283840223,-0.028313682632704264,-0.005052716480311195,0.17145702340581465
35.83122119140626,0.4791928070095938,-1.243495297424115,1.2921596137495828,-0.07299800965672712,-0.015982428862446836,-0.239261720526081
35.85122119140626,0.8722751852324199,0.45665948846287907,1.3655305667025488,-0.05228658580796312,-0.04078726339897544,-0.11039362932209931
35.871221191406256,0.9937501601309936,0.4277281571438148,1.2187811853527935,0.010480051421057585,-0.019424029327180667,0.2001733857636391
35.89122119140626,1.0830453030030258,-0.7997995095457384,0.8887171746657994,-0.014056216440829708,-0.08706784604136542,-0.07124671314194846
35.911221191406256,0.5551630688618187,-0.8546459765407018,0.9074627722635972,-0.10088657164339127,0.05682554894243336,-0.2043576429619652
35.93122119140626,1.261757714165657,0.38356982536406814,1.227824169576361,0.040742824414128846,-0.02464076181733625,0.11962425952759644
35.951221191406255,-0.17644725762134741,-0.19861146728870552,1.4433413229707106,0.0027310483132249653,-0.06262577093283976,0.03587494470368528
35.97122119140626,0.4410512631816593,-0.3294959090171963,0.6947198725372689,-0.04212355533634048,0.05584100438476974,-0.16605378340247687
35.991221191406254,0.2103246019833427,0.09211054538273573,1.6927243010068713,-0.031781807613463886,0.04092669884304112,-0.03570746982273224
36.01122119140626,1.1208770994981798,0.37137171098297705,1.095428624073577,0.047032134218165954,-0.07332468312765938,-0.009226054604254996
36.03122119140626,0.2865972643476593,0.07004047780839438,1.0199568246674884,-0.07574798325180312,0.09595370725272888,-0.10118302305393069
36.051221191406256,0.6633138689308111,0.25125880931896877,1.457118210443967,-0.0016517607269687083,0.08175425273900233,-0.06579415634913752
36.07122119140626,0.14691780510362015,0.3259530004738118,1.424022793523175,0.003962012419570683,-0.049881458377822346,-0.03838989478026807
36.091221191406255,0.8823930473646501,0.018611749878369808,0.5461852578613525,-0.02831589353000677,0.10878007192813635,-0.006903621741284666
36.11122119140626,1.484328340695597,-0.1275384058013097,1.2436739149065428,0.002448043207194545,0.025088168270354365,-0.053599093957382625
36.131221191406254,0.6037454248586949,-0.017239302262476303,1.262959077386167,-0.008671811164201414,0.04900890522805143,-0.0543310558015648
36.15122119140626,0.7992182567176032,0.3777568635657749,0.7911657763444725,-0.0033208847116333023,0.05411855141668945,-0.0411006440784943
36.171221191406254,1.2068812091656522,0.0755775925755157,0.9619636357002023,-0.021116031923052513,0.0615231026235889,-0.0030789253545511924
36.19122119140626,0.8103223954331886,-0.24532589082712256,1.1768103709920978,0.008852471185291342,0.055859240432615274,-0.04454765326445797
36.21122119140626,0.5739600021703695,0.018171633549904424,1.1125518408518331,-0.03468830383986844,0.043658730129654544,-0.0755179023431029
36.231221191406256,1.7402087520808425,0.137698431356006,1.3407938149288616,0.007754156071345004,-0.04916838336207995,0.052544159416302305
36.25122119140626,1.0556279951354544,-0.6332893205867662,0.8260425219068798,0.017878754018389,0.042011992484607893,0.02070844111705377
36.271221191406255,1.2587040893627743,-0.7855883995831093,0.6959035701500095,-0.05392987560976257,0.09324731217124033,-0.06246151616841518
36.29122119140626,0.6794468136439431,-0.08349117684149611,1.0359749534383627,0.0022349431951062294,0.04169314089777892,-0.06056249466384423
36.311221191406254,0.7655263190602378,-0.01709400869223182,0.7852552552840097,-0.00956195409513222,-0.030402165330439913,0.01642998102011214
36.33122119140626,1.6184917528477285,-0.39777683633867505,0.4728659550277292,0.0009205648094281497,-0.00021940587713492526,0.03977223920342639
36.35122119140626,1.0244136625045173,-0.7174954096213181,0.7412533558165169,-0.008512772084099226,0.002973605263769895,-0.07700112304951026
36.371221191406256,0.5747626950948984,0.06104648371949291,0.578931420666546,-0.018585109263585385,0.04249840129085752,-0.06056013933322754
36.39122119140626,0.2817193415354933,0.305913612197768,0.7198947070910507,0.009512474720045294,0.04602011183276716,0.04442291401365989
36.411221191406256,0.22329143248168842,-0.06306505065154915,0.6382099999352432,0.01958308939424766,-0.006293612300124109,-0.015266045215669995
36.43122119140626,0.5155530983981456,-0.25240314317394247,0.5225862675953754,-0.008724938340357515,0.05721323270701911,0.006449949651722472
36.451221191406255,0.8607237245496246,-0.305677019306345,0.4474738238884191,0.0373872226256974,0.06486178743640046,0.007666756426698394
36.47122119140626,0.6869256572789413,-0.552948980605553,0.9749656278042934,-0.00953215313016499,-0.026571082787300988,-0.020694476122617062
36.491221191406254,0.5350758090571603,-0.5295099110989411,0.39629771193911795,0.027376470220999722,0.085076928248082,-0.007268696549961212
36.51122119140626,1.0617216299765013,-0.2998504929568378,0.6559810283474022,0.00271898830044003,-0.019967003620781246,-0.001372687721164872
36.53122119140626,0.7709822500511878,-0.13922621221340967,0.2414568719649755,0.02969638464582977,0.11256147180349002,0.034213527346610095
36.551221191406256,-0.5431850355660756,-0.11609574510382978,0.6625984331941006,0.011745213665860503,-0.003859416679760179,-0.1267628212293178
36.57122119140626,0.8247099823741028,0.12734354497838835,0.6969645782894442,0.014482378294493715,-0.019086194125690636,0.06517723011042076
36.591221191406255,0.10108685054495146,-0.06699562929486783,0.3101850687576468,0.07475357475927603,0.09581863287493941,-0.011536620978235552
36.61122119140626,0.7507907861894776,-0.8798288748737573,0.9275560882665805,-0.055007503781737806,0.0023994991251395682,-0.049212971030492936
36.631221191406254,-0.04672446199364959,-0.21904770220528128,0.321450211454628,0.09617802199052468,-0.0216403677346475,-0.12672426021315802
36.65122119140626,0.8325070952360772,-0.5144167280417126,0.8378700969054439,-0.08037241175646433,0.08860960508142647,0.05109613576778289
36.671221191406254,0.4962037880248909,-0.25816210267034584,0.34322158094945154,0.12208729342059325,0.008741602465881003,-0.12064378488872733
36.69122119140626,1.7770687905608815,-0.2572202832738786,0.9897292605757756,-0.10692409355109826,0.03923170613081751,0.029247267454591917
36.71122119140626,0.3848345948772936,0.44144254191882043,0.23368525685957345,0.14033749355609285,0.037373384471835025,-0.10005587491110295
36.731221191406256,0.6457084096596202,0.3539595178017571,1.3052289358008453,-0.12021285545011004,0.03901376416561914,0.04432230488261899
36.75122119140626,-0.10360797020671421,0.7928843388285789,0.3000194037710244,0.15089209168319231,0.07756417822994824,-0.05534475880995003
36.771221191406255,1.7795554955858386,-0.05647404609435236,1.5738612119629503,-0.12935279945226738,-0.03734206264819762,0.12239732563258168
36.79122119140626,0.8808590969265784,0.2011120862251541,0.4192078780120914,0.14412078480990365,0.048958236072002004,-0.09562294030002597
36.811221191406254,0.6813046628671389,0.201129321507761,1.4023074798665216,-0.1736336114752746,0.007911495662487972,-0.02586912867968913
36.83122119140626,0.15668001136843662,0.8095073203375639,0.5674308207260056,0.12850294720566136,0.06645570768474343,0.049560239434235126
36.85122119140626,0.501402658036458,-0.046496200000956764,1.3758083338695672,-0.11598178180223545,-0.05397858090867861,0.0627270387886715
36.871221191406256,-0.047035461864580616,-0.04832339934774695,0.1355077005737557,0.022251754875842907,0.12343664269708851,-0.14980796415965875
36.89122119140626,0.43935311215109074,0.3646241030301351,1.2309738681366902,-0.10295406997677703,-0.10608447275460978,-0.028645318050453287
36.911221191406256,0.404566137470688,0.501646944272055,-0.25637476115057256,0.060258252838427964,0.11469138307467407,0.10590446992686704
36.93122119140626,0.5942054213058159,-0.5714412468936827,0.7842995792776628,-0.10998449726173558,-0.012960197490211964,-0.052790740029688865
36.951221191406255,0.2522658077016998,-0.3984881014392007,0.27075916956992224,-0.008736043070729149,0.03095922833057614,-0.12196811667506473
36.97122119140626,0.3369621407034832,0.09036136657422963,0.6212350770068604,-0.07142130532267543,-0.005676179718080049,0.0350091429077997
36.991221191406254,0.4047060319064848,-0.18602144121356096,0.051709428807763864,-0.009978481016590837,0.0337618159354204,-0.0064594270233419345
37.01122119140626,0.9197362406350449,-0.26457584717881805,0.0778613485361109,-0.07602852039071972,0.03716866781669463,-0.07575474135569
37.03122119140626,1.045109916065479,-0.08402576624220812,0.08430926301989385,-0.026265666167161753,-0.034544007324294926,0.0031516704511821195
37.051221191406256,0.8715664995367872,0.010630375497991694,-0.18650444353906862,-0.014438343848197466,0.050355277932714174,0.046418205364611984
37.07122119140626,0.373111615327204,-0.4365898521362014,0.001483467029217787,-0.04746195586062858,-0.050857375675982475,-0.05816606128908829
37.091221191406255,0.487871636667506,0.2634701084746035,-0.5249001272702368,0.0023558592474055675,0.10219114673193172,0.014366906135269652
37.11122119140626,0.2800608500749677,0.12403816714013234,0.2723282865406331,-0.007509992880161915,-0.03309262140097718,0.07687962643205096
37.131221191406254,0.4232175913301107,0.11983979513150585,-0.2773299439650467,0.03854703592075609,-0.0032669030835648033,-0.01335630260752351
37.15122119140626,0.22239719496703989,0.019125891348082676,0.017323325007428104,-0.041104644950378855,-0.009223010257452986,-0.04245032720714257
37.17122119140626,0.33573609346111233,0.44088690037463757,-0.18430188389580324,0.06296788792653893,0.011833416419417809,0.02903709653336082
37.19122119140626,0.14746661175799397,0.17674645011067705,0.4761688184194802,-0.016791799978881868,-0.04703419997743194,0.006085761090315548
37.21122119140626,-0.1812509699558371,0.1950476725349097,0.12696900694258964,0.04406643016948492,0.015006104074528348,-0.057374110822586234
37.231221191406256,-0.157663446780245,0.3807056414105609,0.4128815446169531,-0.020212114777522334,0.03283129185794594,0.0038243113108522306
37.25122119140626,0.17718829204998263,0.5168928855244992,0.364585761439398,0.03980856358729914,-0.006619579574223192,-0.01990398631217959
37.271221191406255,0.04688723333704319,0.3593953906232697,0.6091226683485595,-0.03030860348227881,0.0013588084965160203,-0.04537665447946047
37.29122119140626,0.17544963348268977,0.17771758638914245,0.4114322605406309,0.02678491869721722,-0.054488300882462946,0.0031560160286880357
37.311221191406254,-0.293008127915375,-0.017743215020500885,0.40979188612163453,-0.02152927569891167,-0.002834979317005689,-0.030010172962390967
37.33122119140626,0.24516360879447335,0.3347274666930778,0.28503357822452413,-0.018917824506995015,0.009405576765000593,-0.040861468077667704
37.35122119140626,0.6409851190699415,-0.12789474093580136,0.28038036623992657,0.0018810629672118533,-0.07044636382629044,0.04303069813810667
37.371221191406256,0.18398059168865583,-0.5046995149471327,-0.14616733438518742,-0.03739756797711157,0.0808655252059746,-0.03308289627562604
37.39122119140626,1.139176987298523,0.03284131012937326,0.11621078662643179,-0.03310924864468992,-0.06174345821679442,-0.0759633934237704
37.411221191406256,-0.0035539699304287424,0.13504504785681276,-0.1594172938029501,-0.005695925764278321,0.003761503480002464,0.05123648703491579
37.43122119140626,0.23759480319901904,-0.2806700401343527,-0.10507976463707486,-0.018535650321493184,-0.042388037437824135,0.03388344569462309
37.451221191406255,-0.003005186309870581,-0.26327748775196297,-0.33576353120053454,-0.04193145298753945,0.08727682102428136,-0.08606319736439899
37.47122119140626,0.4215861940039015,0.09457801620106789,-0.022836585116354242,-0.035022985062926934,-0.06451063226214679,-0.023535432722754338
37.491221191406254,0.48412020244001785,0.01894929633758127,-0.3847344710842018,0.008533326121610337,0.01027818856253674,0.08602584314697166
37.51122119140626,0.7590231010529046,-0.31045659754944693,-0.5550246175051782,-0.04070504657576232,0.014993609478900658,-0.07538814902809346
37.53122119140626,0.6958227840641784,0.08005750546985259,-0.2263009228402861,-0.0521476092525631,0.02451372018920711,-0.07411963756904445
37.551221191406256,0.7193916442817379,0.6724300868079011,-0.527747504651855,0.03834540484956124,-0.02706049133266225,0.08085008731475728
37.57122119140626,0.0732101690662827,-0.2791000586463305,-0.6683706104199949,-0.031485874438088174,-0.03650771373763664,0.005397649694445711
37.591221191406255,-0.14432325589432954,-0.017008559650567738,-0.8929105149977625,-0.00585774352343126,0.10331032409564882,-0.10239284064641482
37.61122119140626,0.19850855306206125,0.22282183717219842,-0.19391179596954392,0.0035004176182272364,-0.0948133698213576,0.027366376094556125
37.631221191406254,-0.19284548037877303,0.14031083806345412,-0.6770805527550281,0.04282071284110392,0.07100261509210748,0.0522510306473828
37.65122119140626,0.6232437427298715,-0.07036755392529864,-0.3895510094740001,-0.012497595568255974,-0.0797969229965963,-0.08283796387518141
37.67122119140626,0.5735936037779665,0.3104858503092819,-0.3745132900478014,-0.00475762382072415,0.12263598050142197,0.007302707973356971
37.69122119140626,0.25545387200704855,0.4429626901912333,0.4116980799695335,0.03808689095875595,-0.1452250879485508,-0.011327944626241973
37.71122119140626,0.5968387654042067,0.46142236120583385,-0.6521625694793209,-0.015962676628976172,0.09324886613303598,0.05399238454702359
37.731221191406256,0.15004958945484473,0.30468728065544237,0.15836328762684074,-0.006986314462715509,-0.0037586225010897956,-0.06051532474429027
37.75122119140626,0.5252703925560617,0.24164193965226483,0.1440437346453335,-0.012784843758982202,-0.026936794563899222,0.019982126110781148
37.771221191406255,0.4418845307205267,0.5796941456782255,-0.4285058612066655,7.66902172020389e-05,-0.00319551493442851,0.0029346514086707317
37.79122119140626,0.43984601947217794,0.12645558877610494,0.04827282166437531,-0.0525326780637566,-0.0379656893857389,-0.013374047738489865
37.811221191406254,0.1840398171875855,0.4464547798545255,-0.3271771008774053,0.006251025497933774,0.04690913321524552,-0.008424860374836118
37.83122119140626,0.6530033088774397,0.26138736474709484,0.15587736591379542,-0.06027011083049467,-0.06967699468134773,0.046417122185972166
37.85122119140626,0.6355780643444193,0.4062621614314867,-0.5943922716960593,0.019949056789052788,-0.039131749385062545,-0.026064779192832666
37.871221191406256,0.6743278792554795,0.3923374481591703,-0.2682967787240265,-0.09603262275152591,0.032362261531379624,0.04297471543544324
37.89122119140626,0.2877790869621524,0.25739866576628706,-0.3873812614798338,0.03045437738450697,-0.08372229559341039,0.006807800675001781
37.911221191406256,0.11817499271024773,0.21640113668567967,-0.7431671362406328,-0.0938117864014556,0.01672705989699479,0.010712474826848783
37.93122119140626,-0.02213589528306523,0.14814601374379346,-0.5919845718023724,-0.02142570699530377,1.1630592466302886e-05,-0.006215115895079299
37.951221191406255,0.02033583397345086,0.1566727963715738,-0.7364512808649685,-0.03654745067493061,-0.053378500210395266,0.02241187413406586
37.97122119140626,-0.2760328734732094,-0.11863298236810559,-1.076293003376698,-0.04794365569623791,-0.009602405048713642,-0.015306288667418278
37.991221191406254,0.53211905259714,0.09316506469885029,-0.9869302717718916,-0.047316627631655644,0.07732430580525276,-0.00975553279531048
38.01122119140626,0.7049928544432392,0.48886338408300256,-0.6340662460748078,-0.0289107230401187,-0.09439009066487992,-0.03005543353246706
38.03122119140626,0.11945643248531458,0.26741410445496255,-1.345464418672832,-0.006249675215928777,-0.014434514411065634,0.06937894013891839
38.051221191406256,0.05614221888186176,-0.09942775097964303,-1.4550059536112723,-0.0423787641454332,0.05708405851367366,-0.012786111591209716
38.07122119140626,0.5992035401497978,0.2457417169508211,-0.7485528044630629,-0.030875399656453122,-0.037084761495153336,-0.06485335499693323
38.091221191406255,-0.5812764480697187,0.40908177924400696,-1.3531832615864647,0.025325454684504676,-0.020934561128998986,0.01597504240742926
38.11122119140626,0.030611307566527822,-0.21061678441251805,-1.360820609459962,-0.0329468678997795,0.05568959644129947,0.09010327160602187
38.131221191406254,1.108186139089079,-0.025100428364994605,-1.1839426717703487,0.012499200722533159,0.030969667971860394,-0.13759778970429928
38.15122119140626,0.9229888091876682,0.6783119030914353,-0.8717795644033028,-0.04705939915515232,-0.011393175823338467,-0.03488199557429028
38.17122119140626,-0.5597835288521572,0.421313783155743,-1.2725924051213473,0.07351467177942249,0.01407657522346912,0.09252593182310452
38.19122119140626,0.840430881657395,-0.24216365217565022,-1.4422498178762149,-0.03359637283732891,0.006994849906813604,0.011067059936875017
38.21122119140626,0.6609527279993656,0.03606437383262441,-1.337820888628865,0.011593619854769284,0.04537111493121407,-0.1411334757287952
38.231221191406256,0.6069561268210031,0.4512950795108699,-0.9244896184795454,-0.00043923469878947164,-0.02294890674604979,0.04026045590713366
38.25122119140626,0.031151517266902684,-0.002714967848561601,-1.3898910677038465,0.05324436681239919,0.049734802172166734,0.047788184135928446
38.271221191406255,0.29422137290566636,-0.40150899009933905,-1.186784990435274,-0.032714280606913324,0.029632512683659157,-0.10249623076792179
38.29122119140626,0.3346025366124422,0.012652882044839484,-1.1309800494342341,0.011093521268348054,0.07530058392415055,-0.07580193876333441
38.311221191406254,0.4995554143794317,0.3176838587903139,-0.9597977266187712,0.02481130546361914,-0.008003404689496263,0.03285685146900012
38.33122119140626,1.0461519155859185,0.12589288736949505,-1.3646144587176232,0.0060833661050306,0.06539341287168574,-0.016108638865850785
38.35122119140626,1.0988434664610764,0.07134465578061497,-1.2964712100316118,0.0007408714708577643,0.006159835889988023,-0.11222537692438762
38.371221191406256,0.1474512926212247,0.0478778360013901,-0.9376776681963765,-0.01830887150803883,0.07541897566497485,-0.01864830848110213
38.39122119140626,0.8257312222654908,0.5438272328632188,-1.242201468753039,0.07088535658012436,-0.009611194114697968,0.06530355892405611
38.411221191406256,0.8366621760787591,-0.26469709655756624,-1.4694476569258574,-0.04174748255735904,0.08811285204991713,-0.028346313045370875
38.43122119140626,0.56468031046426,-0.14940616190017503,-1.1947914414923027,0.01255232522826397,0.0320414704956862,-0.14928279742824704
38.451221191406255,1.0863056656479955,0.47352508511992636,-1.0278631977585255,-0.013745054096331573,0.054428546823453224,0.05807908989981475
38.47122119140626,1.4866020802438207,0.524980645277033,-1.25322208546191,0.04470049496216145,0.043987054115824716,0.048691509611118254
38.49122119140626,1.7122937123919872,0.09236393960052175,-1.4784716968918776,-0.025385651432478517,-0.011233827849548792,-0.08114637001332207
38.51122119140626,0.007284798859782945,0.01801537683862044,-1.0488658301813212,-0.02081782091236404,0.09873000433782965,-0.05185523654354213
38.53122119140626,1.4046320878211023,0.5308100392152902,-1.3932805307461213,0.06848106993313187,-0.029010843979743448,0.14848565564402677
38.551221191406256,1.5598028456181816,-0.5166956030433857,-1.8163891967877381,-0.01430030074759607,0.08520659807883098,0.0767717621831973
38.57122119140626,2.2967497925429585,-0.5094672764928206,-1.7586816966841055,0.0023010623955387415,0.03141210655362856,-0.13513152469525364
38.591221191406255,0.9478370309540114,0.00549256123681804,-0.9895015383137504,-0.011919064547123345,-0.012151085844205229,0.03757460224452125
38.61122119140626,2.248745020674008,0.3997194207339052,-2.225963282711958,0.0975209937396581,0.047637500097545055,0.2271029545249655
38.631221191406254,0.8140756387613334,-1.1458886835414717,-0.9287079594631313,-0.07266109193341175,0.035349165554482,-0.07850916746989353
38.65122119140626,0.763023052717186,0.4935293509779914,-1.6910591258776027,0.05574076153180631,0.06449156340832457,-0.1179387309706353
38.67122119140626,2.1282662413514704,0.6921463663905538,-1.4908798611386087,0.012399865751793335,-0.058788567400378106,0.34009021402812956
38.69122119140626,1.2311137646809829,-0.5262055392190113,-1.8600708821973797,0.07921928106577991,0.15101632911281965,0.055251156885979466
38.71122119140626,1.181424142800489,-0.49741507945709024,-1.1115734593086861,-0.0883517265645689,-0.027564100574793252,-0.23095587715700083
38.731221191406256,0.7868831674681729,1.347424710138166,-1.5591013024733544,0.08142475795508197,0.11602010075158614,0.17330627957313205
38.75122119140626,0.8982590881765568,0.5993705383676867,-0.6346425023600706,0.017603852814272982,0.002243078295671933,0.24303124453881353
38.771221191406255,0.5708531996365592,-0.21793228697255956,-1.3183050641171665,-0.005821746251449483,0.09342100893225755,-0.16939341936966926
38.79122119140626,0.9298628263035752,1.0447868170106187,-0.8917352079470627,-0.05881820017988885,0.019582720044264604,-0.00472594670954032
38.811221191406254,0.7965880504026878,1.006651945841402,-1.395116250746961,0.1036134321873733,0.02405422569585595,0.2676555890949084
38.83122119140626,0.9875509026847196,-0.028751593992463888,-1.6000592756734586,-0.0424598866112758,0.039073238341123404,-0.0011748308295365319
38.85122119140626,0.6327459821948238,0.16832365568111177,-1.5090454322911813,-0.034140876974588334,0.09805951264820201,-0.1334522347049745
38.871221191406256,0.39259783862837594,1.1898862227208746,-0.9412257250750996,0.027277258390939963,-0.00931161964105306,0.12286884704120234
38.89122119140626,1.1404603392512813,0.4991371454516927,-1.5942391186449625,0.015833159316104087,0.09569421106761702,0.2228069728638545
38.911221191406256,1.5687636498028703,-0.658235921916265,-1.6077112584385111,-0.03225547897616199,0.07622243162145259,-0.1015547723878422
38.93122119140626,0.6992073375948952,-0.11384212730583583,-1.4992340981460286,-0.06155670218424588,0.06639642510595133,-0.11540803505660788
38.951221191406255,1.5705577261673567,1.2845793257165399,-1.5842697337667757,0.0075737442567716685,0.17390739388737872,0.19780718668413486
38.97122119140626,2.2457580280974785,0.44192099092314163,-0.6864604823176148,-0.016315069718933158,-0.04474976529061532,0.09774707968098005
38.99122119140626,0.9297210329308386,-0.18920014717627312,-1.970665588118531,-0.03093794127914965,0.11479636436180657,-0.09479752633386576
39.01122119140626,0.9142617770803059,0.5405807298033094,-1.6692402146753589,-0.07027003384445217,0.11681908008080037,0.07458683696620229
39.03122119140626,2.0788748069981366,0.514079721600541,-1.211159698589901,0.015497979866602464,0.08380897080728629,0.15887152140639774
39.051221191406256,1.844364829145324,-0.08305727055314337,-1.4848475363726612,-0.050457409498767314,0.05711054591721783,-0.04112481463526516
39.07122119140626,1.476835935431434,0.20617342127818117,-2.053997414295052,-0.06915403736967046,0.15329878654492377,-0.00492202315836572
39.091221191406255,1.2276314528887886,0.94780362216786,-1.4133675996444282,-0.011137010869385863,0.09104861058567476,0.0776219965558433
39.11122119140626,1.4043737341092677,0.5579313304100237,-1.54071709643608,-0.047740367992049566,0.16001356874412076,0.05868696305719747
39.131221191406254,0.9526648998635604,0.4905023294795193,-1.8200370055679103,-0.01888641554868425,0.0567013122284457,-0.0792716154209503
39.15122119140626,1.0972840544248454,0.5463171381988975,-1.9350426709119537,-0.05731259354427802,0.18822682166621826,0.07956063070718952
39.17122119140626,1.1229475330183432,0.4196053933319668,-1.709304235443661,0.021780555628930675,0.102085349348152,-0.00710807242051294
39.19122119140626,0.3775432103203372,0.024861044246549998,-1.6058413969631185,-0.07973739132631587,0.14142946261773712,-0.09610481612665903
39.21122119140626,1.112162357315111,0.6264833422789169,-2.136682904496697,0.01927738812990325,0.1854712400656803,0.0019403221831960625
39.231221191406256,1.4690370999583604,-0.18055871551247468,-1.8173633588902596,-0.019964140912185735,0.12181067698224653,0.04704854809881892
39.25122119140626,1.649495632485254,-0.39167995570374187,-2.510521174571216,0.006636362257053567,0.22633998925776233,-0.13505482901565571
39.271221191406255,2.2164587365406803,0.020257148846261164,-1.7973107889467501,-0.05739763093285476,0.1803805179839292,-0.05818351948782343
39.29122119140626,2.4825160726646236,0.09586966555019993,-2.2046644710732193,0.07386649077775516,0.1875081059677238,0.048794242965587084
39.311221191406254,1.7890111069996644,-0.5902529888742882,-1.5821871696617913,-0.06647327128440102,0.20096286309390848,-0.10618118134468749
39.33122119140626,2.210359526711297,0.4996368930527111,-2.1510472745476408,0.03261622945181924,0.20091375302029432,-0.14239272755096596
39.35122119140626,3.0393729162613923,0.6642462461868857,-1.5888288969935176,-0.021257165789007482,0.24819979858188518,0.14524873505204597
39.371221191406256,3.200288484858582,0.19037876296946749,-1.8936819059598091,0.06966974608632022,0.23985971724684477,0.011442467511384596
39.39122119140626,2.714534013514508,-0.36388560285050287,-1.397553816501515,-0.068086472908438,0.1339273727384411,-0.14857241816209207
39.411221191406256,2.7418534302743742,0.4312009115663884,-2.831659157325495,0.07968105932744127,0.2877672295070925,0.055303156653164764
39.43122119140626,3.1472264210049086,-0.4535393964539596,-1.6624468561749646,-0.026177702619805447,0.18766199112799742,0.11401282832440013
39.451221191406255,2.4945471367924155,-0.46374978204761624,-2.2408970073726926,0.06414974168394003,0.2603168670045845,-0.20261221913945676
39.47122119140626,3.345572980528781,0.26691991884431177,-1.8052812284652044,-0.062321575010529456,0.2018160900225861,-0.014824185919416635
39.49122119140626,2.885745772752942,0.5656633922971229,-2.3157742189120847,0.138578738377796,0.33899931979950904,0.12044099777990712
39.51122119140626,2.8844349744377378,-0.22303904148590387,-1.3435529142157205,-0.04642830835708306,0.18105632931520776,-0.06485251186801182
39.53122119140626,2.7568487998383944,0.3681119844436865,-2.146423285075731,0.06400539905296426,0.3440852038264741,-0.0697928178076403
39.551221191406256,2.4183539761379453,0.5213438003158682,-1.358622564323588,0.022236670162019075,0.216116551961111,0.09272388525668954
39.57122119140626,1.7250328944834676,0.08062523442765232,-1.9298244851354707,0.06197550546891729,0.2833738912123324,-0.05997035271179632
39.591221191406255,2.393160545305687,0.41685433502492014,-1.5083937399926461,-0.017028189466607977,0.3264787217998523,-0.05222111517882328
39.61122119140626,2.892277288795316,0.42524572528282845,-1.2958711205187563,0.06796125396387956,0.2875454926762278,0.05381166060122452
39.631221191406254,3.265149292185593,0.30005942157184334,-1.3492503774403126,0.015705272488701964,0.24467303109963284,-0.016257883279741217
39.65122119140626,3.6466170973394156,0.2659039660318056,-1.4991712791155587,-0.006907320976607383,0.3405358750120045,0.00793186958097196
39.67122119140626,4.262781105440654,0.5038180721034633,-1.1526848399117626,0.026649504356257472,0.25326594860539475,0.06868234300920976
39.69122119140626,4.135661823482201,0.39173201584125356,-1.1534543951613432,-0.021928511797346215,0.24332216260352485,0.04162069635453442
39.71122119140626,3.081190255741448,0.5864234304707439,-1.5881407822973752,0.0002635349073208961,0.28067584540692453,-0.016522594542861764
39.731221191406256,3.255752419909553,0.9661394342444868,-1.3895786575972133,-0.02864928539003869,0.317961281161376,0.15540168161729365
39.75122119140626,3.4511696727462806,0.6255619871926891,-1.2187571795695287,0.02633444430785212,0.26427064331494055,0.12487477068716912
39.771221191406255,4.154833701461764,0.4458429497965716,-1.5712706358519466,-0.049792127344325525,0.28187232210416624,0.03336008224301316
39.79122119140626,3.8668288643637423,0.766048425029841,-1.9322600109018033,-0.012185807324192372,0.2807506088017749,0.02766067086389574
39.81122119140626,3.5596687237585223,0.7264099777087619,-1.3445600582957207,-0.022429157665595303,0.29716318582067774,0.22346563819432622
39.83122119140626,2.9966911161875127,0.14138300609660343,-1.4931760254319195,0.016811727222661426,0.2276600965593864,0.04301869011132928
39.85122119140626,3.027254324876126,0.10701011109882752,-1.7881570574272971,-0.09723000829809939,0.38653310105008676,0.012219391482325457
39.871221191406256,3.2095370980223272,0.9572218570572242,-1.8847023268182403,0.03409932530331105,0.3128911863305403,0.12694033651899664
39.89122119140626,2.6268099522054844,-0.13182424809403218,-1.1696599208263727,-0.058789380519779895,0.2740569516760774,0.13438298540339208
39.911221191406256,3.1118553046261455,0.22283720002549756,-2.2052154341518615,0.01879590619560703,0.3447721662932108,-0.029579495142205644
39.93122119140626,3.757590500976927,0.3442633041282649,-1.432294508640828,-0.09191822597893007,0.3070131732720179,0.12530404361024988
39.951221191406255,3.2139462627666697,0.40807169446516417,-1.920548884880982,0.07209680221489044,0.34328194733393436,0.10901964333371578
39.97122119140626,3.447543814507412,-0.1855660286309134,-1.2480153627564128,-0.12124488904467332,0.30207970205953927,0.03871657637449742
39.99122119140626,3.343619930897198,0.8828983749909362,-1.8443187383555615,0.04928023720171925,0.3756396258827441,0.06051574634735481
40.01122119140626,3.6683341399738896,0.7795157814848348,-1.1996907416151863,-0.06032541021363461,0.2860297848121668,0.2261684852319988
40.03122119140626,3.0131173394143307,0.3279937765252016,-1.8902948160557769,0.02798090865715328,0.388261711811534,0.04234861517166521
40.051221191406256,3.809151059182981,0.4927076309111954,-1.1962975947177856,-0.10313315266764488,0.32044836952034733,0.04453295923175323
40.07122119140626,3.059617915106934,0.9600082755567058,-1.835358367215472,0.053186090368525514,0.43268268722313646,0.16145401202995507
40.091221191406255,3.3696391727025277,0.3611519674334488,-1.4228774626624372,-0.06570964287185979,0.3052444621686353,0.1354407405994128
40.11122119140626,2.9824730794931673,0.034630815171464366,-2.035631125914571,0.008548301982297567,0.3940761577262771,0.0056889025602537
40.131221191406254,3.46876576655012,0.550369937034601,-1.6498162633751248,-0.04856571587671667,0.3610702261292589,0.0894607978981736
40.15122119140626,3.146562353896983,0.6500190785072131,-1.9249282303201234,0.03925614058096169,0.4285335412758412,0.15133767284012922
40.17122119140626,4.0447752073464605,0.15441321299641367,-1.70343162643319,-0.021474667742902832,0.3412931739633543,0.10510356336581365
40.19122119140626,3.424192037760641,-0.0035899801020911094,-1.585588768483808,-0.017473213309206124,0.44299624563195616,0.0077940027775647265
40.21122119140626,3.4550806371785265,0.9539760388749441,-1.290221011205598,0.001003750819378933,0.37483301816798026,0.0838847106222645
40.231221191406256,3.7753598480823363,0.749872283673779,-1.2960176252295692,0.008445008582006632,0.38881075939450976,0.22330183806755535
40.25122119140626,4.12503147668689,0.2708772717763056,-1.4512519060794855,0.0023109728958153586,0.38738183551981326,0.047006497769728206
40.271221191406255,3.4663292349588346,0.33082240244036093,-0.9476037394984851,-0.0754275588487622,0.43956518082531504,0.00865652551554124
40.29122119140626,3.9230726096540285,1.0647068168144127,-1.2446250187020804,0.04168383787212112,0.3963352308982534,0.2168576925792647
40.31122119140626,4.245645175577705,0.11653552829441421,-1.12593805301747,-0.03803433209910679,0.32814790682977174,0.2158815807409065
40.33122119140626,3.495350109290994,-0.2006516288385521,-1.5467255344194044,-0.027809334934103508,0.48576635508145416,-0.012613467917647673
40.35122119140626,3.910047496178611,0.4840644218721946,-0.8374625456115464,-0.07568760236667477,0.35086294015851266,0.1026771875181718
40.371221191406256,3.3035409140547864,0.6968158315716304,-1.2748916818661717,0.029945265166392215,0.4102161758847828,0.21630087295125836
40.39122119140626,3.117367577439061,0.14615914743647856,-0.8166066467028507,-0.09559693412827822,0.3863434646759098,0.03824490452543999
40.411221191406256,2.7068917456861135,0.7078686753009277,-0.9971713399872275,-0.05030326612195735,0.4932666259014816,-0.007074966267649164
40.43122119140626,3.1866152240124723,1.3087294082736414,-0.6118227762093015,-0.04345454985232602,0.3584434340031738,0.19297008846884706
40.451221191406255,3.1652189263139423,0.6247810135034552,-1.245689445240733,-0.004128231382288743,0.387543965391082,0.1685790335614043
40.47122119140626,3.9379934862169073,0.16272998534422942,-1.5065570771283399,-0.07542396460223594,0.45193880228210453,0.02765786000287074
40.49122119140626,3.930100324097666,0.28646233376328667,-1.1824940445514658,-0.032449058847623946,0.3894937818682275,0.08355264588198424
40.51122119140626,4.222325414595245,0.4693948088525674,-1.5251913131418364,0.006272231862917224,0.411541022824169,0.20548054820198727
40.53122119140626,4.636137993965927,-0.30608752558970276,-1.7219088596814567,-0.04173727144881939,0.4492954093150313,0.12514612830534938
40.551221191406256,3.9086676833125655,-0.22498563932582563,-1.6406668449280188,-0.007476151799221105,0.41973486719647407,0.025842704447999482
40.57122119140626,3.872412572554295,0.04771393869163874,-1.501703393963097,-0.008623261570324491,0.40900269167207726,0.19546922585662901
40.591221191406255,3.6578068420203302,-0.17467060800675,-1.7999537973086006,0.03937553693856398,0.47454581203354723,0.16422448038534307
40.61122119140626,3.8596806582639553,-0.5978906137708591,-1.2172264008652727,-0.02902204822354362,0.4307908940830538,0.05265222813966401
40.631221191406254,3.81264780405238,-0.0724174078924583,-1.5902833731265194,0.038615588472738833,0.4765793624298843,0.08117020775130276
40.65122119140626,3.4934779491951415,0.1287928422768649,-0.9805547574700992,-0.005531831261322079,0.4311819479181948,0.11332149488792882
40.67122119140626,3.7233807565171224,0.022798737543641298,-1.1911309385085789,0.0331193891112931,0.5129625176422431,0.08768519981726686
40.69122119140626,3.657106104391001,0.10026926632168716,-0.9114671265737967,0.0005508339526072595,0.43660535512212956,0.029268516335665337
40.71122119140626,3.2082656287619193,0.2164939090800075,-0.8886792544713751,0.009799448237643034,0.5432579333320822,0.10098692199541694
40.731221191406256,3.5368951990624375,0.7090217102713735,-0.5551722840954908,0.028649406722085706,0.4474456023184954,0.06393702247477667
40.75122119140626,4.161002938086542,0.505897307732613,-0.5223039504810542,-0.005538656183074351,0.4499424892603991,0.11897112629613454
40.771221191406255,3.933553143848186,0.7416531171742947,-0.686148655510001,0.040890160601915464,0.4709959151060875,0.09261766878335848
40.79122119140626,3.460490666278422,0.308605348953859,-0.21282170503191683,-0.008761762137297215,0.3935076155044901,0.13820647545920625
40.81122119140626,2.709456495218285,0.11073240775786018,-0.9934582862860337,0.05184230158479901,0.4564641920931487,0.07389316793900494
40.83122119140626,3.3931691127245673,0.07770853521034428,-0.3884370869378591,-0.05598777200134012,0.4534021853250999,0.08399583683377043
40.85122119140626,2.8914514825662088,0.2662348399934207,-1.1131222080393166,0.10670449712879186,0.4535008122935307,0.08889118092120436
40.871221191406256,2.8847148520105916,-0.12992868238722324,-1.5365488545104822,-0.009612448292658456,0.4234162314805669,0.15986096307869085
40.89122119140626,3.428102856940647,-0.9141893642078377,-1.2475493028554498,0.06115607851599217,0.49794642698936065,0.1051350368455735
40.911221191406256,3.212118978661175,-0.8435935548567052,-0.7881047448878281,0.03152865092794652,0.4435730239196174,-0.08799187818678225
40.93122119140626,4.14571413142346,0.21661680564729752,-1.0218155740986004,0.019099825317979633,0.5350191162675498,0.10555541984271812
40.951221191406255,3.8705657161508142,0.3054286006451427,-0.126479323152396,0.10049014879771721,0.43455326561464663,0.1305005890997174
40.97122119140626,3.0720407112968355,-0.47407165993517375,0.3829106403571967,-0.006724157712703898,0.516086669643899,-0.01016489563265483
40.99122119140626,3.129943899930312,0.339895106240528,-0.05019843767088822,0.07355027444979781,0.42614792904970594,0.00167580036346049
41.01122119140626,3.2129393418698093,-0.26367246851544324,0.06588391471608557,0.04055073822561244,0.40990352833138194,0.2262355411289056
41.03122119140626,2.3984156531380907,-1.046199367305953,-0.3026450675208926,0.06994613260461105,0.517333588375438,-0.030492539450906575
41.051221191406256,2.801805833844764,-0.685178522470373,0.2145760858647465,-0.043598388303104044,0.4689399252866295,-0.09384747851146168
41.07122119140626,3.550338810155626,0.3797051622309884,0.22453403951455428,0.09562475765057304,0.45429758310956286,0.1467551054071064
41.091221191406255,3.1809655455153174,-0.31279899822050494,-0.16108014164523513,0.04419073063346805,0.37920559304106866,0.09354079784154852
41.11122119140626,3.7215362672409578,-0.8346717192750669,-1.1836580891555109,0.01578336859441864,0.5171873820688814,-0.0428295838625622
41.131221191406254,4.2733679708993115,-0.1797754791891141,-0.3466094277403356,0.03847573061763987,0.4938154417153753,0.06341883557811656
41.15122119140626,4.472094760479928,0.2012324368158564,-0.3330685540349159,0.08904045428747334,0.43246929394253125,0.1241247144176049
41.17122119140626,3.6552089041069777,0.1906315143997619,-0.23511157986036357,0.02737225495369395,0.47587405537656874,0.011642335597520386
41.19122119140626,4.135708837222104,0.4150124230684704,0.17278208606479697,0.03663728108306974,0.45358001099755313,0.05247530540879175
41.21122119140626,3.67541942090914,0.49980015874700945,0.13760227796433594,0.06832089244223051,0.4595093980101433,0.10331589816083149
41.231221191406256,4.100977100016734,0.23115516698205615,0.16581910142624168,0.0050491679841967434,0.5292155023665388,0.11922309914002115
41.25122119140626,3.83377044753564,0.022838074828765598,0.10855837566861909,0.039527578091021295,0.5030888978456193,0.025266560106617014
41.271221191406255,3.396331952101618,0.12408301519254981,0.39266138756933927,-0.0033349437591037165,0.3661408262611554,0.07126090509644818
41.29122119140626,3.558336469468999,0.25150361850143604,-0.14523529181664505,0.015723091763771496,0.5717372151422312,0.1116992685801609
41.31122119140626,4.166272037197254,0.10906372469890424,0.13796886977581838,0.0011159155317937467,0.4037232702229387,0.04986337831376618
41.33122119140626,2.2925296318197694,-0.5998684839310118,0.03580242960484526,-0.012828679003261274,0.5023894043686974,0.05248784549776247
41.35122119140626,2.9192264984498544,-0.08978897135090752,-0.5831602762814364,0.03284374777546861,0.3650490075371675,0.04033104308321356
41.371221191406256,2.454060488142064,-0.4526620723248662,-0.49219274694758597,-0.02720556069470144,0.490630605319146,0.06613948807933794
41.39122119140626,2.9817584297555304,0.03802403335699677,-0.8599181338088265,0.05880720132851322,0.4627758575659424,-0.03656717579683304
41.411221191406256,2.908848855423423,-0.5483164519003503,-0.2676610613099308,-0.03879509989804757,0.44997665622332,0.04597730631737623
41.43122119140626,3.4023750171627487,-0.26409539602408666,-1.2905283499834461,0.12073518282321345,0.43818625846701675,0.03261269609446619
41.451221191406255,2.1778009960512352,-1.177474140649172,-0.49031743303009623,-0.047927381501707736,0.4494721761775974,-0.04501616795046016
41.47122119140626,1.7531139762380816,-0.7015005562637975,-0.9206726779143852,0.10007562142174266,0.534656511395046,-0.07235656669272342
41.49122119140626,2.6689927575443777,-0.6376951839445417,0.10498379264879176,-0.007884064256674076,0.4264039070749756,0.025890701552934593
41.51122119140626,2.6529342504171844,-0.4320687748222281,-0.20090000280594073,0.07600701607550438,0.5712771068037588,-0.07231628032846152
41.53122119140626,2.632679759054175,-0.5324779624332728,0.8281861212742553,-0.0063695239616178515,0.38151460302231294,-0.08549082204701677
41.551221191406256,3.3464017479118926,-0.03994125197213531,-0.7155456045001278,0.08218216584115916,0.5572666914885341,0.05098409587722784
41.57122119140626,3.889805096515685,-0.8044999874885655,0.8802800768403201,-0.041606630774569706,0.39494701856160874,-0.04024446952872326
41.591221191406255,3.4934241429278385,-0.13321318181533356,-0.3000310411181334,0.07554622822485045,0.5465703144134574,-0.1170813851828051
41.61122119140626,3.7650618567097105,-0.011650323186216137,0.2973874294876656,-0.037597601848026393,0.408276502667018,0.08817932591982544
41.63122119140626,3.477561988886597,-0.34751224351467536,-0.2832787643700208,0.10299778842526004,0.4532037884053156,0.017781486423064593
41.65122119140626,3.1334613032415244,-0.48094829540025724,0.46361017671115246,-0.06051457070463048,0.4433931634125129,-0.15380217081520967
41.67122119140626,2.9463985308795633,0.49803797884193063,-0.2532485288534769,0.0790617933145222,0.4871582296131006,-0.009598110151669493
41.69122119140626,2.977047557255013,0.229507036907489,0.03961055845423161,0.04632144594078582,0.3351963163604121,0.09623786618573117
41.71122119140626,3.401788379396066,-0.25797068513294297,-0.6423258412351257,0.04965258773613886,0.5643929784684824,-0.06609312868369534
41.731221191406256,3.8744618026978594,0.19123254642395712,0.11819961352903714,0.017020773403126955,0.48523360621724404,-0.11441835692006608
41.75122119140626,4.33113388044123,0.5624554506701746,0.26378053742286917,0.08641039055588401,0.43532240015019014,0.12572586410030012
41.771221191406255,4.894033741245274,-0.038754868918435346,0.16362440109670284,0.06132040104662003,0.43351281094696925,0.0740121730760557
41.79122119140626,4.243175015321201,-0.52074965209023,0.4913239132396089,0.014727986609899482,0.4174163573437198,-0.06901961320312044
41.81122119140626,3.3928421584586492,0.20894328156493855,0.10458351426803092,0.07104220006444437,0.43426621007196875,0.07538192433392153
41.83122119140626,3.3230337177011138,-0.32623820882384796,0.5392815140534526,0.03191264735742106,0.3510273738745894,0.15040698479791248
41.85122119140626,2.7909720553571424,-0.6016271912459603,-0.025977524310711323,0.06142030313248479,0.4385594743155186,-0.0845078940818177
41.871221191406256,1.8938758730167142,-0.3450949659782542,0.38981246638624706,-0.029471166915114946,0.470575609477664,-0.03747426782703096
41.89122119140626,1.7429317349147175,0.03407951527710531,0.15253646385005892,0.09964162179734025,0.43969089545410694,0.06085702270414057
41.911221191406256,1.4919617598269532,-1.0440481203119287,0.7092433932264717,-0.024666728234572118,0.4003597833957157,-0.051288847946083495
41.93122119140626,1.7162066375903282,-0.5981189666742637,0.032358666886098016,0.043775954548108974,0.4768581561971611,-0.1962054033770249
41.951221191406255,2.881750981698453,-0.11608196699061822,0.7477204890215317,-0.030200093112002637,0.44402694887812927,0.014318184437597725
41.97122119140626,2.9896452665884823,-0.27539616283599305,0.4752678615525921,0.07583566302124474,0.440131841557744,-0.025844285070471054
41.99122119140626,3.0879985496686775,-0.7256137674890393,0.889853671914952,-0.067871493430364,0.3999400490093199,-0.14015034624905057
42.01122119140626,3.0607708918427505,0.1991839606978196,0.3748827189781299,0.03454841089645424,0.452607292734898,-0.030643603176392996
42.03122119140626,3.5448227386364017,0.23944015748768147,0.6406629211546978,-0.017378311672742622,0.40394433149787423,0.07407151942552026
42.051221191406256,3.0737062250662976,-0.15582706888617115,0.16377098464901232,0.007547167154254576,0.4099531496385668,-0.09215981003234401
42.07122119140626,2.5758997449198073,0.32619613946180576,0.3437243913273772,-0.05121892115693051,0.44101621655620804,-0.10857560603435977
42.091221191406255,2.7721074936053354,0.8706953197503523,0.17857832102288596,0.025703262819499636,0.45461696483288144,0.03380813881034277
42.11122119140626,2.788459057428196,0.3012103773246923,0.6814867792611436,-0.019901263134739264,0.40243343200480175,-0.019817686975617043
42.13122119140626,3.1495193265280848,0.3977128989315974,0.37216744152179065,0.004218615320224621,0.4185178225166961,-0.11804001356315998
42.15122119140626,3.046972089126181,0.6018422174466289,0.3748373934494617,-0.03654471496382438,0.4632871095779008,-0.05621645288727517
42.17122119140626,3.409756531574989,0.44121325304604675,0.7733952308664687,0.006502756906171368,0.4293224416626727,0.004876903796831704
42.19122119140626,3.8579899575307453,0.2089916291071233,0.6497786876723849,-0.016321081012994103,0.38743255790088743,-0.07817347294853612
42.21122119140626,3.6418115451027964,0.31496121533572385,0.45582576043594436,-0.03958145271962971,0.4530419594859247,-0.0557493873083708
42.231221191406256,4.0673455429520775,0.3256114733963407,0.5074451903876983,-0.009793800224303512,0.4293629261810059,0.03467413817994529
42.25122119140626,3.663405308116033,-0.012708879698500163,0.6314459418471087,-0.02940884443992504,0.3965466888021673,-0.018109957222501617
42.271221191406255,3.3684546310664434,0.1941193627582343,0.5016093095112399,-0.0408802433399339,0.4256017331200013,-0.050207841277158785
42.29122119140626,3.413772235196191,0.14273833449040077,0.6981247611590524,-0.02636636894342862,0.35492841096920213,0.05436134039524005
42.31122119140626,3.4601406146273312,-0.10835606116749995,0.27157787838003217,-0.014907837182520162,0.4050784343714968,0.04115850052241758
42.33122119140626,3.3043098795010106,-0.3046485114632125,0.5609684996701203,-0.07430067099464363,0.4142220658030979,-0.052130421284325976
42.35122119140626,3.1222477007589977,0.12927926598341466,0.6004696886101071,-0.02157678902964128,0.3690023021814047,0.0071491815646257915
42.371221191406256,2.933309519106426,-0.04824232303207376,0.48413174884803445,-0.039884063639176896,0.3598876951947579,0.07344453256131245
42.39122119140626,3.065182057800502,-0.34706197863683746,0.326824552812538,-0.04122240611906971,0.40498647638306395,0.006106889823030426
42.411221191406256,3.176434162264867,-0.31196570907472504,0.39652191333656406,-0.05227792125944117,0.3573267309804613,-0.023970406663495907
42.43122119140626,2.8341027668881327,-0.14381561107951824,0.4170778087882777,-0.028737838127827254,0.35193580961787607,0.06820070203839565
42.451221191406255,2.5240639362863204,-0.2067349512253377,0.4871567854044527,-0.02864855761483383,0.33947170000225907,0.029266560936633657
42.47122119140626,2.444340327706434,-0.5107150967394246,0.4536712620514828,-0.057047549854160946,0.3616456283424116,-0.016375853719062233
42.49122119140626,2.66300645895009,-0.1198508617633215,0.3655695462182939,-0.018377365389530508,0.35915703910201313,0.023532662403540756
42.51122119140626,2.9003633056695914,0.08213387852437153,0.509608675469065,-0.029260765241153185,0.31308798826510537,0.03559719696354045
42.53122119140626,2.413298098487878,0.26196793949307834,0.10264768671604423,-0.00036890141885352937,0.33693498147396983,-0.005221097791083248
42.551221191406256,2.459256793893307,0.13456142612627375,0.3877741689988488,-0.03448384268816549,0.3892628916265853,0.048193740109916186
42.57122119140626,2.1687925809578856,0.07047825942594672,0.5179026180831207,0.0231786311079717,0.32662605437295045,-0.021628095807587157
42.591221191406255,2.164425332235364,0.11839240894474026,0.7193984889363642,-0.030286500406759648,0.34375237479408405,-0.0016877816675187327
42.61122119140626,2.2969630597694124,0.4000044162535933,0.32990883473364624,0.047510452035802606,0.39259531800230574,0.028557826234872755
42.63122119140626,2.3610688521840775,0.13414470623713765,1.0496378049111454,-0.020789236110709434,0.31826758865470867,0.01571471874321854
42.65122119140626,2.466415497423123,0.37820240304943115,0.9012374991356015,0.041733105692458965,0.3650849745012598,-0.016668686786191496
42.67122119140626,2.558070928411894,0.5263694325967413,1.1831998729318616,-0.0014516388803108343,0.27714721908288403,0.034444448576714345
42.69122119140626,2.682409466305438,0.42073094083012175,0.95100862944525,0.028904373850394162,0.38071731424426547,0.05828458689992215
42.71122119140626,2.9956008872179996,0.1785259777461559,1.4364490672415857,-0.0016267929303872498,0.258975834428713,-0.009623316860885387
42.731221191406256,2.8832007179497205,0.3529319274618392,1.1366652070870917,-0.004227825783626674,0.33819471126583667,0.026758899279674588
42.75122119140626,2.6970290024166483,0.4421803682194043,1.3441285671480545,0.010803336301468125,0.28094667967227505,0.06968975083647286
42.771221191406255,2.410297259135101,0.09028863119263522,1.035810979132721,0.0034584115712631837,0.28669152436943957,0.06254499563891283
42.79122119140626,2.533278855271025,-0.005471138455707508,1.1277366476305979,-0.03161850206933605,0.35273630351858837,0.02876782904892971
42.81122119140626,2.5263634592654016,0.13769690982708147,1.3360538885559332,-0.004410800129539877,0.27634904665699744,0.019502937134661905
42.83122119140626,2.2129318698946303,0.02856645504707699,1.2231915596377505,-0.02724199398156742,0.2972655010186442,0.07146300353991743
42.85122119140626,2.3734198032414855,-0.05593670646561045,1.016415203649879,-0.01022401843283868,0.27347598268876433,0.03787109026075665
42.871221191406256,2.579860587819342,-0.12381099499220977,1.1572443276036481,-0.047548686018255,0.288708877834042,0.0164079152449743
42.89122119140626,2.1123233559465255,-0.05003125521155412,1.245431055452217,-0.016389504939430147,0.2816243216483806,0.04575305202837005
42.911221191406256,2.28283264704499,-0.18954435764506208,1.1792371616124246,-0.025357168099396338,0.20879383525731784,0.07791140637451666
42.93122119140626,2.2268858739379036,-0.11366035237950127,0.6361760009096337,-0.02422620631193348,0.32919536665573873,0.03673275440175774
42.95122119140626,2.053167333533824,-0.1512659586287386,1.386622553063287,-0.059590335700694025,0.2556864785784811,0.0012800901207769373
42.97122119140626,1.6575545679000294,0.2089718848436382,1.0684050293939227,0.001872649513256835,0.24703387237155292,0.03682296174980869
42.99122119140626,1.6818005400131457,-0.14224693111954528,0.93258848308296,-0.047765600540610166,0.26003893105090076,0.09567348261704345
43.01122119140626,1.6581192296529277,-0.43921332359225046,0.8743176930764297,-0.02463909610402675,0.2898803698094265,-0.04332514496273915
43.03122119140626,1.4743951549237986,-0.1418972730207879,1.0439023832454641,-0.053974193456877935,0.28122463653900903,-0.014748545720994061
43.051221191406256,1.6817019005359306,0.1826599342633306,0.9067665904425092,0.0011902064261860349,0.2694401789986923,0.07416125993178295
43.07122119140626,2.110091391902012,-0.07363905499701401,0.9260906510300705,-0.022361801785256492,0.2184381818724343,0.019232623611885647
43.091221191406255,2.082930921911987,-0.015072144726503575,0.7736487206293988,-0.023422553216242818,0.290033090265035,-0.016015024673667687
43.11122119140626,2.0478844497124116,0.39604161405145427,0.9968121640693502,-0.011455440295440381,0.2663709129926626,0.035401336387540186
43.13122119140626,2.475304866585754,0.2914751485407149,1.091602175083329,0.0033445436535965577,0.22566789997250733,0.10110096848754316
43.15122119140626,2.1330213452204636,-0.037524311214928295,0.7920471062462263,-0.0034318286132626434,0.25533897933574423,-0.008610293222094499
43.17122119140626,1.2561822706444339,0.020131658606963997,1.1870813617447553,-0.03952422403853054,0.2834001403036221,-0.02392095438485167
43.19122119140626,1.8998338894429414,0.4742648970926856,1.0862554868365573,0.028776389763705716,0.22532621892716856,0.0929756107884709
43.21122119140626,1.8163558209250197,-0.11669551380992592,1.1046671634226566,-0.013888222150568012,0.26012372362108493,0.046901677033333186
43.231221191406256,1.7723873850299252,-0.2691716449365082,1.0482717689245509,-0.013876160494666414,0.23895830261686574,-0.07523206576209535
43.25122119140626,1.9214349504375974,0.27740435821028814,1.3087441724465412,-0.005333181942899309,0.19246595969119748,0.054964744124382146
43.271221191406255,1.7206964929645627,0.16456280643952323,1.1834690471746232,0.011812749061179621,0.24936067706968268,0.05806327116149686
43.29122119140626,2.1738449515326357,-0.12063203373378541,1.146718103065954,-0.02086862207958368,0.1943917358581282,-0.008849000679418226
43.31122119140626,2.1561625359577516,-0.15738156575094026,1.2192233561045496,-0.026668051992754776,0.26728048048986436,0.03443715296700403
43.33122119140626,1.4617358638095344,0.08522667830286125,1.3284672031936269,0.019070909272673468,0.12479770835865614,-0.005030573672555164
43.35122119140626,1.358222449774765,0.19696900206246454,0.9191487019451948,-0.040134571278085326,0.27072819828394257,0.08731913220340042
43.371221191406256,1.7660825996720457,-0.03974643949874317,1.3459986407040587,0.01534580646844646,0.18716888657865693,0.025055994127028528
43.39122119140626,1.757668637972555,-0.08592032138671957,1.36143816611436,-0.04248460967682535,0.19430158668828976,0.018289584911959603
43.411221191406256,1.8248959614890634,0.4045461564625807,1.083630254569917,0.006671614565952602,0.195536314271159,0.05581784924925183
43.43122119140626,1.873286523570511,-0.049891879062630304,1.5812463399690686,-0.03778856430115093,0.15874829176601896,0.11149563460246237
43.45122119140626,1.1784173724036295,0.04432815966339407,1.025379388825787,0.005742402735496174,0.19789869116712913,-0.03208310250256259
43.47122119140626,1.1270881669841193,0.06973931772502871,1.8609769276761916,-0.09757660873645137,0.12527755987329436,0.04209900705027608
43.49122119140626,1.5075054086834476,0.7909141843229617,0.8942850197460321,0.07305590794724315,0.1979677373377825,0.12501400524285583
43.51122119140626,1.5134464924227842,-0.3657677034773655,1.5216964779798539,-0.1179601942787155,0.113987870204583,0.07552242979883513
43.53122119140626,1.0183086990443844,0.28356474241234864,0.9392499569699674,0.038014973736312255,0.16591766713097575,-0.046774678222933776
43.551221191406256,0.8753824430036288,0.19416623792530305,1.5150750690436905,-0.0935382492431096,0.1277928048439233,0.14393830718988754
43.57122119140626,0.6715996819537008,0.02669714493398034,0.7524867715756888,0.05731293405930707,0.12845158262025702,0.10682291407919776
43.591221191406255,1.057746897861399,-0.3305953439956041,1.750707866688684,-0.1135904887658841,0.08336046254298592,-0.0020986445006994934
43.61122119140626,0.5124516439309165,0.2883927348335186,0.8610297401132356,0.03555351577896174,0.1568361968166576,0.04331836745649848
43.63122119140626,0.29184022255755787,0.07696413157005895,1.540359860395074,-0.06778999047176737,0.040482240568369555,0.14984584456576489
43.65122119140626,-0.525049346638877,-0.24924322189369102,0.9267210581301685,0.006041075130907468,0.1565975242749623,-0.01579327625290588
43.67122119140626,0.1385226698477961,0.1436711844597913,1.729929629993616,-0.08650623274105729,0.019092417622136013,0.013947575430880457
43.69122119140626,-0.335433780595488,0.3129779246917738,0.9590298270371611,0.05035103011353388,0.097789523725637,0.13195955994743083
43.71122119140626,0.05337648454086703,-0.386908525193951,1.2143390648869572,-0.06742205731261941,0.027469901125913253,0.044830839019082094
43.731221191406256,-0.3823525572189888,-0.3978754535973023,1.125240290329637,-0.013285191676413306,0.05690226740989316,-0.05602763460484951
43.75122119140626,-0.11628060273446071,0.03427496261192407,1.2383548109203042,-0.01853701175518149,-0.0061682440362070745,0.07672857393631316
43.771221191406255,-0.12785510773905698,-0.23446397863401205,0.6992181030594569,0.01040378171440059,0.07622823721703498,0.09183208005907936
43.79122119140626,0.2874407683295305,-0.43147982420981057,1.1117221494322906,-0.04048584513940236,0.037055744399169366,-0.05403945369018167
43.81122119140626,-0.0534522774070982,0.13667398556333804,1.2924709495779885,-0.006271569864839118,0.045672464453857343,0.0017568867823801104
43.83122119140626,-0.36105487549312076,0.40615260931793934,0.9896069770963516,0.027384730295318523,0.022457359494685327,0.08032434791604076
43.85122119140626,0.09036927215058882,-0.28118674196173704,1.093505318718189,-0.022117352040101852,0.016816929763948017,0.03705665194749901
43.871221191406256,0.5169615605161183,-0.21905071686062613,0.8536617216609089,0.026822090641468465,0.06650836756638064,-0.03694099359089834
43.89122119140626,0.31630248898293434,-0.02287584258396567,1.1262006738198527,-0.017967854570515154,0.013107495713049361,0.01931343495439034
43.911221191406256,-0.35034205890267983,0.07585725866220926,1.1394849554361663,0.032022588842896174,0.08351107538555344,0.03217687236447142
43.93122119140626,0.8058430464062231,-0.041687629253656634,1.5258483597867416,-0.014209673165469137,0.010423132715777245,0.029463912135426318
43.95122119140626,-0.007589472418514792,-0.036139842072013796,1.064303842987876,0.031692791316439504,0.0385003336182077,-0.039913273275092524
43.97122119140626,0.17357568981171861,0.1502858277695291,1.5297091035499377,-0.033746463333416736,0.0272279541479723,0.051674774830511305
43.99122119140626,0.3736643100745333,0.2397326048339998,1.3286418684123256,0.05068493600761399,0.03315781580290182,0.027907934620458406
44.01122119140626,0.29703868698397756,-0.056703510738754986,1.546493165720287,-0.041123371742086946,-0.015991723348906018,0.0061619651723007355
44.03122119140626,0.17255926431173585,0.05013034807955634,1.1782073237869009,0.0247212298842449,0.03204589841915462,0.019876693329362198
44.051221191406256,0.27136732321068774,-0.028881621598826342,1.538124155804071,-0.021506744977092384,-0.014275033113549149,0.061569164966871405
44.07122119140626,-0.021996143511721914,-0.03575676602946876,1.154069980884796,0.013636685172096387,0.042210603302551164,0.013232509199716684
44.091221191406255,0.3615811756789113,-0.05839472549520572,1.3982726192331807,-0.03579399576736145,0.005899428060699284,0.03345649959204463
44.11122119140626,0.006662935262394994,-0.2834140419513771,1.3152302080812104,0.020597335996551426,-0.038219047463682605,0.03052300436472752
44.13122119140626,-0.25192022335744946,-0.41941282477136604,1.2664939760786234,-0.0409244909424414,0.03210472164880614,0.004621802131433091
44.15122119140626,-0.08485225524058647,-0.16505506481897325,0.9280765503993534,0.016763275162802856,-0.04351413775812118,-0.008322592411524466
44.17122119140626,0.169617202973869,-0.3519747633308808,1.0742715140997716,-0.03691247242886143,0.03574248669967816,0.0627014165133424
44.19122119140626,0.31305956360845005,-0.3519946004918826,1.0432782925742214,0.02921417659395338,-0.015946686989246568,-0.030229565527175345
44.21122119140626,0.5115805331876785,-0.3821228827618523,1.15297251551696,-0.03889545498920683,-0.022910836334502773,0.047296888485519474
44.231221191406256,0.3073021477766839,-0.2466063218213915,0.8426821797485718,0.03854597818682462,0.009035586344749824,0.015263017607330684
44.25122119140626,-0.012272825017351269,-0.37394129381500246,1.4202142056857114,-0.054786046472983733,-0.016650731949291113,-0.01822735260573534
44.27122119140626,0.4054164214741362,0.331496396456295,0.8120901305887066,0.051816690755173436,0.011815517182452301,0.04650892382095007
44.29122119140626,0.50652784475559,-0.2679771572222867,1.3204784953541886,-0.024543295003662754,-0.08787489176431376,0.09724448928311259
44.31122119140626,-0.36917109940590076,-0.27396961499902994,0.8565538948611966,0.026681163965705693,0.06768640256291011,-0.062263683185122196
44.33122119140626,0.4012626243756181,0.1060032707914756,1.252051979856203,-0.043320162061283446,-0.05406032783788432,0.016916985262033384
44.35122119140626,0.1863215784075828,0.3511718388589376,0.7886220861195873,0.0691663190820305,0.0026207643744623733,0.09053638659686652
44.371221191406256,-0.2393193963334584,-0.3897880423086242,1.4075122398223352,-0.04425784571204045,-0.04521439733501592,-0.0025422687402843675
44.39122119140626,-0.1077167223339616,0.11596439314983782,0.9401706035487165,0.03237995974774112,0.017567756580719032,-0.030204016298739172
44.411221191406256,-0.14544895205418393,0.34702424743531113,1.563634924101799,-0.011935152937379519,-0.09325998869522996,0.07308339875005394
44.43122119140626,-0.34000171549234576,0.2955087165734706,1.046356937421167,0.031669784381451314,0.06882380621237656,0.03469940207326601
44.45122119140626,-0.11353715615289323,-0.012316306693748733,1.7743608632413888,-0.05049253578658494,-0.04559118622016804,-0.025385203124699707
44.47122119140626,-0.26018543156786156,0.36482167662455706,1.409568344306885,0.035188975693266636,-0.047431977360016336,0.041112138536054284
44.49122119140626,-0.21883323787926792,0.14280795987294018,1.3458811977531968,-0.03129048342636039,-0.023478129163888473,0.07595740402864155
44.51122119140626,0.2674658097795066,-0.13825368223325415,1.3812369452679583,-0.008497326233010933,-0.05625039180355063,0.010063695740694366
44.53122119140626,0.1784441890102087,0.2086256878673076,1.301249168477868,-0.036441588891359455,0.0017840517852494998,0.016737895542412503
44.551221191406256,-0.46164619637710885,0.11876250353057352,1.5692149864858875,-0.02055263670930038,-0.07635526726492423,0.07778755150271281
44.57122119140626,-0.5374750254960363,-0.01794099600670758,1.1841811143393273,-0.01102425521872949,-0.06707232017953936,0.070517816074116
44.591221191406255,-0.8664710674516087,-0.16811206777421017,1.094705515016055,-0.042918075927975544,-0.07470691869563528,0.0064231921415278
44.61122119140626,-1.0208364748429652,-0.09310288121014491,1.157234165491132,-0.03406820737274537,0.011650220968697568,0.05738168134063815
44.63122119140626,-1.4130093034015248,-0.15109035304017887,1.510099149058361,-0.021639772207911412,-0.13421746615242441,-0.01765966950428887
44.65122119140626,-1.0359609001992924,-0.12574769645130443,1.041237223423479,-0.05421447402350235,0.004841993586705816,0.026355109056623013
44.67122119140626,-0.4421348294201426,0.11644343858639589,1.1503783150202052,-0.012014354607706548,-0.13523249209108196,-0.025080577786243737
44.69122119140626,-0.4830598190045249,-0.03359679469050638,0.8214419230271701,-0.042641037928672305,-0.01808173835002638,0.05345274362792371
44.71122119140626,-0.9428705761115973,-0.16703421397043808,0.8577763749411107,-0.0171148535031304,-0.04240287314876899,-0.04853185752653382
44.731221191406256,-0.24679607437931023,-0.06299542984299175,1.2913890332229265,-0.0568591095178706,-0.08063327650469101,0.009839354266260236
44.75122119140626,-0.7748131028774767,0.16097546962350107,0.948961240094482,0.02796414354641951,-0.06132320043004929,0.009662746111433423
44.77122119140626,-0.6007256853774776,0.0348798530451905,1.019340055253293,-0.05658363590546441,-0.06544716305959879,0.0029281046851576836
44.79122119140626,-0.5036689592697084,0.2660416973301013,0.7563636906770319,0.019296879380425576,-0.024993991892516578,-0.013485042253815286
44.81122119140626,-0.16546059938823635,0.12592157071646048,1.227890185335759,-0.03566601628761308,-0.06542766416730206,0.036507162127443385
44.83122119140626,-0.4249321707383255,-0.07977266986165717,0.9465579088322366,0.027211064326617105,-0.08092356979664497,0.0007307570602391487
44.85122119140626,0.14921214146909204,-0.08712694168102106,0.8874621250398688,-0.026336694932709636,-0.05772018122547326,0.03272814423409376
44.871221191406256,-0.3713356170061981,-0.1943008259873454,1.0219346628679624,0.01687020545442884,-0.052199151497656075,0.004482348394456853
44.89122119140626,-0.9570451677737501,0.0861101266634391,1.1511596496606045,-0.010218360334438317,-0.04863766500439151,-0.03315175663963201
44.911221191406256,-0.36042308318281885,0.128168459848711,1.0533568494678487,-0.006536744461297068,-0.0032139065730358123,0.06315476031333006
44.93122119140626,0.045177377139732064,0.04781026172744017,1.2903412606648579,0.01945911670581373,-0.1278126910342318,-0.006068767440073715
44.95122119140626,-0.5886734921116294,-0.11500759672719735,1.1987064116620954,-0.041785176836361265,-0.005337411581631997,-0.048520216092830866
44.97122119140626,-0.3548740821065653,0.3800635112872851,1.023135678840745,0.021330308512260473,-0.048277013783921074,0.031090297391527667
44.99122119140626,0.22083507772036448,0.15427835281540409,1.3263068819137303,-0.028014356631458695,-0.02508608553526342,0.07329958267066909
45.01122119140626,-0.12722092390129466,-0.06443957195925024,1.4725115092718442,-0.009354677613804258,-0.05325021436022672,-0.06882869731768228
45.03122119140626,-0.2161392062218985,0.4657085428399214,1.5017122805628846,-0.040183148425768825,-0.08352987683151473,0.0008463218624008036
45.051221191406256,-0.3521603395247972,0.3863196040577554,1.0697695297681535,0.013964663048255319,-0.016661066355928057,0.11718506028055437
45.07122119140626,-0.02140803045900803,-0.03411151145280338,1.6072274244849543,-0.042427954011296405,-0.09137645730129562,0.012541344451450078
45.091221191406255,-0.4686032153905392,0.05877538849707426,1.130771388055711,-0.01753713098171807,-0.07886184424475094,-0.04496233655436967
45.11122119140626,-0.2650334788638453,0.5205911653762226,0.9713742293773083,-0.03139098492823528,0.006014510842168335,0.11353189515998222
45.13122119140626,-0.5322986485578276,-0.3122432697319377,1.1724955909827128,0.0018744292015476817,-0.11501728860087784,0.06010770587232935
45.15122119140626,-0.765805197745231,-0.39744441435608774,0.8540835528144568,-0.039806586023661085,-0.050064256020823115,-0.059966193078456034
45.17122119140626,-0.824392730393395,-0.1597754183879349,1.0482419731497665,-0.0395714996959992,-0.016543081204933002,0.030453332648843062
45.19122119140626,-0.7900785607763449,-0.07610927155232705,1.144927352030699,0.019306319752125715,-0.09955340353302852,0.04405917553699452
45.21122119140626,-1.0521390502415924,-0.422099034030085,0.8767821105604195,-0.053617650163244775,-0.03271442225853598,-0.030481090085848043
45.231221191406256,-0.9583181945836108,-0.050388194406311926,0.9019476597151463,-0.017281763743536554,0.00485117417538118,-0.05561349070908664
45.25122119140626,0.2032993411210291,0.21521164114959426,1.272833134771635,-0.017672142588122445,-0.1433021223169282,0.04941237037194905
45.27122119140626,-0.8191426270560602,-0.10285313578397644,0.809996337943285,0.011128265682833306,-0.0241181162188946,-0.0013053559220274468
45.29122119140626,-0.5639154550065062,-0.4079803687448744,1.0402394946893339,-0.055258253828270196,-0.06707602562474158,-0.054154059048996304
45.31122119140626,-0.08280589372405803,0.0752562275016797,0.9163195729807958,0.027586799608806552,-0.0749369356194539,0.023508945982558264
45.33122119140626,-0.5753596105169868,-0.013311832516357383,0.7371987760422173,-0.01289591305458691,-0.018491054664492676,0.009322286892226637
45.35122119140626,-0.19307432434590283,-0.09877268386665171,0.6065301712792862,-0.006235705600055238,0.0011887284807293136,-0.02439643584983034
45.371221191406256,0.20587323166755075,0.11389058220187609,1.1146399027726357,0.018237748876375283,-0.10538052161140048,0.03524125685784965
45.39122119140626,-0.1533301328591097,-0.10873977270788057,0.9584430294500377,0.02138115357646121,-0.10123124451798368,0.003983119362469401
45.411221191406256,-0.5306248894453128,-0.11548470221811859,0.8633287112834763,-0.008629011459511754,0.013345220542650044,-0.0017452446119424225
45.43122119140626,-0.19063549179589434,0.07427439445822566,1.2033352657562573,0.02589531202043995,-0.06840414910777674,0.030147745342605847
45.45122119140626,-0.5221776707910967,-0.08522747953942236,1.33749433859521,0.006358349817774131,-0.08019906467060935,0.0186692328889454
45.47122119140626,-0.5305682088186019,-0.13351093975797063,1.200944847044172,0.00678963372934338,-0.06907330578231258,-0.01782624105283875
45.49122119140626,-0.556319144039075,-0.11997436482509576,0.953941340118309,0.0017023768598964056,-0.02861685371303843,0.012244371959882407
45.51122119140626,-0.2827354939961921,-0.010672147518092439,1.170621346323943,-0.010699337126496657,-0.01564896512315736,0.011666428051556016
45.53122119140626,-0.3994540641794576,-0.1310294805551369,1.2101980631848048,0.0072957576812624075,-0.07778946881041895,-0.03780318305653893
45.551221191406256,-0.021945037541257813,-0.004969833879209616,0.6685622621340991,-0.009381743218328135,-0.024908988990121277,0.026294308519906332
45.57122119140626,-0.2836440101742833,-0.2917514980176806,0.9295488938017816,-0.009977859929216716,-0.002094528992628066,4.216255571215414e-05
45.59122119140626,-0.14412315845622092,-0.06276294608441647,0.9789055137236167,7.26601673173751e-05,-0.028623351127105758,-0.017739141318475045
45.61122119140626,-0.7513299730197506,0.06061213123547319,1.1982289887055313,-0.02158420427789955,-0.0309761790112247,-0.007173241277570923
45.63122119140626,-0.5176045643413378,0.11158051532994132,1.2757791881195282,-0.0008542637142853493,-0.06770856913089122,0.012184962915369019
45.65122119140626,-0.5359540502789719,-0.0006926760965180982,0.9862948432643386,-0.018216548946426093,0.005370988530405797,0.000463551153857675
45.67122119140626,-0.502201253977933,-0.024356932634723917,1.074027240514598,-0.02157765056075863,-0.036778232739754516,-0.0027953978282956615
45.69122119140626,-0.6714560919183494,-0.10857885699728222,1.2298020572578319,-0.007782526385895548,-0.08883800626794966,0.005027350872498252
45.71122119140626,-0.7358339332080838,-0.1313064619905065,1.0178732414398928,-0.013399825430009721,-0.05592587757056642,0.018582277659587924
45.731221191406256,-0.5728867729197121,0.01049302864636785,0.6364019428989112,-0.009920484010257172,0.014273181756352503,0.006507014654207604
45.75122119140626,-0.3893269897454537,-0.06450263075825798,0.8171734957902098,-0.01674511488642027,-0.07633676890163887,-0.010874170696509063
45.77122119140626,-0.10200422179655967,-0.07532208260478668,0.8025107346140746,-0.003860833309413103,-0.07866309805219002,0.0031447286033150826
45.79122119140626,-0.26964235051722363,-0.07269508033935998,0.8983067019459298,-0.013919195379722187,-0.04633507638228058,0.0039393731949712504
45.81122119140626,-0.5841517919900838,-0.05075962831374634,0.8394892426295902,-0.0033503072565843894,-0.06461550867983681,-0.023313342491477578
45.83122119140626,-0.24683979928330355,0.09031087289311573,0.7346252361681168,-0.03129841690038266,-0.03936691531304494,-0.032399888030574975
45.85122119140626,-0.3980620229408469,0.11003339993191116,0.7675300471676922,-0.006127445384248303,-0.003926743223784517,0.004545942055177841
45.871221191406256,0.0346426007960679,-0.04964109808295534,0.7504775460180549,-0.014376250697516793,-0.047432693768030595,0.018926197238754508
45.89122119140626,-0.27223834596807334,-0.22464294719702738,1.0207597721777109,-0.03438277100093477,-0.03327660237565077,-0.03579595452551306
45.911221191406256,-0.8704602366171774,0.4049626259501489,0.7227904842103884,-0.010288560976536994,-0.059088497896903895,-0.09657673096678666
45.93122119140626,-0.2345121235941454,0.5357016963078493,0.9575629488685111,-0.035274221659592084,-0.07895791920859653,0.085764603974267
45.95122119140626,-0.48331224271273004,0.19144851208320887,0.50008505079878,0.033217084304150775,-0.016679364124825354,-0.02133073689784477
45.97122119140626,-0.7554407057475829,-0.12033008809126317,0.9238606969779627,-0.0796958838180916,-0.11346980316501891,-0.09316097682148823
45.99122119140626,-0.7623763778674658,0.7475936156270737,0.41042079255785185,0.027532500535480404,0.0797737320826961,0.02994554716035527
46.01122119140626,0.08801626267667007,0.10673112595519692,1.331931379996593,-0.05030325840133268,-0.11397636121967068,0.06315439938447501
46.03122119140626,0.3647543858950937,-0.21038961519307098,0.30310798136782513,0.007104311985687092,0.006953451531264003,-0.08122331423422868
46.051221191406256,0.5425838113281124,0.2740474539106772,0.5820211534997467,-0.08025988583558748,-0.0046621737303400535,0.0139696377855183
46.07122119140626,0.07339117999454939,0.3631143884407213,0.6938157962733568,0.0439765449732592,-0.0798506949949146,0.09777606192729314
46.09122119140626,0.014411659128927654,-0.08539840642680559,1.048896429917673,-0.06817295286860721,-0.060002682115518256,0.02604205567822313
46.11122119140626,-0.2652064522703949,0.36343215851668675,0.633499677193136,-0.017432963776513134,0.01799161690814877,-0.01783417371819647
46.13122119140626,-0.23615550279531697,0.9494464843561117,0.7051453490126568,-0.039231093957232975,-0.024295556001392084,0.09539069780973032
46.15122119140626,0.43556824175736153,0.31145692117056123,0.43422223652641845,-0.027914994016165956,-0.002168957499382783,0.08553006549795666
46.17122119140626,-0.06057067502964697,0.13384926102226244,0.5334864369257982,-0.05744775863650448,-0.02520282666824683,-0.054223298764545756
46.19122119140626,-0.5750673990245678,0.2236707323562877,0.9639822687915215,-0.05825101576413367,-0.14867026774582418,0.01364056206876255
46.21122119140626,-0.7350888709032318,0.28162406996024375,0.2517363604457682,0.0029099467150302395,0.04347617102925381,0.12880978250376607
46.231221191406256,0.18221574630577947,-0.27502599312102116,0.23572588082961482,-0.07044797122524843,0.0023101574048530137,0.033724236848103314
46.25122119140626,-0.3089853127336063,0.04463776833842107,0.20820976034901958,-0.032243442684537285,-0.026222145258184067,-0.10537861003318348
46.27122119140626,-0.7888659740194575,0.35064525063564594,1.1151962321340927,-0.05851104411709521,-0.08899492827313225,0.09020812868318315
46.29122119140626,-0.16785893011584163,0.3022126695258912,-0.0009767260394883334,0.04846077102581012,0.00115938640758545,0.10022305631964906
46.31122119140626,-0.02410046933045786,-0.22148401409076662,0.5919524075546018,-0.11052788377062472,-0.021828659466431456,-0.06908849969587408
46.33122119140626,0.6009401168813661,0.22453351880650324,-0.09681579426274753,0.02983750709074731,0.02872227738118242,0.02051844909063751
46.35122119140626,-0.048662070295183414,0.0024086284647629676,0.39259603999730036,-0.02397559565802138,-0.13381987032453987,0.11706702555498812
46.371221191406256,-0.2175608961227392,-0.3687247837021166,-0.34340655922833185,0.012583331090597722,0.03175804919554528,0.012258736778966307
46.39122119140626,-0.3714778141985006,-0.17440984116507385,-0.05285221684480991,-0.026688448275511426,-0.05270572950644072,-0.06593593543533251
46.411221191406256,-0.42096378435689275,0.18057583206027436,0.1179852801282665,0.019326309451517955,0.012022553753308192,0.09417151266222333
46.43122119140626,-0.8166310024297583,-0.10026608692198527,0.5895777827876607,0.03385159545619699,-0.08829639988410136,0.00816526686179004
46.45122119140626,-1.3931716488023789,-0.4768351137459618,0.07375168506669934,-0.01678534606966265,0.010127667830296333,-0.0970695362539211
46.47122119140626,-0.19776561375657412,-0.08450441237397475,-0.04626160867571341,0.021072092172075403,0.04508465488164954,0.02924025333203761
46.49122119140626,-0.0006590677358800649,-0.17999073418026487,0.41866130444376326,0.04007400953710238,-0.029320832075926586,0.034151680199725885
46.51122119140626,-0.9293511540538729,-0.4461676868798294,0.24197151486549112,0.015814347119126857,0.006319750079973672,-0.082534377672522
46.53122119140626,-0.7629511330186903,-0.18296158129142534,0.2578963708231952,0.008677112644966066,0.04327311448144759,-0.015187964201868387
46.551221191406256,-0.49540052089523035,-0.009454937937790403,0.3441614099548564,0.046186599639951594,-0.027620533859824253,-0.005442113134189427
46.57122119140626,0.11723163529579288,-0.09676922219687285,0.4863494732321183,0.0012687187379327519,-0.00641031033539264,-0.03207643538189479
46.59122119140626,-0.012298561880437974,0.1454954302943448,0.1107448797986536,0.0432491868439401,0.05061303902384701,-0.02316787818465044
46.61122119140626,-0.14725582141931146,-0.04050043524396746,0.7131562850437567,0.014540898408754516,-0.10845127057708724,0.0369459083734646
46.63122119140626,-1.2309559860476862,-0.34906632162363715,0.541975125189588,0.029472808651311175,0.047643408735931425,-0.06838379737062661
46.65122119140626,-0.4927306954135537,-0.15566045203979423,0.8742991060523464,-0.03504378442591353,-0.023486041902086197,-0.0713837926557285
46.67122119140626,-0.2803584311761133,0.08935264805013629,0.5058512583402189,0.03077524546524935,0.09150830579583968,0.02551763005486194
46.69122119140626,0.5778146616570141,-0.02615683567501735,0.6437046360705329,-0.014108459861865295,-0.07801288522068445,-0.026358674147765396
46.71122119140626,-0.020781056238310707,-0.05038356591370606,0.10519261191860542,-0.018425392537523948,0.037153480475412094,-0.10039044169600904
46.731221191406256,-0.4102383479930765,0.04835573569116828,0.5092915213751813,-0.012928302174944216,-0.048275345709027584,-0.0035956705683548706
46.75122119140626,0.1721587244982001,-0.16992513060999115,0.38314783817901515,0.01558191616512172,-0.00556734923487891,0.09779007823604438
46.77122119140626,-0.01443690460327244,-0.4582466250412122,0.3572747754718699,-0.026298989372948087,-0.016598528865341328,-0.12221543233637411
46.79122119140626,-0.006390361757367963,0.04700159573498013,0.19902119990955427,-0.05096066557799844,0.023534589947899955,-0.0628651583144881
46.81122119140626,0.1564389419201945,0.4100208567672771,0.46121442086131365,0.018683281996704007,-0.04981531455381496,0.07395878314552363
46.83122119140626,-0.12791524840737634,-0.12086266730129779,0.14298013516172442,-0.02607690957390243,-0.043097839043161244,-0.023888995740107045
46.85122119140626,-0.6361355202922704,-0.30252971745276075,0.13742999892868202,-0.047032529122465846,0.0011576019199549465,-0.09164350787474203
46.871221191406256,-0.3857799919843854,0.33364692193242745,0.05565942108811793,0.00557881661173922,0.029710743167533925,0.02662483399173901
46.89122119140626,-0.10923969909143505,0.07486677205337547,0.11775142215359181,-0.02718992066980499,0.02709034446373735,0.043073224556180276
46.911221191406256,-0.23117610975341296,-0.008982268540468717,0.20642347875945877,-0.011897079373368237,-0.044818986288662335,-0.12598731639323138
46.93122119140626,-0.03159602097743475,0.3911484146717804,-0.2235000978526598,-0.037062854746576925,0.009425961791068537,-0.008895947105651829
46.95122119140626,0.15541431381396464,0.41904010347812115,0.020918910769040133,0.016691781661678423,0.01903695080105519,0.06699136021747275
46.97122119140626,0.5245930477460611,-0.045369616942513485,0.2595759928367346,-0.01695359963485705,-0.048056972463251135,-0.029030856586373464
46.99122119140626,-0.26000378974486316,0.1804796198173756,-0.1375280040454327,-0.021423707335893313,0.011561681928513323,-0.1070077712010607
47.01122119140626,-0.13223665408273114,0.5311942371241942,0.40748946147737786,-0.019048250751236888,-0.053992138143227814,0.03106814159783606
47.03122119140626,-0.0167614826563748,0.4614288415999047,-0.1526544284100606,0.035718522687984006,0.035490972040742766,0.05037810148549786
47.051221191406256,0.18597580073497108,-0.20631657933429595,0.16677221034793005,-0.05853639213734862,-0.03994980945866826,-0.05042557193528823
47.07122119140626,-0.02195308741856712,0.0670198493502044,0.04590920044194435,0.01302017650193828,-0.024179469627828624,-0.0585058596160741
47.09122119140626,0.26521758850546434,0.312212969897844,-0.07720875388093185,-0.015292316537172772,-0.04946567861351494,0.04834374027166162
47.11122119140626,-0.17588719004163741,-0.15159951142801428,-0.21678916065567516,0.008105979525054888,0.023060505092413225,0.026385520970980385
47.13122119140626,0.03392151470917906,-0.39897448367964533,0.246336331129448,-0.024097738626693076,-0.09099049543174569,-0.03871164494480403
47.15122119140626,-0.3422338035242787,0.08037370828109662,-0.2394498574786194,0.0068977769082304245,-0.00310962699809133,-0.014161076667872939
47.17122119140626,-0.009596395139670632,0.20083005334825305,0.23442960715469552,-0.030782994465512883,0.0067427054774195395,0.05649213285249926
47.19122119140626,-0.44709191466431913,-0.04235381961701284,-0.059860675339487385,0.03856678485591774,-0.08379615935511352,-0.03625764595802714
47.21122119140626,-0.5399865752336169,-0.290060368625513,-0.1446312866089331,-0.07491357169001564,0.06826850129464583,-0.00843772311218648
47.231221191406256,0.388982448809239,0.37749783779302926,-0.3694199953998948,0.06361041921070172,-0.06863488706055268,0.003612783986925633
47.25122119140626,0.08897166808397992,-0.17954459392752004,-0.2151827600718616,-0.04170594879203235,-0.018893438851001507,0.060223531462832686
47.27122119140626,-0.16849651105170252,-0.2805193193197985,-0.5821163558978683,0.044369570346239964,-0.01578193146638925,-0.07084049585834551
47.29122119140626,0.3564011546754613,-0.15077553369515417,-0.3754707410640135,-0.038230127182112335,-2.57779184176254e-05,0.029594239932911194
47.31122119140626,-0.24429320352916792,-0.008905847488041914,-0.43153402940923,0.0636946996610369,-0.020633264325359415,-0.00864120690295588
47.33122119140626,0.15050040932903513,-0.283142132478445,-0.030182646837958824,-0.042171362443760574,-0.01357189513919734,0.021100673047612
47.35122119140626,-0.0032237481978500356,0.1475301846853155,-0.479198883117395,0.05575857431124154,0.03574412690269192,-0.03513250574635187
47.371221191406256,0.006221421571719422,-0.08101324763395609,0.2885662062906634,-0.04867979244314854,-0.03177029298459906,0.032547370659667826
47.39122119140626,-0.5936974342961859,0.22816502513156472,-0.22046035431781724,0.07928330449296166,-0.03429474566338089,-0.0028458140026281988
47.41122119140626,0.03432530596881439,-0.019703021836712267,0.30454377584160297,-0.07511874175514979,0.045073081001212045,0.06410514345447056
47.43122119140626,-0.03241053195851241,0.17910296294763114,-0.1347039233336075,0.08669302479856356,-0.030203052061722274,-0.022630811594814504
47.45122119140626,-0.11619714635437235,-0.2532446297177447,-0.009442656667139029,-0.07020403672320664,-0.05354673522395696,0.03891496113321823
47.47122119140626,-0.6535148311218008,0.15426051825713183,-0.1780352491059854,0.05049812540187587,0.0322758163820094,-0.012649703311915002
47.49122119140626,-0.1451636667302602,0.29455992873256076,0.38122276358299584,-0.04487171949759636,-0.05432277113558262,0.03043922573520941
47.51122119140626,-0.47730805231333273,0.30772034824079536,-0.41051131471309976,0.042128772102783256,0.020732791995036345,0.0229263351068221
47.53122119140626,-0.7272531801223691,-0.13846063592659316,0.5095106879542419,-0.06982211940194152,-0.06359751653378531,-0.009511712970484115
47.551221191406256,-0.45020402875481474,0.28676255487440083,-0.26798438407344405,0.03404070577664333,-0.0009077088386780896,-0.0069133080031526205
47.57122119140626,0.0728721469713703,0.2551379084684923,0.39338146439126875,-0.08698387832363737,0.00042073124392291,0.026385428221637437
47.59122119140626,-0.4231488969135362,0.47798050241942297,0.05425290130774951,0.02353182521486005,-0.03783269732829077,-0.05206717371565006
47.61122119140626,-0.064573416957682,0.44113648512716375,0.032483992990169665,-0.0757842650309058,-0.031974554092081074,0.07703766275632536
47.63122119140626,-0.38112049726233893,0.20631512407167454,-0.4503203147623118,0.01909071646347515,-0.010441550507385232,-0.0038450012018277024
47.65122119140626,-0.057043037414378106,0.1882798000692996,-0.1712749032842056,-0.0951924414644309,-0.0053500196229308425,-0.0378281885485417
47.67122119140626,-0.5346662955583241,0.41566422234488176,-0.31826891169352384,0.0007182547555212758,-0.02549591005873953,-0.021543492218694168
47.69122119140626,-0.14551659801504804,0.3200118137935274,-0.35196458230876404,-0.03926110492697127,-0.0264548607447627,0.07307892922018391
47.71122119140626,-0.6574386615218484,0.07692828195941556,-0.6649066734829195,-0.024915243485022023,0.05371006890701533,-0.05427489924574372
47.731221191406256,-0.5797120368767861,0.06302834478743506,0.05295943303407591,-0.06704883284183562,-0.005395456855579025,-0.03731992675466009
47.75122119140626,0.5909348151157593,0.5897517103323582,-0.5843699260535433,0.03169942991615435,-0.05798926373552726,0.05653714174171217
47.77122119140626,-0.18699492464455159,-0.1735778258135651,-0.4215189756087926,-0.06436193300387152,-0.003289775635976422,-0.004558782634691768
47.79122119140626,-0.595758763837036,0.022648245699607397,-0.6546344246022789,-0.003359509459844372,0.0015266867274215605,-0.11583292944407746
47.81122119140626,-0.17937673673264382,0.4421293570553497,-0.4189553112934935,-0.0380117421677041,-0.016332309149084904,0.06067308503993135
47.83122119140626,0.027813110953358425,0.23535606866638828,-0.6705868798438144,0.035469034605615936,-0.005279588245765192,0.035268200962881864
47.85122119140626,0.02202926423381319,-0.2311296209675983,-0.6124035364187995,-0.04686630634957467,-0.07192242972789302,-0.11278712030722075
47.871221191406256,-0.32768024243443683,0.5230951265560772,-1.0565377470736652,0.0051399389923298825,0.06869273833235173,-0.035177215187956
47.89122119140626,0.030642698412864006,0.2780478879123156,-0.05462076375905671,0.009341362613934295,-0.07340357299385257,0.10963486269403973
47.91122119140626,-0.43837620586687276,-0.08242789634791325,-0.8450055274443679,0.03869046830200975,-0.006509530403740709,-0.060513374210363034
47.93122119140626,-0.33932371402614875,-0.024930420169305474,-0.5893475170237618,-0.0722212231937819,0.012577368866957797,-0.08582295417724282
47.95122119140626,-0.6751748843795147,0.7557886713292675,-0.8100227459611482,0.07268440916987871,0.038277239558813035,0.019866379639199166
47.97122119140626,-0.2297711397283957,0.03646375103688576,-0.03488363183667002,-0.04385749721851807,-0.06439231538588884,0.04933780149179911
47.99122119140626,-0.8994666051980322,-0.15649637526382584,-0.9138259849844892,0.04854524550683584,0.06585237730499294,-0.1127881076014053
48.01122119140626,0.011378320928401268,-0.027237345694074228,-0.043848415049334045,-0.07950522688961248,-0.07338937737210625,-0.032142765887797645
48.03122119140626,0.07323935498884813,0.40398587984906176,-0.8061044522797166,0.09094250023495136,0.04569347191895498,0.025394532994751015
48.051221191406256,-0.08984950547443363,-0.3457329617303726,-0.3151379515028572,-0.07034556007894917,-0.04080016754078032,-0.01804809170947044
48.07122119140626,-0.23985228337887235,-0.14658971873001675,-0.8814552340438556,0.03858009010766105,0.03281565987127989,-0.09314981170723707
48.09122119140626,-0.027853551911377457,0.16817028938185397,-0.20368064956916218,-0.041558002223127714,-0.05190451102495323,0.009570468310777987
48.11122119140626,0.1014366067326256,0.17450409868882216,-0.9197118385536789,0.05222516631611881,0.03456499290709533,0.024436461729230467
48.13122119140626,0.06390899521521483,-0.21734179435753367,-0.31638625685517435,-0.058556696821329766,-0.004749799695899894,-0.06229206983386485
48.15122119140626,-0.37221601635558055,0.282677837799995,-0.6201533084682012,0.016201827264214107,0.019462737684864232,-0.07415406882624478
48.17122119140626,-0.1438316706614432,0.5322541320324834,-0.23307710975592405,-0.026812264706986482,-0.04705416081793385,0.03476687254547596
48.19122119140626,0.10896985056680306,0.16391061782789504,-0.7335490075498989,0.02728060599871841,0.002465652900437478,0.02266047080852846
48.21122119140626,-0.30721172406283637,-0.10396724794287825,-0.4453093555690423,-0.060441622906426,0.03726812100905854,-0.1095768160553463
48.231221191406256,0.002383389197750078,0.5146983229922993,-0.3731922757783744,-0.0023466966803748746,-0.014620943927872701,-0.022915917139238264
48.25122119140626,0.17044566799037444,0.5350575472456262,-0.5357097476718634,0.005652770510431854,-0.026546585037961878,0.06701966565057527
48.27122119140626,-0.4876829977599209,-0.05690718221704134,-0.366292308672388,-0.04770715757444199,0.0006931741380863703,-0.08179624705493341
48.29122119140626,0.20331847804780692,0.6005049266896428,-0.5826010213088589,-0.012673551613317121,-0.01299529370247903,-0.045901093876672294
48.31122119140626,-0.04257972973325856,0.5262315861269468,-0.5340022040884473,-0.011928665691360148,-0.023938547285643975,0.07894920026271043
48.33122119140626,-0.3418926734416934,0.057746253838584775,-0.5162860152494139,-0.02918770604701172,0.01798220401655593,-0.052173087040592626
48.35122119140626,0.10932561111674374,0.42172447153697634,-0.27850689627855135,-0.0650586889114337,0.004937062365067114,-0.07790000833258207
48.371221191406256,-0.06923120557688844,0.8791204611117968,-0.47535916404398093,-0.004961295791479635,0.0005418251255558462,0.04058601928060872
48.39122119140626,-0.5083329623375944,0.39595691669688626,-0.24906626528815884,-0.061992535180535865,-0.009565798929414615,-0.009746996661212705
48.41122119140626,0.16885410307837243,0.49030390447222055,-0.5538062421447537,-0.04334226542087429,0.003952635289988634,-0.06599609922906273
48.43122119140626,0.14801425559959294,0.5108508095844821,-0.7022573635470573,-0.03481819356019805,-0.03913317402497943,0.03427454948542009
48.45122119140626,-0.23376379788322968,0.07960052736798104,-1.3989437770365754,-0.013137364601471135,0.027130223120466326,0.027862686000894695
48.47122119140626,0.13076653349237305,-0.40631886068384,-1.0289199909342641,-0.06770616053527827,0.02327303652093938,-0.04773816697927667
48.49122119140626,0.6207416985915787,0.08308920635793278,-0.9785432501781756,0.0018488507999118763,-0.0346270550382826,-0.007206937565763499
48.51122119140626,-0.07207545944341408,0.04944878345914405,-1.1824402883522898,-0.018838531829549476,-0.008543997127310842,0.028973278542797316
48.53122119140626,0.11557676119258029,-0.25234816210987193,-1.3620211239967144,-0.006033597910437657,0.027577751317267,0.034817799279676896
48.551221191406256,-0.10389731633314986,-0.3360384854231534,-1.0698129872360551,-0.0016917923112552702,-0.035347158018114604,-0.05785820197284613
48.57122119140626,-0.10131163966882108,0.0041476012769087935,-1.3793649172750315,-0.00242373181528274,0.021919292092630337,-0.006260820047109074
48.59122119140626,-0.09398554891536445,-0.013255907086997509,-1.142123225800781,0.038504186949133906,0.01234352078842268,0.0861691537147034
48.61122119140626,0.3491749847227256,-0.350969001327738,-0.9558484248523649,0.007485921549046852,-0.023075505475201492,-0.03495305167304129
48.63122119140626,0.06608103155354644,0.3048084956093798,-1.0125307555693333,0.01757388499424545,-0.020865723357517386,-0.08588802311654517
48.65122119140626,-0.06382883110254639,0.5033570247217671,-1.150309986777499,0.04880740423152764,-0.03414025510804561,0.09495873167894713
48.67122119140626,-0.140581869455005,0.06982243148482557,-1.1436888760109167,0.05403820770621907,0.03108177959249578,0.0577194380270754
48.69122119140626,0.01824825725899287,0.02519321872033084,-1.0183953724807553,0.01490148015200898,0.0030675911047531096,-0.11413271774305797
48.71122119140626,-0.02871850460307357,0.533727078662611,-0.6982032570465554,0.043600133475730135,-0.010017337879534372,0.04390810248399704
48.73122119140626,-0.35315690897032925,0.13319556496277815,-0.6294773861014346,0.07096122029531796,0.016196579909581753,0.10193740302274248
48.75122119140626,-0.14309866496868165,-0.3539300878060665,-0.6346208026047594,0.0005868243882564377,0.00912667254940498,-0.06891707316496506
48.77122119140626,0.05949197446472647,0.2725584743438279,-0.39210442970070847,0.0032243557989799906,-0.013558609108117688,-0.055964968959784124
48.79122119140626,0.029224581767510943,0.5146777785159701,-0.5164355403515697,0.04884844190271618,-0.03019548267229168,0.10665923362180899
48.81122119140626,-0.6060148806076024,-0.21902495629445745,-0.5713441633179511,-0.008842611379573189,-0.007542858784175727,-0.0029047508344602867
48.83122119140626,-0.09547085498266025,-0.0015040767221973822,-0.5632682173835646,-0.01841107349138508,0.02242254452497937,-0.049078298257594744
48.85122119140626,-0.5658968451318506,0.20772455322925218,-0.41270085773549664,0.0072653542042914535,-0.07295192039062874,0.005140353910017994
48.871221191406256,-0.6461412737164741,-0.012832346606900892,-0.8730048657537522,-0.03141238403964881,0.060930204956405845,0.029648657275979703
48.89122119140626,0.09545763768383651,0.045611578608397874,-0.4637583855958538,-0.030700449970535473,-0.03431412460266622,-0.0477686724237818
48.91122119140626,0.019080635109668283,0.341261696099992,-1.0136018197288719,-0.025491585149145825,-0.0075544006396121985,-0.026960501513754648
48.93122119140626,-0.1097325412003646,0.48209683963558,-0.8090106636654388,-0.054382036502214764,0.006269256868962143,0.035336538429771774
48.95122119140626,0.3995952703407013,0.2554420748881928,-0.7139231416678332,-0.008189986008597067,-0.04809696112124044,0.049899037790038986
48.97122119140626,-0.31537066466881963,0.0027602224562919106,-1.3238850125632855,-0.045113554467154475,-0.004653569314178462,-0.03132962177257904
48.99122119140626,-0.0072606343265514085,0.0978834665109119,-1.4154571868393877,-0.06067148505550631,0.0025530828355817886,0.006443050133733651
49.01122119140626,0.2975379818474507,0.5881216258089597,-1.2432283888396645,-0.005937735329925619,-0.00746331664794122,0.04279903686294834
49.03122119140626,0.014526766022035537,0.1284224444978794,-1.1186139713297536,-0.05190263820351697,-0.04758674888213155,0.015792654086196917
49.051221191406256,-0.3168430952067614,0.1941642301412722,-1.878260980672663,-0.0073223693259640635,0.00469392489174875,-0.02914452339274578
49.07122119140626,-0.24221698091149743,0.13918988892828485,-1.4351040465892526,-0.06029207294699736,0.004523049944859518,0.031056275587538894
49.09122119140626,-0.17766525789198162,0.3145511343099786,-1.5755910651188896,0.025785037384817838,-0.016313537561806167,-0.01642844766761382
49.11122119140626,-0.7759669394407114,0.20331729796304385,-1.391956024475264,-0.06225164574950463,0.030877566218994054,-0.017083842987816046
49.13122119140626,-0.3979123696523031,0.596830630811901,-1.6275677626558815,0.01512719878301852,0.028242275204154385,-0.026331778629070497
49.15122119140626,-0.4132690203253453,0.5226790131975837,-0.8610252602564298,-0.04756555733091931,-0.045969394259590596,-0.03272979144061066
49.17122119140626,-0.3589660148563672,0.760161988513448,-1.6907479723103371,0.026446201234936313,0.046331706829551685,-0.013179746448614934
49.19122119140626,-0.18973148223578043,0.4237178442812323,-1.4878506215820146,-0.049361269081386425,0.021805112434889168,0.008620932139179194
49.21122119140626,0.19509427516402195,0.30376674224899514,-1.601798199059224,0.023142849442298375,-0.004089594382061511,-0.025799032528712688
49.23122119140626,-0.19885832713690027,0.3258423761661356,-1.511291155795695,-0.03269193828655773,-0.01572635372992059,-0.039139637505440014
49.25122119140626,0.09378634163138296,0.598492383350498,-1.7652792538646427,0.0060688183733603645,0.03673532294702546,0.002595384203011347
49.27122119140626,0.03837344517060494,0.2659075409454683,-1.3176996144352005,-0.0010459364670397432,-0.05311208621974019,0.03458401100646978
49.29122119140626,-0.4246330764324411,0.02578282458626148,-1.6735071379191204,-0.0024072705303435265,0.04687801881053771,-0.0332742773224668
49.31122119140626,0.11858868890083232,0.37376221694332934,-1.4690477860036582,-0.031077271563227957,-0.023975057587889908,-0.04813575486736311
49.33122119140626,0.2884340760256469,0.6003434367504281,-1.6504993621290192,0.023373205015850797,-0.025421348860230623,0.050627950014098484
49.35122119140626,-0.3843122374563692,0.000741968498343818,-1.5014885195876964,-0.024872665208884672,0.03981669323528398,0.0018372931184723793
49.371221191406256,0.2606357449647679,0.30511510389617386,-1.4703580598066879,-0.024411205945894753,0.007293734931163735,-0.04867852396576635
49.39122119140626,-0.3034780021542578,0.503480542599532,-1.287077369407762,-0.01564492378340242,-0.06777187906990981,-0.027017046153387587
49.41122119140626,-0.6660955530661364,0.3730489084977544,-1.7319247194820455,-0.018630956865739397,0.06010822678693223,0.045224163547667354
49.43122119140626,-0.020952256455234432,0.17482271938393412,-1.4555943125211723,-0.02803818489773427,-0.04101757479558448,-0.040746544238100875
49.45122119140626,0.1521840161028417,0.47611065426729726,-1.8510717598339073,-0.01815755592887498,-0.01471363685582987,-0.040940940381076145
49.47122119140626,-0.29800485694554957,0.3850995854676343,-1.997685115409036,-0.02133657126190275,0.019530502501114017,0.027208002408564462
49.49122119140626,-0.19103205791202676,0.1913790592902561,-1.8866308050770542,-0.004783101230091126,0.005901452680862269,0.012743343837424818
49.51122119140626,-0.17379115269921283,-0.06766777580867107,-1.8049861596966243,-0.03183285752442986,-0.03310179314775333,-0.062429415534427955
49.53122119140626,-0.12535495108732356,0.27749940899388575,-1.900625533116004,-0.01703639634492099,0.030750174471942518,0.004648555741315412
49.551221191406256,-0.247790694403709,0.3734167281952292,-1.769508439604386,-0.005263702952390172,-0.010742152569499553,0.010088522557103364
49.57122119140626,-0.24917265206361322,0.2885333605064114,-1.8298193971224523,-0.01685188989871194,-0.041564195921379096,-0.020580099751458643
49.59122119140626,-0.18086412257897408,0.3430679902245252,-1.8524716958576992,-0.014222854089681347,0.007795769580323319,0.0014511880129219304
49.61122119140626,-0.28228745756636264,0.18736903004833266,-1.9380330813202615,-0.011031596047140525,0.019459392109963513,-0.009161778607882276
49.63122119140626,-0.07264960268187719,0.21393905575261288,-2.170538627441739,-0.022163598586184104,-0.00947598342031536,-0.04599585895625421
49.65122119140626,-0.43298704384981923,0.39028972526459954,-1.6601355458475955,-0.026423148988040494,-0.00010034206910578371,-0.03399038345223016
49.67122119140626,-0.5338392509183031,0.523799688009994,-1.7545536621953894,0.008169651996346146,0.025027487213304896,0.02895591189022045
49.69122119140626,-0.32177229199977575,0.408956500258832,-1.9736670077106633,-0.013237548555518695,-0.059139075183610355,-0.04911198489364729
49.71122119140626,-0.7239127447740019,0.5263760923890586,-2.101935675952436,-0.02883051393348506,0.08994815283251778,-0.04298381507540738
49.73122119140626,-0.272466061815702,0.43623626449626934,-1.995658211116929,0.02190599771664291,-0.08412021772414358,0.00284643356081657
49.75122119140626,0.0012174282795056615,0.08934154425734663,-2.182665079619784,-0.01414591142045226,-0.0055045293574980895,0.02264073668055372
49.77122119140626,-0.057173242615383285,0.08911585013775533,-2.2002340899930766,0.0007555567608028453,-0.02092059437108263,-0.09695396877550709
49.79122119140626,0.0027587277486682206,0.37080256859782984,-2.00389955036051,-0.017273750995117437,0.0031730316844990583,0.017264209371617545
49.81122119140626,0.23124351750870584,0.15310721285886705,-2.2265945323990044,0.04024985774461218,-0.03397392335038388,0.04983272191713101
49.83122119140626,-0.4953151517309587,-0.14017511710187283,-2.0313229545950273,-0.03394781444449464,0.004056218688834908,-0.08133988559238726
49.85122119140626,-0.42173108383075947,0.2744177651558699,-2.147662025759353,-0.0005238004218396215,0.013788269546186047,-0.04098354085194229
49.871221191406256,-0.06557007947531021,0.5780721671683977,-2.0375532252644692,0.022409310338324735,-0.03850177749230327,0.05526375710586037
49.89122119140626,-0.22065730908943565,0.11494211860676952,-2.415674851350714,-0.004369889279017507,0.07855817283130705,-0.018431347089472992
49.91122119140626,0.049187528848730136,0.21390008488786486,-2.023436987869681,-0.01818621610736339,-0.05296796358635118,-0.10984567464309587
49.93122119140626,0.23882336942721333,0.699287255364221,-2.278866901213953,0.020952810339581008,0.024211920465208408,0.06164008325127086
49.95122119140626,-0.16840107243744484,0.21699985853721898,-2.034335690147709,0.004435421358957347,-0.009243262886506266,-0.0008677792183467834
49.97122119140626,-0.19482711667613065,0.1502560057002118,-2.019276080508383,-0.02172519848485477,-0.03744201765751126,-0.10016787969619376
49.99122119140626,0.07553986686504716,0.7988099229086998,-2.6180991279921533,0.025839395377045604,0.0420240603258028,0.04313946492332762
50.01122119140626,-0.11007791472554823,0.2489298407787917,-2.2137731323025194,-0.004054998462427226,-0.02443160057201242,0.04201284109736188
50.03122119140626,-0.35555683328766763,0.2935755536183083,-2.193227147345581,0.00040448442859559986,0.026980844312724975,-0.1066683142809946
50.05122119140626,-0.20355295140604532,0.6636130673019518,-1.8820402394743174,-0.0251590743936762,-0.049100805253340755,-0.021928936594594255
50.07122119140626,-0.6368736139997883,0.738193978383209,-2.1960434168639114,0.044145066347083546,0.03578750664743882,0.07037946969004213
50.09122119140626,-0.10532013120283812,-0.04509461743175215,-1.8605799286727167,-0.04599960040974624,-0.00045522384397456725,-0.0197549335074906
50.11122119140626,-0.026457431556301494,0.23823558774001632,-2.3593471272095896,0.0051021767138567774,0.03321779769531649,-0.10325360684590731
50.13122119140626,7.708150625605332e-05,0.5065643811793182,-2.051853249588279,-0.031551842199215314,-0.029425438018865956,0.05785233238063395
50.15122119140626,0.2141488906021339,0.2403656126630157,-2.3448376816623213,0.03274593569967412,-0.01059798192811645,0.020258004040464135
50.17122119140626,0.035148698775582535,0.02741954751999466,-2.038681297975795,-0.06425979077479944,0.0028403981181916536,-0.07763933716869262
50.19122119140626,-0.3511913334429579,0.6421380092103223,-2.2600629402965606,0.007878961224028126,0.03238728794011088,-0.04047085217649565
50.21122119140626,0.16110613212332553,0.633981206737135,-2.228869590115396,-0.005789694679615894,-0.07613140301502741,0.09017462452957656
50.23122119140626,-0.2661886950463961,-0.08454087797503951,-2.730183551163842,-0.005789233771488954,0.020650355146785017,-0.03873761558653928
50.25122119140626,-0.36872301601744506,0.08395478991228736,-2.371561586847132,-0.05525400339396689,0.033536749553565184,-0.10636233340798204
50.27122119140626,-0.004623265267909305,0.5995663054476017,-2.556266183820316,0.025662659758702116,-0.02243123832743765,0.045027841615642994
50.29122119140626,0.16978522400904855,0.3884284869612724,-2.290654936392204,-0.019280166472596755,-0.003822052579923875,0.03874643321887595
50.31122119140626,0.47025786656214213,0.32389435930228394,-2.272228533281397,-0.008143533509201545,0.02587210995396448,-0.0652724560288442
50.33122119140626,-0.16123913926655095,0.7609440782023237,-2.44437142918408,-0.008410414565063301,0.004954324215259161,0.002463333047300726
50.35122119140626,-0.37059260798753707,0.5542634140475862,-2.2336093026361974,-0.0012803346537880035,-0.015936161302759155,0.068723133570566
50.371221191406256,-0.25230442716827295,0.26452821211517197,-2.423867005349353,-0.0004923726765577907,0.043703355907048186,-0.01726325360385939
50.39122119140626,-0.06151530585005714,0.26868919341229036,-2.4709462878547486,-0.03947002508379288,-0.02209712591569525,-0.06797656240779297
50.41122119140626,0.12609903590310828,0.5304187521811041,-2.310370214971471,0.011488740262168989,-0.037043350705957497,0.034268579955613866
50.43122119140626,0.17373760072055772,0.5860869731771001,-2.554097184889089,0.002465860567863271,0.0658702579982849,0.06860859677964146
50.45122119140626,-0.48122749481959703,0.03719216363168553,-2.34606278622894,-0.014712034323582,-0.0878175771034531,-0.07842188568422505
50.47122119140626,-0.01084144949315123,0.6115168482334327,-2.7073224380341556,-0.01588649695072126,0.11612052921650438,0.027031632339087338
50.49122119140626,-0.10280056981222369,0.46898767492864823,-2.367576394283109,0.02235425388740691,-0.052300557962879836,0.02259594726196138
50.51122119140626,0.02873830993227601,0.09465374216643971,-2.6413063290275067,-0.014856499002068098,-0.021195612987880738,-0.017584415562145104
50.53122119140626,0.13313844699325222,0.03943015802466527,-2.7283428021882257,-0.00029551441530052284,0.02089700664324695,-0.033459611884379334
50.55122119140626,-0.05552302644402116,0.012895236918032934,-2.7622099797577153,-0.0003755519748328846,0.03322441770184266,-0.005799932304915552
50.57122119140626,-0.12034806675224684,0.06570912157617156,-2.69322231420566,0.005739861046174149,0.018317556801646158,-0.02034758820360327
50.59122119140626,-0.26726214587232777,0.06244483876005385,-2.590062585074607,0.0028679043386317057,-0.009272870613383654,-0.049518200082814275
50.61122119140626,-0.09203920589797736,0.2616652526535407,-2.5831527227545443,0.006556201628512939,0.05198053007280546,-0.016147751749014082
50.63122119140626,-0.18900316758733757,0.24517818210806597,-2.417566501178294,0.01052175387943667,0.06676017735264805,0.01229209548331159
50.65122119140626,-0.057606193463627435,0.3739056386806773,-2.306305355003603,0.015506403519586764,-0.016754078916846462,-0.023482331686103648
50.67122119140626,-0.2804736985476554,0.2875199504220426,-2.270780381966894,-0.015575790499405958,0.04852055950637172,-0.02108434750058925
50.69122119140626,0.3492071269213295,0.5660844428850337,-2.4726958071133374,0.02762191000667272,-0.0022127000252946775,-0.0045073528976736455
50.71122119140626,0.463596155150402,0.21527183646534337,-2.4054346729327247,-0.015139814687061135,-0.03734155180984811,0.001864858116497948
50.73122119140626,0.20588035526598392,0.5111633713834208,-2.489129426000337,0.014536956245239478,0.01691673764399615,-0.03645939934330265
50.75122119140626,0.1740545516437286,0.693151944438814,-2.3234225937837194,-0.0077916233493864765,-0.027803814287810893,0.01278207356915701
50.77122119140626,-0.2417809829248246,0.6259762522531321,-2.5742393824914496,0.01804727856754175,0.08110047856273202,0.03673470123601299
50.79122119140626,0.08549603870878886,0.26570359347230144,-2.1487280621172653,-0.011912111695612293,-0.04379723926830149,-0.0014024760062504808
50.81122119140626,-0.28813727700751446,0.43909674448678104,-2.7546952725241503,0.022245047282163168,0.028816291622135563,-0.025647186392057115
50.83122119140626,0.1674961672426319,0.5668505061040632,-2.604072071070912,-0.01727468657956243,0.013340903052970626,0.03388049672441177
50.85122119140626,0.09536032152572024,0.3176278325965227,-2.752478845504936,0.04122105934545185,0.007994969538937892,-0.001315618556373223
50.871221191406256,0.10163942255864289,0.04440182324056622,-2.3816218973426944,-0.03404304917014865,-0.02602247071327266,-0.04305700988048809
50.89122119140626,-0.404820802718431,0.3865226526154971,-2.4122737579720854,0.026637885815611665,0.039192954930836264,-0.023399501465648082
50.91122119140626,0.23829171864049387,0.5086052997934631,-2.463891677645008,0.004274020728131408,0.0009419091313302085,0.05769668961018975
50.93122119140626,-0.24637197893517343,0.12262490951683792,-2.5341356105058055,0.0076513151211865995,0.062354274042361185,0.0017836663024876115
50.95122119140626,-0.26656772849663607,0.17359311676519265,-2.24904674776275,-0.00975657375058093,-0.013574060335538844,-0.057275476369753144
50.97122119140626,0.027602172109859196,0.3208132732898217,-2.3276508213435227,-0.00375987492815618,0.011355961605181148,0.02812510353019415
50.99122119140626,-0.11327160709360762,0.42342837549449064,-2.348075743290159,0.011573648537259871,0.030632647079581264,0.018134227196163605
51.01122119140626,-0.14268129148506312,-0.06717117253342722,-2.2181897549651253,-0.037018800415371145,-0.019814477573286818,-0.04970089523878638
51.03122119140626,-0.4929337102070387,0.5078293051211176,-2.5207244536797355,0.007902246158528366,0.04609344376555568,-0.008347586434418661
51.05122119140626,-0.2193294028041925,0.3762283683318081,-2.1775533559535134,-0.01986754346660804,-0.019493142027865198,0.07722351447403991
51.07122119140626,-0.30274841587233803,0.18336114104744264,-2.750979393523943,0.015387191008177387,0.017845701193202418,-0.05587756511495987
51.09122119140626,0.28422607382821224,0.16352493052471917,-2.368232026749624,-0.0657884099054276,-0.029693019725161144,-0.018377891128336352
51.11122119140626,-0.20504905657956526,0.45220416628024374,-2.8486893615550772,0.05499789621143161,0.041743148046506154,0.028658537700438604
51.13122119140626,0.14253005150978848,0.14669802344342156,-2.3854992769277654,-0.06953077906586706,0.008125301115790858,0.01666485503558415
51.15122119140626,0.11113910250842587,0.47404863850564566,-2.8679728208221427,0.031074629012847355,0.0606625533258211,-0.0721934581175809
51.17122119140626,0.237031764730493,0.4957313156236229,-2.202658691063281,-0.06413346912291153,-0.030387514140906124,0.011678345305626545
51.19122119140626,0.056812602754475215,0.7023539581942959,-3.0808184716468414,0.059687144038881285,0.06588837306221611,0.025183012684302956
51.21122119140626,0.13459891348473263,0.33678499439971527,-2.2604359220241252,-0.07552888252177267,-0.018613237632068146,-0.021883130599154667
51.23122119140626,-0.24921797197566328,0.6290452635254087,-2.666093382405749,0.049049103609699975,0.02329335908050885,-0.04717667049009104
51.25122119140626,0.2297203115503322,0.5933752551655,-2.351544270399194,-0.03568790697576283,-0.02893052728338108,0.0793955471235301
51.27122119140626,0.1108631722113866,0.3775834773582551,-2.8837152237721235,0.05450824486865861,0.0315334766453798,0.02472508228103803
51.29122119140626,-0.2485532893948332,0.20937731236472223,-2.1591459632127212,-0.06038773669180546,0.011606371282491994,-0.05353902250705838
51.31122119140626,-0.1922617417135931,0.7231186965807362,-2.641229063972985,0.04380494525031186,0.013472717324520309,0.01709216541742108
51.33122119140626,0.014898521380213326,0.46777965605959887,-2.2569426955054985,-0.020628312208913435,-0.001688175431792292,0.09263187329016549
51.35122119140626,-0.2774910002728008,0.20194202642515988,-2.6545234873801262,0.014726828301849942,0.03919128565288266,-0.06881962018156129
51.371221191406256,0.2249039799012355,0.36198671711555613,-2.4306475877844482,-0.04480414185507188,-0.003617538744455732,-0.007236574375037107
51.39122119140626,0.05653437901605577,0.3620777205402599,-2.748924997168611,0.038549816785590385,0.01858467907193473,0.03230748709725449
51.41122119140626,0.015833219092571744,0.017983101699416266,-2.3866051327976505,-0.04987633466937775,0.013722006891326388,-0.03426973312330642
51.43122119140626,-0.13262476583780877,0.45528494599079056,-2.5126806926096563,0.01413738327024328,0.019983534718210336,-0.04337035352280351
51.45122119140626,0.03523623252988902,0.5079413931238123,-2.367196367052633,-0.014677288978875588,0.019735432473282796,0.07264122662937297
51.47122119140626,-0.19791602935668967,0.27922877167465837,-2.4475973173879155,0.01679733030972422,0.023205488510772383,-0.0017831827492129572
51.49122119140626,0.12560366654312033,0.27779967309533526,-2.308609407477242,-0.025718509981338,-0.0199119472737647,-0.02856384586038041
51.51122119140626,-0.15757700190399127,0.5152722394085368,-2.553276674053744,0.010479074381141557,0.04866104880299592,0.027321128654518682
51.53122119140626,0.00902044761182812,0.2561473496421931,-2.106350639394858,0.000807084892468466,-0.05063596667284861,0.03376000775334027
51.55122119140626,-0.26335530769377924,0.26626980139418077,-2.739768157679224,0.012881073543647075,0.05706159446139329,-0.01703716853813518
51.57122119140626,-0.5318900187186426,0.20658976423722863,-1.9863139013894728,-0.03335419331262199,-0.0048370256913760675,-0.023801140489093205
51.59122119140626,0.15734058989340963,0.5047471091945437,-2.294909517800606,0.04574717908793557,0.0036223914971309306,0.02971016106209865
51.61122119140626,0.2687218291958566,0.23670624743874202,-1.9942823573499278,-0.03582787804754672,-0.011294625765091446,0.01483026641952936
51.63122119140626,-0.11552708088475264,0.3018570272094727,-2.2502643816360197,0.022717217174608235,0.03815849078597316,-0.03807490548312378
51.65122119140626,0.03791940807349998,0.2719420515765376,-1.84290726401005,-0.0325806244729888,-0.02340849984207842,0.04399358974548297
51.67122119140626,-0.03633818182372929,0.40889315371373414,-2.183566648031645,0.03334305501352788,0.032523890618255766,0.01931977691187018
51.69122119140626,0.09752296206025497,0.3462225222835039,-2.044849903242711,-0.039595622588615216,0.010479908133836993,-0.009351925302459214
51.71122119140626,-0.17977587764611874,0.45401640165059226,-2.1675713560387413,0.024807622812994416,-0.013715675881809775,-0.004973345468763252
51.73122119140626,0.01110358449296112,0.35010578720046714,-2.063603383070875,-0.019420799416071177,0.011325564713424068,0.0444604915958395
51.75122119140626,-0.16584777677095727,0.3002601216269767,-2.2711007833295556,0.018175469112225357,0.0008022319056524105,-0.0327528461890125
51.77122119140626,0.3080018743255533,0.13131010580401664,-2.0210115663845087,-0.03428044761634221,0.04741263609396467,0.02067802812563599
51.79122119140626,-0.25929621432514144,0.3194271946113893,-2.099788431731349,0.04741108554718679,-0.03216460225890748,-0.01683555167981904
51.81122119140626,-0.01951680279006237,0.14894515498018399,-1.9956017443533283,-0.03421252114824661,0.039143560387890214,0.05952747973157593
51.83122119140626,-0.08090557012938406,0.25627795334396164,-2.0922772625954673,0.05067989836288928,-0.007061084549805515,-0.018191152802392654
51.85122119140626,0.12885970973810382,0.08851278606177465,-1.7584295122279063,-0.03870881378041529,-0.016419791888738346,0.035801874459970864
51.87122119140626,-0.36854925035555863,0.3723591770860526,-2.1640335376567155,0.058800249768155996,0.002925193184943072,0.007013810509511402
51.89122119140626,-0.08192391262175187,0.2327367081249583,-1.8954988908812473,-0.04187571880663491,-0.016958924713604242,0.03893534059627021
51.91122119140626,-0.17313874193406895,0.3457413871933104,-2.2505069276432095,0.04366554084367891,0.022347225850696432,-0.0007023081998999458
51.93122119140626,0.05201990291126935,0.31213145971022505,-2.1508147501611683,-0.03770654772841826,-0.0017647495555945963,-0.002999800630460825
51.95122119140626,-0.3793847804298013,0.27924874394995935,-2.2707869290706166,0.019059640836542893,0.027183150104399666,0.006005789578369149
51.97122119140626,0.09152151043712106,0.383182489889679,-2.096184586906082,-0.0070719128069539165,-0.03304260530170847,0.019161283316352983
51.99122119140626,-0.18186218936682724,0.23086982169145776,-2.462310622322416,-0.0013312831283826326,0.06350631339796012,0.004694136350572315
52.01122119140626,-0.12018219140879245,0.3254836360451325,-2.0454786975228108,-0.0085044988273651,-0.029011079453947666,-0.003108751932641944
52.03122119140626,-0.3094253592795465,0.32307169564370636,-2.351760549456262,0.004603979814836049,0.032399929657075006,0.022695278810985486
52.05122119140626,-0.19143088811218628,0.4039637708875856,-2.233806188499712,-0.012065893964882418,0.0030859345236096403,0.0008282255751448638
52.07122119140626,-0.08598393281360028,0.4139811860190299,-2.2053025229820458,-0.001959715524094209,0.006301497396516516,0.006749491272068515
52.09122119140626,-0.0858561920001346,0.433207955225652,-2.286593350858599,0.006965976449151522,-0.011923123680122596,0.018273599664498055
52.11122119140626,-0.2781890882358719,0.2652245430986768,-2.3607780135731047,-0.009045132398452926,-0.011411829514382521,0.0019553607579407585
52.13122119140626,-0.32498001265515325,0.43615627794668604,-2.4775968096861947,0.0035268494320832224,0.03181823525223873,-0.0016954014176898589
52.15122119140626,-0.09459907757691845,0.49552830461708886,-2.3727665529079536,-0.009165800916547222,-0.014089402857885153,0.014109635626473816
52.17122119140626,-0.04647619848759751,0.5330360371748686,-2.4851557928566557,0.0060331593351433226,0.006505247383656537,0.0013969661199670026
52.19122119140626,-0.1312476555917789,0.5373196399670472,-2.3172484834811504,-0.015264371011150893,0.005782472100966369,0.005633961049836687
52.21122119140626,0.014436734648608169,0.5095524776963756,-2.282906537548697,0.005983224929420043,-0.018601457963245294,0.01698260134487382
52.23122119140626,-0.12991238239611086,0.5090037780305324,-2.4641127231525086,-0.015186630150043585,0.015309397194265608,-0.006015743522413338
52.25122119140626,-0.3841370972468327,0.39989581432135846,-2.472273549349928,-0.008404872178009826,-0.0022880701266301644,-0.001106635387674859
52.27122119140626,-0.10494194272287276,0.4065476581816057,-2.417988680288076,-0.008659655112215637,0.0054496520751136385,0.024808788917860657
52.29122119140626,-0.1319481598438139,0.39973289053029626,-2.6710569380970934,0.0070082323569630916,-0.030264265882918015,-0.014722400511409866
52.31122119140626,-0.047163517742490446,0.2178634772588055,-3.123272831933126,-0.007144048396734053,0.01296104713092908,0.026720241825877296
52.33122119140626,-0.19149325552624555,0.09413782483190083,-3.0830256009762187,0.015281853466283826,0.00609064675074439,-0.0019002519484283983
52.35122119140626,-0.2008627676982497,-0.03188011658164493,-2.5204632360089736,-0.017490502394697426,0.02073474961394497,-0.020101700773344163
52.37122119140626,-0.13219155076802241,0.5150026567923314,-2.564445691542092,0.03777567991744136,-0.03089164047238504,-0.017523142533940637
52.39122119140626,-0.44482678552234606,0.39408499559716287,-2.5035958259476705,-0.01079066594642997,0.03824417426995268,0.058705585906328496
52.41122119140626,-0.16819885208882346,0.3156277405142281,-2.4887396187527684,0.0364931518050663,-0.007294917364080707,-0.004395082279723649
52.43122119140626,-0.024328726025548135,0.38524400564877465,-2.4649756128164824,-0.02414467016579128,0.004314768172575867,-0.015501897566340886
52.45122119140626,-0.24808749034390176,0.6463887404404735,-2.4454796067264613,0.01764313345647509,0.013417414917532608,0.00445621254735803
52.47122119140626,-0.04968268094334531,0.6241888083673293,-2.274913712177916,-0.011438947557316594,-0.007223562497433921,0.026708666637475384
52.49122119140626,-0.1442188153420326,0.6944508765683834,-2.4634007742829698,-0.007956440058306065,0.04077364702994893,-0.02733279996972544
52.51122119140626,-0.15577362178382656,0.7300903424383292,-2.1027194808883554,-0.020751763054091106,-0.041221451008091006,0.009991661060328678
52.53122119140626,-0.2022805813211545,0.7836472355921512,-2.815708499193974,0.01714444090079983,0.005528121965694737,0.04324746697047567
52.55122119140626,-0.09640636682323765,0.2302820715735079,-2.5830625889985717,-0.046629863160694375,-0.01170263863060336,0.014551792734416116
52.57122119140626,-0.16989319635176167,0.2646309255110454,-2.922138827729656,0.015689527039165863,0.007578254525525526,-0.02106497803157168
52.59122119140626,-0.28729437019922144,0.3224919823504092,-2.880741757853532,-0.04185360845148759,-0.015954499614562176,0.012382956891885717
52.61122119140626,-0.2653997006911675,0.3053413144689553,-3.0816356455154117,0.011693327360257943,0.03694730307182531,0.026259916642872343
52.63122119140626,0.020347586180829866,0.22840813228032938,-2.9033822112610186,-0.01900374285719596,-0.03357600225097684,-0.0036768544883143393
52.65122119140626,-0.32583134610365627,0.3495390746078591,-3.3613511857377674,-0.0032303900099699065,0.03469967350771691,-0.015872729737093742
52.67122119140626,-0.07225450478544837,0.4991346370849607,-3.0227136708812243,-0.014102576672925884,-0.009756106948712037,0.028709056570425568
52.69122119140626,-0.07877991728845152,0.376968974744978,-3.2867206274435357,0.020369714011130285,-0.015323200938584159,0.017492476912082774
52.71122119140626,-0.15763120044413395,0.3400162612588276,-3.3363640788684856,-0.026946874973227848,0.017678629814013417,-0.013454256079073478
52.73122119140626,-0.1423350417194183,0.44194445312428976,-3.117335631913392,0.004043784350251511,-0.01472667487012664,0.0011319813848040725
52.75122119140626,-0.1988196694431673,0.5152791275532079,-3.2603456228672663,0.010035057728635437,-0.022254811604265026,0.026373888684900905
52.77122119140626,-0.19807540514284344,0.3138172934439253,-3.2468664184953924,-0.01787527462428344,0.018074091828175643,0.002549513216629472
52.79122119140626,-0.03159373711934811,0.4581854430840691,-3.2468098078438357,0.007233765443939679,-0.0046860851228176376,-0.021948853645939945
52.81122119140626,-0.12473526764527858,0.4494756734889154,-3.1397697940537244,-0.01613662930375258,0.007623442342255625,0.030506472260084846
52.83122119140626,-0.13407027394085771,0.448707053211739,-3.2349028861818203,0.019164746972425557,0.0046541933160652365,0.0011765443182266563
52.85122119140626,0.01957677348736622,0.34598512807440795,-3.1060648458334548,-0.027432468985338222,0.00522432751886122,0.00287363013231783
52.87122119140626,-0.24599468674784108,0.46539205760353614,-3.1195525466263287,0.021020514506623955,0.0051409917624209754,-0.000402588591525736
52.89122119140626,-0.13322681001070333,0.43105513731615547,-2.9226053862903267,-0.015181884401652796,0.006074099784312382,0.034008630432892574
52.91122119140626,-0.17688882190879104,0.37235100588717096,-2.98402811281431,0.01908000279204888,0.018701651216570966,0.004063968300675559
52.93122119140626,-0.3277560693658693,0.25593955018172543,-2.6400201543477917,-0.01554636626209873,-0.010527521629917713,-0.0038872462330434513
52.95122119140626,-0.29608692277297044,0.47819840134623537,-2.868413550474152,0.02620198774952132,0.021881640215196202,0.014924338992495182
52.97122119140626,-0.1907140876647942,0.3158950817285523,-2.521251314368582,-0.009490239749397139,-0.0037522939254400734,0.023014192654405744
52.99122119140626,-0.25726703442915055,0.2986042743300133,-2.715470799583049,0.02504510848383788,0.006721838483781451,-0.024037756628013367
53.01122119140626,-0.2643917568934436,0.3595968655640803,-2.4970796140341895,-0.01732652232550518,0.008800984993873546,0.0035835560620507273
53.03122119140626,-0.3021550999536395,0.3328080660070742,-2.483469235550609,0.03329871683312424,0.0063255317968192604,0.019645682258083823
53.05122119140626,-0.22008124494179915,0.2534434885757328,-2.4172775902035237,-0.009389630632553693,0.007617911855011817,-0.00951755455109011
53.07122119140626,-0.23163240705728652,0.31938234423471107,-2.3038949813634746,0.004258014291723615,0.029967130972271914,-0.016399545947288343
53.09122119140626,-0.14011592700703326,0.4515387847769968,-2.111460190112747,0.013930655500718576,-0.013070638784225692,0.014944884139388423
53.11122119140626,-0.1983816238390428,0.30961384702860584,-2.2449108003137326,0.0036313259305812526,0.023441678858933616,0.012711100865163052
53.13122119140626,-0.16310169081953851,0.2546731563615292,-1.9905883993746605,-0.00011605408295865448,0.006109066696449044,-0.02628829553289242
53.15122119140626,-0.18045358187500793,0.38109426073616004,-1.987647132269374,0.008822351407237196,-0.0059575955316585215,-0.0032841739081015263
53.17122119140626,-0.12837752294780486,0.40944754492868557,-2.055655079352421,0.011462097457920511,0.012920992593491444,0.025443325113232256
53.191221191406264,-0.15397929517023076,0.1816431936350077,-1.9081279681635859,0.0029177539865151312,-0.002053775659304604,-0.012744966108850762
53.21122119140626,-0.09645546721055798,0.3248948376318635,-1.9862469003030732,0.006422075966772151,0.012138138962678771,-0.02200888782590884
53.23122119140626,-0.08740974132621898,0.334013685232342,-1.7961376694557982,0.004188063466052669,0.006552566371499679,0.025871450496533513
53.25122119140626,-0.032178346031543896,0.25821966554627546,-1.8424740166281983,0.023124403098528458,-0.0008716915331633096,0.003546610692878273
53.27122119140626,0.01867323710600857,0.20186837232926835,-1.7530325161165476,-0.012654589929778337,0.011154598403698613,-0.016269612881603
53.29122119140626,0.02129204515201205,0.3360890782648537,-1.706140744211889,0.022626311790491526,0.006260496751295723,0.0028952900423768087
53.31122119140626,0.02767502547950856,0.24786433913448558,-1.5426615248420796,0.0038961858634681476,-0.004898820090878659,0.024950573204554374
53.33122119140626,-0.08100256242374798,0.20401977927939324,-1.6538407472758478,0.01590335741383673,0.015723269078350876,-0.01632617233057877
53.35122119140626,0.007786938732775517,0.25069626672179923,-1.4392248368225,-0.003235233224424652,-0.0026462804547624855,-0.0020902608333171827
53.37122119140626,-0.06003117371664317,0.3336818895874837,-1.5243849821174664,0.025175525049822598,0.01008727124834619,0.01924724537479792
53.39122119140626,-0.05343855431279933,0.1785251789157361,-1.3460764770455529,-0.005814726741686458,0.005297142694377476,0.0033536797785053214
53.41122119140626,-0.03713503922179787,0.25857542527553923,-1.4073293193358276,0.018338374373310113,0.009961982260530182,-0.010781046367793553
53.43122119140626,-0.06173253466219258,0.28560191385729056,-1.2805111433687952,-0.0015944789237130692,-0.0014051576179979083,0.01947324357197459
53.45122119140626,-0.17301262500036926,0.22369466113939035,-1.3646265767295116,0.0206727831218322,0.011612402519263102,0.014021796305027782
53.47122119140626,-0.1376599797215509,0.1350695525214573,-1.2251511607687697,-0.005474784857072826,0.0028731985749064154,-0.002309479060021174
53.49122119140626,-0.20525486606774215,0.2146328611531843,-1.2835823920868021,0.014602356915728879,0.009467902094658202,0.0030802938529257934
53.51122119140626,-0.24185776872634235,0.1858685569563989,-1.1537899782147392,0.002479438107935248,0.0018387900780084691,0.017010549694970095
53.53122119140626,-0.1999620316208089,0.15862259395488085,-1.1865183872170277,0.013553704506405617,0.007147387253403419,0.0012253177708098314
53.55122119140626,-0.15239630949621055,0.17986523619046133,-1.1170397168372463,0.00029244789155326615,0.0021570687328053275,-0.0028310811465748122
53.57122119140626,-0.1740335287634435,0.19278182763348922,-1.093631374462289,0.012976181500282435,0.00637807481410206,0.008244941728637597
53.59122119140626,-0.12476677803973206,0.17292417602005433,-1.036745622615283,0.008516288107768229,-0.0011230668355582856,0.007694716625581646
53.61122119140626,-0.1902181182903701,0.12311963463279768,-1.0541617301668094,0.006144506173557035,0.005419473421740469,-0.006963558867647813
53.63122119140626,-0.19965441927226174,0.13542707900548318,-0.9287098604785224,0.006163388744961391,0.012048922548347833,0.003186904294881794
53.65122119140626,-0.13192997750905666,0.08074547158623326,-0.7463919287296454,0.015033588189029373,0.005844313657745845,0.011748727145034759
53.67122119140626,-0.11204367597515152,-0.05645826939127564,-0.580270442022188,0.013738881380355724,0.012846772205028207,-0.00038263381265816646
53.691221191406264,-0.06112128813465899,-0.0994240885464038,-0.4068903323880014,0.01784911953694305,0.014414206465980333,-0.005935531257049628
53.71122119140626,-0.028197424351634078,-0.07971938624886127,-0.28041864644463305,0.026534000422341036,0.0039044652399134014,-0.0038584304289958015
53.73122119140626,-0.04123330000474429,-0.07376973428556971,-0.28680388367862064,0.0266368174223987,0.010831253768099632,-0.004068636619934852
53.75122119140626,-0.016594975664591168,-0.03838130647320615,-0.16177530315431132,0.02501959757810288,0.026849707456072246,0.0032525630925371164
53.77122119140626,0.042027776016658906,-0.07214395356265327,0.11469856141844195,0.03193848759379514,0.003294585048491553,0.002520685344614139
53.79122119140626,-0.04916444149322431,-0.09311968349648225,0.12420855249373626,0.03283418809343257,0.012105495380347194,-0.004318736517943777
53.81122119140626,-0.022960915779954773,-0.07406551597452872,0.2680197111032632,0.024860227976843674,0.022111214452714648,0.0046143956025415525
53.83122119140626,-0.015045920023640306,-0.1369785984967077,0.42359242020834564,0.03832479858439302,0.005099035301141407,0.005982357213385682
53.85122119140626,-0.04276693036313438,-0.13134553267900972,0.4415862288506744,0.02501012870439817,0.016496822444096892,-0.004743436701654824
53.87122119140626,-0.018751518655448912,-0.10847528060610563,0.58784419881295,0.02550960038030891,0.01485304828483086,-0.0007395002363933846
53.89122119140626,-0.0032341158132836853,-0.1396214209460294,0.7777504747731995,0.03174410074707675,0.017829932222861698,0.012240479983696899
53.91122119140626,0.013864779408379326,-0.20101812839537855,0.9381400258981136,0.028389766170215814,0.01586718524062378,0.0014093970098474381
53.93122119140626,0.018581636089956426,-0.19825646539020975,1.0205406982339083,0.02862057909582077,0.0182627314499479,-0.006943336622984708
53.95122119140626,-0.004256152557873376,-0.15731027422584853,1.165457213405452,0.030651569093599722,0.012214838212169272,0.005020678203891504
53.97122119140626,-0.00332067863079964,-0.18973284417599112,1.2489383461383863,0.0362440565205293,0.005029191090010834,0.008304918124930663
53.99122119140626,-0.014437731823828884,-0.18852722379325765,1.2699851474124255,0.02880194915151486,0.015661839435980648,-0.007438732642940255
54.01122119140626,-0.013754085461832034,-0.16840003185350227,1.4501208689389788,0.026365736949018167,0.015354871382193897,0.0008966611155970143
54.03122119140626,-0.03236443778843807,-0.11020872684504798,1.4812136031183138,0.04006820445103426,0.0027739717093657533,0.004944846522708625
54.05122119140626,-0.012638559228106578,-0.16403651725091503,1.5566519590916321,0.020530040367878834,0.020518811113141744,0.0017648058423901975
54.07122119140626,-0.005209783951274274,-0.13152297083052525,1.7181903177788123,0.03134094972664324,0.013710412306438748,-0.007431132391066912
54.09122119140626,0.06931830806043048,-0.08579002593672318,1.7993870418417175,0.02591401655520827,0.003662385740228313,0.007450410271470904
54.11122119140626,0.05210752596835679,-0.10782670873889326,1.8013116497187762,0.02318270310883469,0.023399975074463623,0.004225265794970393
54.13122119140626,0.022101324557953293,-0.12313242315273193,1.9825675511985918,0.0213721124207989,0.010075281276272966,-0.007693051104250126
54.15122119140626,-0.04297743170122449,-0.07733659347109793,1.9703559080278197,0.02305733588770928,0.017620728922170325,0.0007906700542840154
54.17122119140626,-0.02458447004747177,-0.09337395502228656,2.0536096207754597,0.01766585001909944,0.023608671808458114,0.00782057796469109
54.191221191406264,-0.10114078241041519,-0.15637428352023497,2.1754725021755257,0.018472432908916623,0.01209852544833475,-0.013464776581005944
54.21122119140626,-0.14869078340590905,-0.08429404080050494,2.180637673378649,0.014658897117725698,0.022085539114465477,-0.008129823261280516
54.23122119140626,-0.10777784548756596,-0.10290952685408637,2.2544104580368907,0.015804974373054975,0.02212646738668166,0.006417325837342608
54.25122119140626,-0.09590864100442294,-0.1834760542288155,2.295629114839324,0.015102712227513023,0.015489927206207722,-0.011132375621906216
54.27122119140626,-0.05933105876221605,-0.20074869848586796,2.3269545959652755,0.006260923619037646,0.027080283380454425,-0.016230695852121276
54.29122119140626,0.013487863331037625,-0.13051111731554613,2.397232789113163,0.01775428416199877,0.011036362453524375,-0.0023220441327515737
54.31122119140626,0.036696108126620414,-0.22849198470374546,2.37315258974339,0.012630394583789532,0.013529221815914733,0.003757960244896818
54.33122119140626,0.03639574810470749,-0.3203929723846452,2.3710847952953107,0.012222728778527247,0.015283963364561478,-0.018543157227036856
54.35122119140626,0.19377131210209317,-0.2434866961402612,2.4006970931957845,0.008085273041511066,0.020209260089259776,-0.0026449782355938956
54.37122119140626,0.14190331734482112,-0.3067734000473801,2.484749309344268,0.012557304035547256,0.013090331249635595,0.006514312733624749
54.39122119140626,0.12156057024216095,-0.35976861559162493,2.417572715781649,0.0069516221112626425,0.006626187733814057,-0.013951396620581669
54.41122119140626,0.06039297746042874,-0.31925001568790756,2.3776068063250695,-0.001295444852148665,0.029296847047166567,-0.009158570796110523
54.43122119140626,0.2737043942722231,-0.3015225855768444,2.5128196283762834,0.005718334540386421,0.02318485177575083,0.017352101544519008
54.45122119140626,0.20297045441967082,-0.44973358814389963,2.5966116473487784,0.0025606627008331684,0.012818803682968527,-0.012190320700213858
54.47122119140626,0.17666964879476002,-0.34672906559757893,2.5042580826400194,-0.006506322036773884,0.02168660479201027,-0.02525279138554629
54.49122119140626,0.2692970945208907,-0.18908540639270663,2.431716814515702,0.006539718509299912,0.019778375789430872,0.01732755596863142
54.511221191406264,0.16134865430931083,-0.3176341482363744,2.475455094193755,0.0028802124627361836,0.021936456086474897,0.00836580401603484
54.53122119140626,0.2024906950144715,-0.27637494175171273,2.450220712776513,0.003117784557142437,0.021708483323278103,-0.0211372509516499
54.55122119140626,0.2221652468955623,-0.15403903347259004,2.4378462661873193,0.009148672015433394,0.02171494557178344,0.01939658425507842
54.57122119140626,0.15389309763177314,-0.2539133478628443,2.469657755522385,0.012732823101250922,0.023550597034033074,0.019086548131455636
54.59122119140626,0.09811090407348079,-0.2676646690573556,2.460746112282153,0.0067393722615437,0.026744152903468897,-0.020353792409032647
54.61122119140626,0.27856662085729944,-0.19084569275386437,2.547604846612153,0.008736463040693606,0.03259814162291404,0.02670775831181585
54.63122119140626,0.2115585529391697,-0.3021072117715849,2.6120996603631927,0.02348284006968436,0.009106390618824354,0.022977327918796125
54.65122119140626,0.1444567680085507,-0.3458159877277572,2.5354653294529523,0.0011472716449159085,0.031597594473684966,-0.015554929600522098
54.67122119140626,0.14412348509448755,-0.22477663478223842,2.7170133441943416,0.014371821736214856,0.0227759819893052,0.016576488111879034
54.691221191406264,0.03999211631604873,-0.28596191949620514,2.67125921196608,0.029563150015100483,0.004647482432574663,0.03040233037081496
54.71122119140626,0.021321854424697567,-0.31494486924937737,2.560022945368008,0.007380313665177632,0.043890237399808726,-0.007750234453906013
54.73122119140626,0.09044966482925874,-0.20356949398022603,2.7422520533517845,0.024913910807608478,0.023252980537293837,0.0018507756538904253
54.75122119140626,0.09633752539763303,-0.18786004923855712,2.659064860324687,0.03572986720419144,-5.2676766985673325e-05,0.03164845150467509
54.77122119140626,0.08127746447012286,-0.28368009452876736,2.5323745243780142,0.016438115565543632,0.048610671813321515,0.006911162609389306
54.79122119140626,0.05062026458684929,-0.34334849786008825,3.010991277957017,0.0186117415585887,0.026736275518846865,-0.006432266976845611
54.81122119140626,0.1635527475799435,-0.2116677702870512,2.8755749914168582,0.031901490883263627,0.009194263089838705,0.029609417540281204
54.83122119140626,-0.04172940906841965,-0.34828709921667717,2.854164192404806,0.010521563711401281,0.0292736224117901,0.010693387303608469
54.85122119140626,0.0943097913706494,-0.3539411203571559,2.9487756943411783,0.01070558921711723,0.02044224348671303,-0.001317307871100307
54.87122119140626,0.01548986823536899,-0.28110440818266846,2.9479781999418178,0.020149924630090892,0.012015067323299072,0.021203665075032248
54.89122119140626,0.03152747733932643,-0.33820394350244176,2.889477452604082,0.0034358171249013946,0.03276385945511128,0.01702179335935478
54.91122119140626,0.09429281843180666,-0.3126997864499297,2.8197403918103037,0.012086723077212197,0.02144216905342846,-0.007036545455425145
54.93122119140626,0.0787698775707289,-0.2995257883558617,2.9452764885525484,-0.004988708120898437,0.027034034109397212,0.02568304831393702
54.95122119140626,0.10748632202741507,-0.2563686865311498,2.749224016586023,0.014571065010297169,0.02185841156765159,0.007078173350198455
54.97122119140626,0.05383232462810643,-0.3562862213812408,2.849973038395138,-0.011390945703526226,0.014273253243310791,0.001555101229238113
54.99122119140626,0.050861704447031204,-0.3015269067663224,2.6819781821141766,0.012666738446861945,0.025783879030438113,0.014240066405085159
55.011221191406264,0.018840877452829637,-0.4106404508942686,2.772350341156776,0.0033205716892608693,0.007697725761021381,0.01602523087902724
55.03122119140626,-0.09851592495615577,-0.39389128602679213,2.6354480787579986,0.0031569652339258113,0.048758755647853584,-0.0054469043480133116
55.05122119140626,0.03178784386115161,-0.36520573482971697,2.7461284472251752,0.0008353125739839917,0.03594369775605548,0.0017227961324522408
55.07122119140626,0.09210895678574199,-0.28470540717644266,2.7381057306310335,0.0075533715932694905,0.022396522001651036,0.0017721724116764813
55.09122119140626,0.2534829102679874,-0.2565778589095365,2.7496491776166185,0.0012137672134020464,0.03373182956255447,0.009284889641152856
55.11122119140626,0.2842143712396755,-0.2324907598226422,2.798207031104171,0.011773972761261624,0.018845292118574504,0.012413143308510238
55.13122119140626,0.3076090271333297,-0.23760065929167634,2.7182398207582232,-0.0022281014535794246,0.04022880546421346,0.01948153750399326
55.15122119140626,0.08074768337641852,-0.36830570841112303,2.949159752676648,0.0019719092934110103,0.010379028884775753,-0.0007483466109811384
55.17122119140626,0.05332007046959508,-0.1503152308804387,2.7910309786969356,0.011336456378518076,0.021397680975131686,0.008986361418285403
55.191221191406264,-0.08441469096041491,-0.1919102447816651,2.800107480798325,0.0016980106198040306,0.0426640139648727,0.03441592475548571
55.21122119140626,0.06560743999012318,-0.24845735008891282,2.8705534699238546,0.010234866530577888,0.01962430451142605,-0.0007720157783718334
55.23122119140626,0.3164135120766676,-0.1860287356409494,2.8608486091665735,0.00014888165120788987,0.015825815860673758,0.007910573140143116
55.25122119140626,0.3913401403129246,-0.11575386422520949,2.731830786673575,0.013746865302204224,0.03125668515782858,0.030987495065116815
55.27122119140626,0.15319534807835905,-0.25113583212719126,2.918682870309795,0.003667328740022964,0.0195818721091379,0.02796809466839337
55.29122119140626,0.041688045304251346,-0.2698349353951915,2.9855636974929816,0.008309198281635474,0.017066898974861817,0.022797061591729145
55.31122119140626,0.30663777883907734,-0.20882018858036872,2.9586106546882975,0.008265159161798229,0.0005013671738640174,0.04102921958253446
55.33122119140626,0.27016662078666576,-0.33036814856426405,2.871342175909828,-3.586936654393089e-05,0.025515373974954333,0.03708545927395856
55.35122119140626,0.33942382110940295,-0.2493336898492232,2.9966197104159478,-0.0021060425032752945,0.017656881396966157,0.02931394696293204
55.37122119140626,0.21717981372294962,-0.09045882669965956,3.025402440682164,-0.003527947257001363,0.015794024874096032,0.03752671452312561
55.39122119140626,-0.32501996111058534,-0.17844758004343786,2.92269474141382,-0.002699090395200301,0.01426461801420396,0.032727120283930176
55.41122119140626,-0.5901541425646756,-0.3345481366297659,2.942260747145183,-0.011977627783037653,-0.0086661394560325,0.01634847425700623
55.43122119140626,-0.8188207605388801,-0.255268841147617,2.9797415036997106,-0.011002145474289607,0.03031072485783425,0.010894169154654394
55.45122119140626,-0.40479243266141385,-0.19109827718553854,3.1486545075822234,-0.014717808240428914,0.005979766435184318,0.02529279577465273
55.47122119140626,-0.5279930103110437,-0.30779986720890273,2.830710545043268,-0.0009674596714822509,-0.008923040822543207,0.004428847055203606
55.49122119140626,-0.3738154892170895,-0.46209023811771816,2.577566995164274,-0.027031510528599836,0.03184566097248344,0.020815223779007824
55.511221191406264,-0.06444378128148966,-0.5546084676477696,2.66197156961438,-0.0006234264737920184,0.005040492385833704,-0.0016545161022309843
55.53122119140626,-0.09916539225502148,-0.4815629669519031,2.4989950198931754,-0.008331979675760348,0.007888544124276241,0.009958112727866612
55.55122119140626,0.016689092737871506,-0.5833507738624454,2.4266377097989107,-0.0014873511985605769,0.030634334882659132,0.04669518775258408
55.57122119140626,0.007034738121930612,-0.7866842391329134,2.496493745682454,0.014711401523793957,-0.03759760537893677,-0.002699661618617759
55.59122119140626,-0.0922483004031997,-0.7462994405264413,2.2964004167638965,-0.018366257559951246,0.05055545371981478,-0.0162689115587941
55.61122119140626,0.004725382889982454,-0.5934780251000608,2.629401097951712,0.018123342085253433,0.0015938694691051288,0.007479122009554825
55.63122119140626,-0.07371778298502868,-0.573015161419796,2.587949336406567,0.009281232328665888,-0.019440488646540775,-0.009452150952571813
55.65122119140626,0.3013185453130864,-0.38499876075870476,2.3466191545223465,0.00011790958193794251,0.05182661795383786,-0.007004069680347865
55.67122119140626,0.3895020308678768,-0.431732980194313,2.8389547111265414,0.009231686749420044,0.008345582229883098,-0.010676773504473483
55.691221191406264,0.14287360384481662,-0.33411266426207126,2.7659618833270927,0.01168410164561365,-0.008770762391255507,-0.017368651247760155
55.71122119140626,0.27129141715281,-0.19704696701250268,2.7160420816784,-0.006507318349386664,0.029354823182012876,0.0034349119184484502
55.73122119140626,0.3397482441095118,-0.21051590691312938,2.692270610722819,0.01724625920310276,0.004219171314893483,-0.002875696338050701
55.75122119140626,0.2081573316745352,-0.272955980573511,2.5325148421527293,-0.006595556449607038,0.03198749152920418,0.009533594463807077
55.77122119140626,0.07331768514290522,-0.31004549316224694,2.638219125806754,0.002644450617435575,-0.00583661581934522,-0.02414520906822956
55.79122119140626,0.2923904388799498,-0.20887351756490555,2.5036550434553675,0.006420153200661949,-0.003888012792455556,0.023236008001827797
55.81122119140626,0.22070825211279374,-0.2119065287966085,2.2997770312391212,0.015074818617123183,0.00885811622804629,0.02501357094814497
55.83122119140626,0.33501524518249615,-0.3921840547230935,2.3606687110517983,0.006117988357799221,0.023187095569476603,0.03088528476723596
55.85122119140626,0.18664557306350268,-0.2872945707009144,2.410601518277186,0.012869487385864393,-0.002069698418959799,-0.02125035542814395
55.87122119140626,0.44624614492832954,0.020988841470900327,2.599107052550196,0.009432616393262412,-0.009954709677260098,0.06126160815536563
55.89122119140626,0.1301350623141691,-0.23892395936021382,2.3601839168239147,0.041082672923593154,-0.03436734336380416,0.044201909964777575
55.91122119140626,-0.17393952518942296,-0.3460923970539572,2.2923948808645984,-0.007941998749363806,0.00899709408928582,-0.015369176741735633
55.93122119140626,0.07459558164981349,0.06362326058295456,2.4262137149056815,0.02662369255577369,-0.012829850496076376,0.014517488267604817
55.95122119140626,0.13893668048314867,-0.14038364993069544,2.4813546747771404,0.02207925832403809,0.014735065988625829,0.09126828295510403
55.97122119140626,0.1774797366553132,-0.25937296887379707,2.2807212018681646,0.02715520017287831,0.010580750407125496,-0.013234758665415024
55.99122119140626,0.4333414218344384,0.18478186403188998,2.38553680391497,-0.010829168129692849,0.002633882831167327,-0.01669830757032505
56.011221191406264,0.2750043484063256,0.5033394335957173,2.2754739060169937,0.04794474736154293,0.009174858895874301,0.07626368223859843
56.03122119140626,0.11659543346713049,-0.11457900565673808,2.6096184886500575,-0.00010265300668651993,-0.048020260197058504,0.04735226628742173
56.05122119140626,-0.09954185471617408,-0.0781385307127522,2.2595564645689286,0.01685485792916965,0.047525691513560515,-0.04490913215325215
56.07122119140626,-0.1655662015253604,0.05650966976106201,2.8274260781164577,-0.02018089917184229,0.01119109340599094,0.04506360827456622
56.09122119140626,-0.510193355386014,-0.0006979899390317577,2.388432695057607,0.06250268094561585,-0.0009718596361288367,0.09091521593136294
56.11122119140626,-0.4133627471182559,-0.6471290970416508,2.48399713782544,-0.05236414527149254,0.021193241191881346,-0.0007017156656673875
56.13122119140626,-0.04106368992879103,-0.417064353954243,2.3171816221229102,0.019489088241066488,0.015248636058651727,-0.03300640217429225
56.15122119140626,-0.27292410012942847,-0.48396109079210664,2.726041158522535,-0.03512311092704776,-0.04843126462470629,0.03415212868501168
56.17122119140626,-0.4119590759902331,-0.3085363888109408,2.1433897743985457,0.00903839488402952,0.04213273072932687,0.01836532844620119
56.191221191406264,0.11583777279934647,-0.34160697727076983,2.4917475399529843,-0.057919421544297994,0.014378141607209533,-0.00730491707882762
56.21122119140626,-0.06843808580733401,-0.1342547260030757,1.9931453589600432,0.010139505560765323,-0.03229974869743467,-0.030858089275605495
56.23122119140626,0.2874278732913282,-0.33636727045491244,2.0373976880576556,-0.053327731544591306,-0.009236568924821019,0.07221764773486135
56.25122119140626,0.10667375072614012,-0.5396814039230108,1.944948463933726,0.006728535483264531,0.01996543134218371,-0.013351118292773797
56.27122119140626,0.20046902033496877,-0.22396350272626886,2.2666274972441856,-0.06142512968408082,0.00393766395155158,-0.017749459542451045
56.29122119140626,0.08596659930539495,0.09696450869703065,2.0150129601824345,-0.0022150661452601215,0.03784278327616043,0.038371952242590414
56.31122119140626,0.28285220714228976,-0.4127732984299496,2.43222097953134,-0.040883283449187985,-0.04130712101695843,0.05435284618520436
56.331221191406264,0.054679836898006366,-0.5049688136960079,1.977642143639339,-0.032448701764359156,0.03112762557559705,-0.05451206315698393
56.35122119140626,0.07333026681986754,-0.11710180515961192,2.2211180301381073,-0.05193960877584092,-0.026409790075929817,0.01140577428244566
56.37122119140626,0.2520915684738025,-0.09953711585137451,1.563220891954379,0.005453294475397973,0.033674424638912764,0.07614970990920802
56.39122119140626,-0.24878159288072837,-0.47163742155240085,2.282538389371201,-0.07202587421030149,-0.017737818033203626,-0.043169287664472776
56.41122119140626,-0.6161466736257049,0.11838494388869139,2.050530482135495,-0.010482550007697298,0.0535176301036014,-0.012509312727743499
56.43122119140626,-0.11653979600026024,0.1394474530515902,2.123802617382382,-0.03786290453348277,-0.005476267951991558,0.06754873781374034
56.45122119140626,0.047859450650002654,-0.0038122437857418877,2.102326275663876,-0.038865760208300654,0.057334514734635425,-0.025393694334157814
56.47122119140626,-0.016604665829034488,0.2931548610603977,2.1074121362575804,-0.037885571848359535,0.004689960268695032,-0.0426647821171741
56.49122119140626,0.05228890348318182,0.22940039621362054,2.133164240023462,-0.02581719469725633,-0.03970860259777983,0.09770192505920872
56.511221191406264,0.3732530583098818,-0.0008677676404908422,1.87172429451085,-0.019157319207511944,0.04165226613045407,0.018416517877362388
56.53122119140626,-0.10040364312446781,-0.1440728595865539,1.9856117869082879,-0.06739081769642645,-0.04095260551245155,-0.12145366124848327
56.55122119140626,-0.650101779501984,0.5112964987248872,1.8066546742064735,-0.015209627913888742,-0.009869581741524854,0.04635643348832297
56.57122119140626,-0.4758338782456455,0.08671128913484077,1.9143118547626767,-0.011760644893771826,0.039230122246950064,0.10076024032269293
56.59122119140626,-0.5147963344887417,-0.6297442137093439,1.832059026248484,-0.035069359092772964,-0.04945634578060439,-0.12296194372061028
56.61122119140626,-0.4157863007040682,-0.0933427100952492,1.5551577257106002,-0.04802442622600998,0.05722070581053888,-0.04278692209744431
56.63122119140626,-0.16934727198510327,0.02544254514235949,1.732820959972117,0.02368312894959298,-0.053150548373884735,0.05787250939316756
56.65122119140626,0.0007800613759775205,-0.3001805742210129,1.5782496151241898,-0.024290061370154492,0.024114641305005298,0.00245328176428906
56.67122119140626,-0.13089118190002397,-0.4293353842667502,1.6628841183362533,-0.027997899126064187,0.05462007545117692,-0.0965811980325273
56.691221191406264,0.48154065951845276,-0.029862336873213616,1.7622497514281321,-0.008571159643026764,-0.04152838994787963,-0.00933173571135708
56.71122119140626,0.23159001253279726,-0.16724638629361283,1.6106819246076185,-0.003909492425625663,0.043628150907855885,0.0551280011182853
56.73122119140626,0.19027052546727374,-0.4594551130819139,1.6969924554554767,-0.008521426099954058,0.0022501552461301785,-0.06361136775346472
56.75122119140626,-0.03358265470373293,-0.2156562616532839,1.765955466006053,-0.03899112393437815,0.023825744850040843,-0.07859319427669732
56.77122119140626,0.0396333982367633,0.4513154358426616,1.80008387094879,0.011806346882118844,0.005837700209641157,0.02239423604485222
56.79122119140626,-0.13829702526713694,-0.1815922102206761,2.0599407537171572,-0.015370003333310659,-0.015563546243524122,0.04319898344972701
56.81122119140626,-0.520814180835192,-0.3115891274267781,1.7685442922936554,-0.0037362304732917184,-0.0077773691218560575,-0.11469142604301459
56.831221191406264,0.1393859476884839,0.055711542634409965,1.6836867114761251,-0.04642243746027415,0.007391237655718832,0.003605355354196114
56.85122119140626,0.623105387162685,-0.18134648566795739,1.6220736316354776,0.03298544997128498,-0.014428446882182528,0.05774490034543416
56.87122119140626,-0.5324009481600648,-0.7088279684299472,1.809535097880153,-0.049217837243645486,-0.05772101354540134,-0.14804444820384724
56.89122119140626,-0.9827846562046253,0.4365439511814154,1.4942061874554273,-0.022650342021554602,0.10976908523548368,-0.0422905502570474
56.91122119140626,-0.1006315830616345,0.41711531298152527,2.1281353595117354,0.018820831663979125,-0.037552047996346205,0.08816301071403593
56.93122119140626,0.07745680030217603,-0.15029390437435503,1.3076855808132004,0.0072681677440996845,-0.022397037421976216,-0.06994409671075194
56.95122119140626,-0.6898913020867606,-0.26865534791147533,1.65532044526704,-0.06777900815226935,0.03738613377333429,-0.14173911501466332
56.97122119140626,-0.41697734620425336,0.3841665006550335,1.8681291258006112,0.041000884159032656,-0.005803989173158971,0.044685173395784775
56.99122119140626,-0.3279084919852532,-0.03977968927933574,1.9562965754517054,-0.004375513833033676,-0.023096134410206474,0.05766150728661032
57.011221191406264,-0.597599554995119,-0.7853135274563996,1.8113366351225768,-0.03101070687258405,0.026685120200253716,-0.1336706067833575
57.03122119140626,-0.3339609034518224,-0.12112073366740636,1.874779169390654,-0.021530590800106542,-0.05581234712231612,-0.05816483623806212
57.05122119140626,-0.4341645347343277,0.1552279614179489,1.3582998623878682,0.0078044158299301735,0.0700678905261139,0.06644215527480389
57.07122119140626,-0.24577197575126677,-0.4967166499324156,1.9799828408949491,-0.037563179619614924,-0.13957789016601105,-0.08696497927181385
57.09122119140626,-0.5811138797542067,-0.2109524288400909,1.6674024941426653,-0.030300254006368932,0.07720533016287488,-0.0990133935142508
57.11122119140626,-0.11037267041741032,0.3253035977763665,2.0337163870672996,-0.006608560621895487,-0.07766985971767257,0.06245115253841137
57.13122119140626,-0.6634769243854789,-0.2405397841104588,1.8017456245724,-0.005728189738748241,-0.020700050852470658,-0.0010936878778785226
57.15122119140626,-0.548897935951812,-0.34110251204411374,1.5626431530379,-0.05159139703093723,-0.00852197855991283,-0.13542108177855358
57.17122119140626,0.07632998333850294,0.29795373120581414,1.68998011706113,-0.02710681906320117,-0.004007726450986693,-0.0005406975997841833
57.191221191406264,-0.3044827120888664,0.2554300248320718,1.7930625653971066,0.008408429126762403,-0.030413287511740605,0.008058835107251921
57.21122119140626,-0.5060682312716542,0.17477326221910236,1.990119716674212,-0.08855017523605235,0.09910681679182189,-0.09689679405407105
57.23122119140626,-0.23980863381508732,0.4805443256062454,2.44583914012172,0.007369668778494137,-0.1463448031894421,-0.015550893822387423
57.25122119140626,-0.7515260213657949,0.047270664109621434,1.2880648088988964,-0.017091607795763002,0.07468069834295116,0.0639053629613118
57.27122119140626,0.39914978837694504,-0.18105583057403646,1.339316032151806,-0.06811907829789966,0.016551227957940437,-0.10546084718625473
57.29122119140626,-0.26209943301856703,0.4398221216003428,1.9036078997396446,-0.017881427811955355,-0.08451389635378773,-0.1141272964454799
57.31122119140626,-0.7064602495623943,0.4508441401097734,1.5245254993751312,-0.015623637444419957,0.007891645460741422,0.10610890814820297
57.331221191406264,-0.4390606358245205,-0.248649763108002,1.6043402457432663,-0.01519727334568588,-0.04331912787315785,-0.0533240507271024
57.35122119140626,-0.0823685708484918,-0.2642666036626206,1.6447925962902927,-0.059633717385555673,-0.013388909530825369,-0.13292896707125393
57.37122119140626,-0.2710837839976184,0.40606310625283365,1.8685646912892466,-0.008119273767516859,-0.03618286268587084,-0.0016963924163449177
57.39122119140626,0.3770019575237807,0.48386492763257594,1.4620283503347535,-0.012560637646139527,0.05178441623789929,0.07965597243979826
57.41122119140626,-0.0648381244309563,-0.3610532012112493,1.9228372779405574,-0.06004348299726226,-0.04135812933187056,-0.12451563904214412
57.43122119140626,0.15121856199354478,0.14827240857406612,1.935126297069673,-0.04861297334261057,-0.05933069005475276,-0.0658886770350867
57.45122119140626,-0.07318870157498542,0.3920756366327531,1.696299689219893,-0.003474092649289702,-0.025207857617665492,0.09454968481468125
57.47122119140626,-0.06356092575766203,-0.04126080656378495,1.58432255757686,-0.04136032497323238,0.014792145253364194,0.008646106966013587
57.49122119140626,0.21540076924616022,-0.19843728201751154,1.8273084810315963,-0.06837236164696062,-0.028907988934512994,-0.12029573189810107
57.511221191406264,0.407329211832266,0.4925295202194622,1.402479946671069,-0.011011401530646444,-0.06344493428967314,0.04274519811971452
57.53122119140626,-0.048725591464610106,-0.050263963795447675,1.3665431553436853,-0.0395336760297905,-0.018120478032396862,0.059310425503192814
57.55122119140626,0.24295212658057497,-0.1432046931836172,1.2513241918844418,-0.029253321082631966,-0.007140325151401534,-0.07491173128546091
57.57122119140626,-0.008941543395107611,0.0980010926397546,1.0759574380306698,-0.03637295551667423,-0.04754493672671539,-0.053935288772589705
57.59122119140626,0.05005724356688929,0.10932029981167625,1.4610926919254321,-0.014021641320785783,0.06456636746537457,0.11234509912366494
57.61122119140626,0.6937081817280284,-0.21345916428241224,1.784040731012153,0.01775176637292731,-0.11695873582353081,0.022871758571674533
57.63122119140626,-0.33814670804605357,-0.3227626575855269,1.2838012817642594,-0.0438985940286413,0.0034734795752753497,-0.06565707553330823
57.651221191406265,-0.18838913462081375,0.18302711365226326,1.555421486127359,-0.0033688458595238944,-0.00687909079940014,0.07360592131362238
57.67122119140626,0.08045894020527503,-0.1980528137604053,1.6719339716763146,0.01799560074623565,-0.0495639185745433,0.11501791395711461
57.691221191406264,-0.16614758559675102,-0.617887446937239,1.3393284054769328,-0.020172422599191428,-0.03197776664006543,-0.059542350979445685
57.71122119140626,-0.3075905373735736,-0.18197839074748828,1.4740756678164721,-0.032829325845538236,-0.015657132307549948,-0.013806905108578632
57.73122119140626,-0.24395511777580892,0.29640849517250994,1.3830149164750747,0.048508146642219974,-0.016598119935605844,0.14201338495269183
57.75122119140626,-0.19535225851856147,-0.6944781505102413,1.3780032465667988,-0.018840729714168336,-0.04112687279786362,0.02007618900020334
57.77122119140626,-0.18427777079145446,-0.45016959537160367,0.9886268172688578,0.006222592863616274,-0.007228835193669935,-0.08515719044609636
57.79122119140626,-0.275020446766573,0.032358188494456874,1.8327429534091018,-0.018722026113323947,-0.0012679305364909285,0.07524399789548912
57.81122119140626,0.05600074695328202,0.19387701631259724,1.3810341790373344,0.0902468209600054,-0.0933901535061929,0.09226073467333887
57.831221191406264,-0.476751410185418,-0.48659319240363136,1.31239888703411,-0.038416392479399514,0.035781601627461315,0.01423229504635213
57.85122119140626,-0.30760306533254106,-0.3819467421362747,1.4612237799966417,0.05014697329118773,-0.055812891124998834,-0.02701206651432794
57.87122119140626,-0.23917635589515143,-0.1632764475954809,1.478923452509378,0.011427835715211205,-0.004802324036177608,0.0878147395604021
57.89122119140626,-0.34518974495278076,-0.5834578082352697,1.2676167490876742,0.04045379776582999,-0.03845107165557666,0.0026522569678323715
57.91122119140626,0.1590052712478368,-0.4518888099101575,1.5436717922572396,-0.004213430336548704,-0.013706814456565216,-0.010772075398844139
57.93122119140626,0.013981105146681922,-0.09085282558196295,1.4156020575615818,0.04667332139249434,-0.008887689863606453,0.027075722181879317
57.95122119140626,-0.08288154487816306,-0.1876482537406689,1.7066389216832987,0.00944858971864458,-0.024345767661817598,0.06055933248458901
57.97122119140626,0.01016683217804021,-0.24254000522966548,1.650456941856126,0.0273602617986618,-0.013173559341931937,0.008006247058230512
57.99122119140626,-0.2628111684127095,-0.1366219728831633,1.6314691967952486,0.008798551261463556,0.0021033213131139163,0.01743998274979008
58.011221191406264,-0.35804976834225993,-0.34641103285755603,1.6359944894265166,0.013688313523611877,-0.013005441249679476,0.05929837160696314
58.03122119140626,-0.31291189609623216,-0.38839514882413884,1.7352038917821506,0.018543297087929032,-0.03263304940028638,0.008799815923408694
58.05122119140626,-0.07722721390458163,-0.3730223701121075,1.4799800096898408,-0.008199095278367263,-0.007704352880567105,-0.0017055794535257107
58.07122119140626,-0.5477345800130007,-0.1861092223029973,1.5412436774365081,0.019101777693731215,-0.01038986635637123,0.03697504876200932
58.09122119140626,-0.3198254820731546,-0.3404972119836338,1.531417855916647,0.004658111223517022,-0.04477583067281436,0.027148097856886256
58.11122119140626,-0.038348078664406884,-0.33879437456389194,1.0065035030676022,0.01395293836634751,0.037244845217565055,0.016691976845026192
58.13122119140626,-0.010752141121176999,-0.4306892568526349,1.6269529946726733,-0.015692375121847825,-0.055956713331184,-0.018373816377940024
58.151221191406265,-0.1366987719604427,-0.13130294226337125,1.3179039073200627,0.03498193921460865,-0.01918255036525036,0.021586164579737926
58.17122119140626,-0.09184872544065179,-0.21627192417796517,1.2441047625654924,-0.005258832337199411,0.04928645708607882,0.07921968853131114
58.191221191406264,-0.09174453699997216,-0.4793838401281675,1.5656425275900718,0.009673884237425236,-0.0417929093625017,-0.04044386495241605
58.21122119140626,0.0518790421241523,-0.06756574429515236,1.511313029736803,-0.00697985292735737,0.004360820796160166,0.019668988420308908
58.23122119140626,-0.015026300122598299,-0.11539717831381023,1.3696531813455743,0.01912725490166101,0.009298108388387906,0.0713205645167819
58.25122119140626,-0.13211694137516125,-0.1573079619966168,1.487004514578578,-0.00980331240070024,-0.01582225084487616,-0.01481459527399768
58.27122119140626,0.11620563639704841,-0.04222721143590334,1.3407784953216124,-0.01258046489964379,0.023091771704538695,0.0041741358087273505
58.29122119140626,-0.24470556093816292,0.07054628298451586,1.4806601210469463,0.022341289794708997,-0.061370328857213746,0.03979177411940458
58.31122119140626,-0.026355416379432835,-0.149373427105892,1.4391437471430668,-0.016404802772408782,-0.007497133500262971,0.040899562605739494
58.331221191406264,-0.365377845181519,0.01298639294829026,1.148657426374918,0.010146949349882816,0.03966886503724778,-0.05174634691881517
58.35122119140626,-0.1845237246685568,-0.017728730137332414,1.5606657986773105,-0.02725255707367972,-0.05230686903091767,0.03681904797668124
58.37122119140626,-0.20206185108395436,-0.007424915712485849,1.2534000150068616,0.04172050272149993,-0.0026040072443345953,0.0440963801768773
58.39122119140626,-0.21050572045424656,-0.3190800878811665,1.5194004797447465,-0.04967875254552285,-0.004602614287527696,-0.03992967362814629
58.41122119140626,-0.09936937900139539,0.031909100543660654,1.4254036089446416,0.012579679622673952,0.005354665327189271,-0.014923942530257629
58.43122119140626,0.06282481183893984,0.1007252432805887,1.3049628441294352,-0.002239018519517749,-0.0253750725894815,0.06718758571152916
58.45122119140626,-0.34000961652928163,-0.2692651560859676,1.2737299463703426,-0.02713996188618782,0.04335911994852758,-0.031233380082351114
58.47122119140626,0.16371736200678527,0.1678301041048515,1.915816818012183,-0.02298837142867776,-0.07098611226350593,-0.047155969340547915
58.49122119140626,0.17438040846528982,0.4711083364102472,1.3512589195086693,0.007337910972992262,0.013101059464499678,0.08246175997620163
58.511221191406264,-0.23747675477157532,-0.05567421069278786,1.3283870765851356,-0.02792997763986449,0.0071239886983662,0.025051841672352883
58.53122119140626,-0.16454669123741114,-0.1284353513479587,1.4934577881718543,-0.038905469737718294,0.01632313594583914,-0.06194483002089971
58.55122119140626,0.3278209369123864,0.4372633608932568,1.529711121443217,-0.031910838775472676,0.009083946269507861,0.01319986135391913
58.57122119140626,-0.4423727003532252,0.3304537255969898,1.323983894367054,-0.0007279891408607257,-0.034765089473383075,0.03434305705588787
58.59122119140626,-0.3975177332222584,-0.006744612586403714,1.169379750130113,-0.05238939887835599,0.037670790624736585,-0.01864763730885438
58.61122119140626,0.12000734484001627,0.286815338445363,1.4495721374176453,-0.029427528133216266,0.03363104896599064,-0.024194540335138882
58.63122119140626,-0.18119613811212434,0.317253122304686,1.5775725356539154,-0.019877060664648328,-0.08286303037786907,-0.0026207752092473505
58.651221191406265,-0.28353995825696043,0.26431391755118894,1.0919523847246764,-0.03359778367224366,0.05816796711027181,0.02567162150130475
58.67122119140626,-0.32923451404501425,-0.03659940375942862,1.424779926487826,-0.03637984580026854,0.0014837991041752692,-0.03713871611235409
58.691221191406264,-0.04060375050634166,0.0946934757475967,1.1563493855572367,-0.02753817687873302,-0.022226231049965933,-0.03339706358850413
58.71122119140626,-0.3015772985101836,-0.03659584436186282,0.9989194921130493,-0.03907973939353376,0.07170480939317149,0.007880105529271137
58.73122119140626,-0.21559407824053903,-0.23583985231631738,1.3327206136437146,-0.02833857761436574,-0.021705850119016955,-0.034437529912192934
58.75122119140626,-0.15762823278491148,-0.03360838648785108,0.8201577784753121,-0.01848125097053158,0.01921189029092373,-0.04675624519083497
58.77122119140626,-0.01819441635678385,0.05793107753101382,1.1098951729709796,-0.04621969367206753,0.035188043081573195,0.006468127896022697
58.79122119140626,0.3427650599905393,0.16929315737706818,1.3894314801384506,-0.00023080681392280742,-0.010471225613288114,-0.03830986667078502
58.81122119140626,-0.14467187774675866,0.3491125516015154,1.2081514323936653,-0.04225739119136968,0.017181149045280848,-0.04748333374021614
58.831221191406264,0.4212352155712589,0.40600554227057456,0.8577105099620989,0.0030291371023562705,-0.004336519282830588,0.055339639594275195
58.85122119140626,0.1856850213988455,-0.07049394535199409,1.2833772042482334,-0.0230444215772037,-0.010349771659734825,-0.009150914163408866
58.87122119140626,-0.0974264818544393,0.07106744539507671,1.3121080901422555,-0.021896025201438164,-0.025791278418876334,-0.07971043377481213
58.89122119140626,0.09052639521499883,0.2844329233798774,0.9323036623849424,0.01074357914606249,-0.027816185419559,0.06951003923247608
58.91122119140626,-0.357500202904884,-0.27388386144356375,0.7164356004907126,-0.0034899677116679672,0.03311385857348398,0.011878291515819737
58.93122119140626,0.5249224609124025,-0.28165955579467467,0.9955543655620479,-0.033565227993523086,0.020196920931618047,-0.08785121848150987
58.95122119140626,0.5159730676383907,0.276491232851152,1.0974896607752447,0.016707075295805535,-0.015086192384305773,0.011614475897566026
58.971221191406265,0.05901886219552866,0.018342254016563662,1.0529613612205786,0.006196061998456081,0.02277906817305412,0.08888346080236746
58.99122119140626,-0.0031540448902634493,-0.6565154822344974,1.0332180088774514,-0.012289776365929593,-0.0004205405233565201,-0.07450921630611679
59.011221191406264,-0.143463289466696,-0.04963360793196737,1.315682088707434,-0.029537143956971355,0.005014390655574492,-0.06268306838749131
59.03122119140626,-0.45845029679639326,0.24745691101674588,1.4377136058148012,0.011753755106703675,0.002320928003065376,0.06256376870018582
59.05122119140626,0.35014419888868575,0.015734796641142038,0.7311392661639865,0.011511365264330735,0.012966733100482113,0.04818565553095426
59.07122119140626,0.19475595856025965,-0.30719769382758977,1.097880752066274,-0.057071091690498864,-0.002123739461725829,-0.11637828728859277
59.09122119140626,-0.2765616740432465,0.5943989168104407,1.1565095609345024,0.006933895905308249,0.0057403744025877135,-0.06514018207905722
59.11122119140626,0.20671207518573592,0.625215747962193,1.2422397054452914,-0.008700970897740693,0.047914198294079884,0.19002366463229534
59.13122119140626,0.1380390732278343,-0.16934350163800393,0.9509630849162695,0.022308446770216046,-0.05590796054668907,-0.07807298009775834
59.151221191406265,-0.1885117254731617,-0.08174992576030612,1.0071558998275445,-0.10266723350437713,0.09425779447944027,-0.1111246774508789
59.17122119140626,-0.507416930450661,0.4908725099573685,1.5223371409599222,0.03383670895751893,-0.024087591859907335,0.04993832994656335
59.191221191406264,0.4673502701291809,0.29450450251882815,1.3191719903715822,-0.02459845216634547,-0.007777496230250492,0.11470183314613433
59.21122119140626,0.7347211213092126,-0.2463300426516455,0.9547914971897172,-0.04153665320300041,0.026955001697700622,-0.0797242414095131
59.23122119140626,0.36639394646488543,0.22778045424969423,1.5088525707236133,-0.07713721445534225,0.020798600791272253,-0.06670177754818601
59.25122119140626,0.3571791116497141,0.9199019578974957,1.3554039977575565,-0.007865751475122005,-0.03818058853950665,0.08957866201007414
59.27122119140626,0.14225821034647598,0.368817996980526,1.0798547749008274,-0.04792067179568255,-0.028034214962598007,0.07606664670437761
59.29122119140626,-0.2066231561323885,0.043204641299546244,0.7101529117214536,-0.05621415005800723,0.027828012268324837,-0.08004347960120556
59.31122119140626,0.21067735599519877,0.41866253091834477,1.2943770086036326,-0.07804252018054984,-0.010461174847794847,0.05991439526370535
59.331221191406264,-0.14711228375644758,0.40736294864000083,1.0646524823591914,0.008523937652718916,-0.08298169347651017,0.03968140815993234
59.35122119140626,-0.15873883114967838,0.13000645035073347,0.6231644730328525,-0.10982813399037583,0.04453146207828078,-0.032026983187720466
59.37122119140626,-0.4282091479008377,0.5579456445168868,0.7779494977815344,-0.015391928633137174,-0.02466389278476343,-0.01592002140260159
59.39122119140626,0.21507867186562724,0.4212722031816582,0.9617306995736973,-0.05698696658659063,-0.008578941230266503,0.10205284402864553
59.41122119140626,0.2149416123247428,0.2729508656765138,0.5478507084389304,-0.03211543569614139,0.0289299187395121,-0.049177902738048805
59.43122119140626,-0.177962327971907,0.17869361033816525,0.9611853825608347,-0.09509175483063975,-0.014695897038777833,-0.056791697734330245
59.45122119140626,0.16539030015413692,0.8097401806153117,0.46339131806300293,0.014732803789155634,-0.00018587490663139094,0.08724386327566294
59.471221191406265,0.6806043257661721,0.16843279138278403,0.9110902045458268,-0.08340847871476441,0.011839548677841786,0.0790258348604035
59.49122119140626,-0.15622337099997632,0.2799771763793546,0.4001942449710411,-0.013279706501329551,-0.004284348588926669,-0.160300386774292
59.511221191406264,0.21379487043141907,0.8955746468341423,0.4389780783609618,-0.09492489822217393,0.05686607010527984,0.10811663858085266
59.53122119140626,0.30418090335074965,0.6510271076497429,0.6016299898479596,0.061914093573292125,-0.042854817571388926,0.12083733338785091
59.55122119140626,-0.25379905254421875,-0.3653752773760845,0.8342144203193707,-0.10678395192016316,-0.031295641640272084,-0.09880146881318662
59.57122119140626,-0.6102112925973141,0.7276867594613897,0.2285000623595719,-0.008479318574878401,0.06727123473875332,-0.061454249643933846
59.59122119140626,-0.06793365028762545,0.8201933530365589,1.128243346099039,-0.0417533297226982,-0.01780546328524691,0.15397191717370426
59.61122119140626,0.47960158852488693,0.40106476753966375,0.5554035724203435,0.010237379175864342,0.00961152727982832,7.789494516316248e-05
59.63122119140626,-0.10145062063407168,0.05225663702106062,0.70113130865012,-0.11753820502935722,0.0393260085085103,-0.13840816317866597
59.651221191406265,-0.24537669256610486,0.9617242238157838,0.7121714900564249,-0.005249706014566898,0.0032726402129678463,0.026217700205250258
59.67122119140626,0.3563739957504607,0.7273356531658424,0.7792790636142896,-0.03768873283215427,-0.0065083953650291295,0.12948752903425884
59.691221191406264,0.2531109361420172,0.10583386755114806,0.43859012441602435,-0.05335277646867263,0.043108630501504173,-0.07916747266257422
59.71122119140626,-0.10114763363494367,0.5534815585664664,0.7984411225526348,-0.09029299221873327,-0.009437601460354722,-0.08143347526186785
59.73122119140626,-0.03969903419462138,1.0723465020448224,0.5016208868005388,0.0011460977319702411,-0.01826266257343792,0.13259232771458235
59.75122119140626,0.3910442767766399,0.20458572237583275,0.5194713920806778,-0.06386428251699933,0.0011924428969860917,0.056659222627112975
59.77122119140626,0.33878068827662927,0.10356628826279679,0.6220026376987688,-0.08033728197145912,0.0018061850416461146,-0.12043364990746584
59.79122119140626,-0.12323792979067148,1.0282145055555243,0.7183953922968594,-0.057863490559137074,-0.03180179363948231,0.018704381521613703
59.81122119140626,-0.4111433863796341,0.6612016355731682,0.6018486670113661,-0.03826423677821613,0.0005908248924237817,0.13557194356382046
59.831221191406264,-0.2242052018126582,0.08791031650972798,0.5455574123324307,-0.07793925763462868,-0.008471290665734307,-0.06134066034658636
59.85122119140626,-0.006381620396814286,0.6967585846762422,0.358995846985152,-0.09815279784795557,0.05041911854786131,-0.0747488091646267
59.87122119140626,0.14505314099133534,1.2242062970489394,0.5902618320575319,-0.036932262445654784,-0.004157002478806733,0.11439493901498622
59.89122119140626,0.1410215368963857,0.23673418769457616,0.49760839677325935,-0.05096082178333125,-0.05241476042589375,0.08004724858005649
59.91122119140626,-0.11159782788557643,0.045830471071708234,-0.07225328596336836,-0.0822703639926714,-0.004289089151791127,-0.12794030727894296
59.93122119140626,0.007873703468494135,0.79931898604402,0.1977076906717422,-0.08795357296373041,0.03297799430525453,0.02266703351155011
59.95122119140626,-0.030945435423832178,0.6754088180782014,0.3025414501832987,0.011510694491111598,-0.024056560677972266,0.13065190808202523
59.971221191406265,-0.30975108268609186,-0.1528283726304537,0.05342803992350198,-0.09428885954590549,0.048307535507928226,-0.028123308385504385
59.99122119140626,-0.21524495635473442,0.2145499342734603,0.06511784223526887,-0.05975065025196105,0.02995010425361539,-0.12181450560468833
60.011221191406264,-0.12930291179988507,0.813950235045458,0.39610142957878863,-0.03531382275309698,-0.01433751983724162,0.07922007603224507
60.03122119140626,-0.3795743945202675,0.3647605355649511,0.06562327910405003,-0.006812299757090455,-0.007883904107503044,0.031116174248238794
60.05122119140626,-0.16801694047285468,0.0720461328335318,-0.009709758583616728,-0.08323431695747785,0.07371712474198615,-0.0957392510698829
60.07122119140626,0.022310193530299328,0.6612339737522103,0.2076909752027528,-0.02868143315994598,0.026682872315353764,-0.050826331342172515
60.09122119140626,0.08600327251775748,0.7067121029893536,0.376092345332512,-0.02891128396895042,0.01174500027693995,0.05725188642429906
60.11122119140626,0.24169627972940072,0.4586798441931565,0.41746897171199726,-0.04515003395191658,0.02295874710137056,-0.06382195388791292
60.13122119140626,0.05566306887188622,1.0221026231356982,0.41884991678509426,-0.05107925151928548,-0.019777933469394212,-0.08833252304372603
60.151221191406265,-0.2507748773725932,1.4071669456525833,0.4436941833407287,-0.043111570270187104,0.0674252805653506,0.0875932045529254
60.17122119140626,0.22813328127196553,0.8530591768714482,0.8763687778242262,-0.037572148894785044,-0.021120885600180262,0.014496817088816363
60.191221191406264,0.50426434348799,0.8017323244583822,0.27980702354547254,-0.08075835601831576,0.06487564572137305,-0.05339501546234422
60.21122119140626,-0.42730543295336354,0.8798136401784717,0.8306966354214559,-0.06784854943463664,-0.006675135524231555,0.015589041355652146
60.23122119140626,0.09450112881543356,0.8233982201988613,0.558776470255773,-0.03649264628791482,0.02242001972992925,0.09226602190250194
60.25122119140626,-0.07919122129591263,0.30573820846299304,0.6073219298128668,-0.09254844960127728,-0.013908051650985178,-0.08200009567524412
60.27122119140626,0.30116093127461885,0.6127780778580164,0.23266251031896593,-0.07944251584213996,0.025617169063043115,-0.021028436851735912
60.291221191406265,-0.17123250843364918,0.7611488577804097,0.6844561808464068,-0.06678700898775784,-0.007221289895481665,0.026471419445380673
60.31122119140626,1.2198300063286418,0.5037702231415301,0.21828553149410757,-0.07355865995786456,0.03089624819869741,0.06835775464667093
60.331221191406264,0.4469008668781564,0.10899934247619647,0.2370967145512524,-0.07191435648805827,-0.09295840314629664,-0.08240721634267185
60.35122119140626,-0.18698149521003105,0.597188114480074,0.05287331956056374,-0.10698007979714905,0.03905770073909156,-0.021688175983240122
60.37122119140626,0.1298463740484405,1.275870132686823,-0.051755568452526206,-0.020296161114873996,-0.00344564176905199,0.07634568328944959
60.39122119140626,0.31578906218457875,0.17273038177052866,0.07011998602946147,-0.08973293189082387,0.013208387218560668,0.05963359120952082
60.41122119140626,0.11140165182027524,0.31682495819549594,-0.2787531895524354,-0.038033717071473065,0.02987691704279053,-0.09722612444955919
60.43122119140626,-0.49868396722066527,0.7823617748104006,0.341729349080784,-0.09873041147990874,0.0017172690363867578,-0.015348931269157911
60.45122119140626,-0.5176878334280153,1.1346864414066702,0.036751497347594336,0.02962976574382165,0.02975822081966676,0.08282598428804003
60.471221191406265,-0.1479294600255112,0.20636618457065378,0.5452416278851833,-0.0840077035263815,-0.0281146433359027,0.016972912952375473
60.49122119140626,-0.6304056190327637,0.7168987882353028,0.052648700397589135,-0.011377808727598939,0.06864395629013124,-0.13589779291695736
60.511221191406264,-0.5333485990274366,0.8874951866212986,1.021049641849056,-0.09557803357078686,-0.007268820957090569,0.03606339430649514
60.53122119140626,-0.01846878495330882,0.8681623104472619,0.06185860414732202,0.06281224648213006,0.016561812668126268,0.06662169995641638
60.55122119140626,-0.010489324886067233,-0.042120309492105455,0.37644598942275653,-0.13779854180875598,0.014150425620116137,-0.09777036663508877
60.57122119140626,0.23876141271964407,1.0286622589728527,0.19426501422774123,0.004353344101929811,0.06776755993067941,-0.0600645085066404
60.59122119140626,-0.41419209245853117,0.9418467468063914,1.282705269675668,-0.05579727371264112,-0.06722482566463019,0.10765212815426674
60.61122119140626,-0.6514345119655214,0.42507918578099496,-0.07325906274287722,0.00423048138205266,0.07079036146631569,-0.03030735502239528
60.63122119140626,-0.8216223131402313,0.18544670772491045,1.166684683155657,-0.15113142369674307,0.03396824800275034,-0.13658187145330097
60.651221191406265,0.03875916683207235,1.3040972535115762,0.48411415243158107,0.047543198662325,0.04447607100602296,0.056144778679521876
60.67122119140626,0.7264958380090268,0.5731121538359704,1.0314460435972714,-0.10523946190763346,-0.06069250979820113,0.08770248423071998
60.691221191406264,0.6707474209046986,0.271575815653137,0.0749311643455821,-0.023268718620144995,0.06276654467549417,-0.16456029576670345
60.71122119140626,-0.19698196522383327,0.5933913788678233,0.9419035318821518,-0.12416254373770012,-0.03900055241950267,-0.01328339443938954
60.73122119140626,0.1280881576022629,0.8341278011296005,0.10186691120875888,0.049816833938833724,0.035110172745528426,0.15816134970310383
60.75122119140626,0.6295483681936842,0.19996717864548488,0.6666445504683439,-0.12731591439592446,-0.058278511204755634,-0.10577629918635753
60.77122119140626,0.17073523939975524,0.9962293060298592,0.3451817064672422,-0.048419362572027023,0.060193927966454126,-0.12358991833070966
60.791221191406265,0.27484618416333234,1.3517295455379612,1.0116684808826204,-0.038739722014240266,-0.049252381763646005,0.18273964178841665
60.81122119140626,0.5844239157330374,0.08967841268418356,-0.0012397049261774038,-0.006139792198452275,-0.04375590995667803,0.07148279189286451
60.831221191406264,0.031235526107411735,-0.39727426575605745,0.013441310718059861,-0.1228071717697711,0.010419539184457122,-0.22359564892675363
60.85122119140626,0.5777024127612513,0.8293453775950965,0.5014103040179703,-0.05297855508668427,0.1167495611370985,0.05082920827366119
60.87122119140626,0.041100545993606324,1.076745977399685,0.7399895795033138,0.007246218174914027,-0.010455469421235307,0.09320685780376503
60.89122119140626,0.4586739514905277,0.37461888554776007,0.3951497646516844,-0.12301364224360058,0.058476781708785175,-0.07444084306420162
60.91122119140626,0.7790253027685105,1.0916143510958627,0.7698504904839538,-0.03422568071461362,-0.04375861282467142,-0.07119860000218144
60.93122119140626,0.1743144356940408,1.3030299799790874,0.6857070291692078,-0.05273534693002261,0.033054866079993216,0.1231779674769199
60.95122119140626,-0.3703782199567138,0.6283375637637475,0.6286221732227251,-0.0425621070719169,-0.00339702803385981,0.016926560396161073
60.971221191406265,-0.27565516631598597,0.3452418478350892,1.0388275372661027,-0.0997815149139617,-0.05397568416285581,-0.06766708181690584
60.99122119140626,-0.6391029918761665,1.205977453486592,0.24931606559538863,-0.015089451389835919,0.04987590234032117,0.039723381405126365
61.011221191406264,-0.02449951728678324,0.4949181986206649,0.7055818909031704,-0.07835007539788531,-0.07236417089966891,0.1139478525981497
61.03122119140626,-0.9141156616859981,0.34306248932628436,0.2891348496679358,-0.01930019773558539,0.007079215970593812,-0.12707186329185272
61.05122119140626,0.05050941666362162,0.6084487173985993,0.8028476246455484,-0.1268715190080963,0.0005966362458599676,0.03685191300085341
61.07122119140626,-0.0435207256772281,0.7350493453259718,0.6485442760199746,0.044647955939197834,-0.021245276914500563,0.09060980009140017
61.09122119140626,-0.283408827248968,-0.21416764470376215,0.904370366032797,-0.1345720610307368,-0.0480666956468509,-0.022293367554018024
61.11122119140626,-0.886041278334253,0.3424019657598185,-0.043095246827942545,-0.004680843876548773,0.012567100842818467,-0.10358166755909991
61.13122119140626,0.637401266345077,0.5879143217824139,0.4953838899334224,-0.08104885129335186,-0.06345168473779098,0.16975159637423856
61.151221191406265,-0.5153857293716573,-0.07602717132118555,0.18676348116401248,0.030583823934069,-0.04779606632769666,-0.06016998767424002
61.17122119140626,-0.31258015562833996,0.193136403433391,0.19046358733009966,-0.11854917549171827,-0.033803789022995266,-0.09102159911436579
61.191221191406264,-1.4577362130128346,0.9959881103951379,-0.0018470990707293066,0.04634033656036576,0.10416923163415381,0.07472134947526861
61.21122119140626,-0.4691465360356475,0.41060829206631827,0.7158459345257007,-0.01194180709393489,-0.05940032771528913,0.16243459233059523
61.23122119140626,-1.0295091134978258,-0.5447211684158499,0.14275759343182845,0.006259735715752395,0.02790690107385956,-0.10693629958512547
61.25122119140626,-0.33397032956938577,0.04464748680186553,0.8454803718701557,-0.07269588323509098,-0.009737154264685303,-0.08665507508869809
61.27122119140626,-1.487314600907461,0.8268514889957518,0.6525463981038296,0.06202098287826784,0.015895496130524732,0.017163554914961864
61.291221191406265,-0.6885088791493336,0.5223611887638315,0.6175711563016602,-0.0287607430466939,-0.0083822334988694,0.0862157018827946
61.31122119140626,0.03541358607908266,-0.014721015539468977,0.49479452277905217,0.017413853545400187,-0.0040875142997101295,-0.07997510144933721
61.331221191406264,-1.3036578881419008,0.031376100422444125,1.1491692117365613,-0.06680940128430941,-0.005906364032276348,-0.17351068948942608
61.35122119140626,-0.8075149195086613,0.7825842862699143,1.1411254714120613,0.002618231195387355,-0.01149157351321556,0.02722076917149482
61.37122119140626,-0.8174265219640081,0.43653449597676985,1.1659271982411117,0.008133931774948776,-0.02712099940493207,0.04201648208611235
61.39122119140626,0.13535355102631988,0.09915558244180592,0.7952456410040342,-0.06448974414891004,-0.022630362302526994,-0.09614271721035161
61.41122119140626,-0.5178517396900102,0.4020917286878657,1.1421596435577883,-0.04686549335253607,0.009097413147528752,-0.10325437636566927
61.43122119140626,-0.25881972450841817,0.9394898459362916,0.9587819765784589,-0.033174159546921086,0.022383921003997557,0.026317917398947056
61.45122119140626,0.15059387310852018,0.4803911518194036,0.8468128005553808,-0.0496496638370614,-0.010792303684831207,-0.005400173286878571
61.471221191406265,0.32426807146335673,0.12167343886298766,1.0994856317297312,-0.06609550620138495,-0.10076825451988833,-0.11098171241612345
61.49122119140626,0.12638482787512198,0.802387170880331,0.606653280289849,-0.06192728163465289,-0.0026081783980521737,-0.049592530871739905
61.511221191406264,-0.3687211160519381,0.83256247439827,0.8108935027439717,-0.06113485333570626,-0.008449232753829269,0.04415554536704063
61.53122119140626,-0.6284676881698864,0.3488749891135782,1.3884418337189128,-0.05289323707288827,-0.02697391422755814,0.009102660203350061
61.55122119140626,0.49692264908045125,0.3582512510621688,0.9435945697304832,-0.07186001053872888,-0.06831156971626709,-0.0380030116378322
61.57122119140626,0.4023124612431615,0.8861464377618244,0.26316399523549705,-0.05868531102118592,-0.03886537937984438,-0.008164400820719347
61.59122119140626,-0.03665946146091064,0.7796274869572862,0.49315733192677635,-0.06710624251969285,-0.003635893195456481,0.07121912855303873
61.61122119140626,-0.6164001313721644,0.06142069030656305,0.4736345081316512,-0.013535840714765159,-0.12204075513155141,0.0048778470777921515
61.63122119140626,0.0896019698879045,-0.41611810461547943,-0.20146531721840447,-0.07200484494750199,-0.016756180620164457,0.021859346431034266
61.651221191406265,-0.3331626732778326,-0.22988554673460468,0.14364364862992215,-0.0071563538822727165,-0.07958889576590106,-0.01800423151879675
61.67122119140626,-0.4187995134742783,-0.10227859492932467,-0.056321035540879666,-0.011706649366857459,-0.041865417470704776,0.09304365359928933
61.691221191406264,-0.6610707402881187,-0.36817506839766445,0.04611644439140945,0.021099087530527232,-0.07648768360668423,0.04747121441524146
61.71122119140626,-1.1323565889062293,-0.685448172009001,0.2230693797544131,-0.00016536657261524349,-0.049593372359368636,0.011581796936867938
61.73122119140626,-1.308750468732292,-0.4511929311863309,-0.11767372924281326,0.05430397152344243,-0.08784199319082282,0.011457335819314513
61.75122119140626,-0.5791036822506214,-0.632937548851545,0.0009326437048276586,0.020222702474622774,-0.0008056504431098802,0.09113202779902808
61.77122119140626,-0.9657124253847151,-0.3335439678424184,-0.23535694404428922,0.07784947165372502,0.008636402920005918,-0.07976827828375051
61.791221191406265,-0.3640401554238003,-0.29501702621025927,0.24192547966330014,0.008251094757629009,-0.09079946186144909,0.015583050577571575
61.81122119140626,-0.14788349253144187,-0.23266276801471547,-0.08466020170498707,0.16762346541928744,-0.06040610650945863,0.14293513263655727
61.831221191406264,-0.7487120837079647,-1.3199352451305422,0.4220702891381634,0.018097480940830746,-0.09964350947511806,-0.029989269669366308
61.85122119140626,-0.9241150902219312,-0.4402715259035548,0.3059293569577728,0.08200031632735953,0.06435767969520108,-0.08838570342386795
61.87122119140626,-0.0891399251431026,-0.14806293158568315,0.866118376288269,0.08395941915398158,-0.08755317130662309,0.1542824004031698
61.89122119140626,-0.367841307382837,-0.6254249735007656,0.6427954668339858,0.10876625639949032,-0.10140302120668432,0.06595022167791677
61.91122119140626,-1.0875041827802674,-1.1419235152093214,1.0946143151907244,1.4369814178285891e-05,-0.03951136250637625,-0.14607450055021082
61.93122119140626,-0.5667144582311866,-0.10431611071759607,0.945504875448,0.07815675679639202,0.02003459369724191,0.09385084407680003
61.95122119140626,-0.8112038005981609,-0.44236337195685715,1.3952284217405242,0.06638989475485961,-0.118995199917365,0.13564833512511
61.971221191406265,-1.3323517851919684,-1.0514694866988388,1.1006440411855587,-0.009376245501147526,-0.03271073921371257,-0.13973584652278656
61.99122119140626,-1.0929478641521921,-0.21590627050194175,1.4141912715339984,-0.018915406567998262,-0.06090186619858372,-0.0533758999439758
62.011221191406264,-0.32453535313194354,0.25507664282770104,1.1599499300971567,0.056424662253699805,-0.12918111515343564,0.15295137355057883
62.03122119140626,-0.549660751044901,-0.7829162275114094,0.8918265165170776,-0.038177395362358126,-0.008911052550614619,0.019216915530886402
62.05122119140626,-0.7708641697949884,-1.008379232673418,0.7673810876794537,-0.03932219700045476,-0.04459491638077691,-0.1468782264551292
62.07122119140626,-1.226486099123072,0.09815284665624306,0.9108414586970416,-0.025181146808626126,-0.1189373988629625,0.014305780653495914
62.09122119140626,-1.1017252752009876,0.47070597863594543,0.441014957786138,0.008101586237548043,0.009877641414265285,0.12087548223325122
62.111221191406266,-0.430134714786783,-0.6615778056206288,0.9243803098934943,-0.05991932907021081,-0.06830320130879203,-0.034611319155558845
62.13122119140626,-1.4493537510460714,-0.34887604748080875,0.36618833310893123,-0.015715203238234113,-0.0683108359901864,-0.14937519786869644
62.151221191406265,-1.342316084250744,0.3029877419774683,0.3019489413091698,-0.06467089270110848,0.029587061862061358,0.04900369785634869
62.17122119140626,-0.5813738962164164,0.321346182392325,0.17619190116464273,0.040388196458062124,-0.006164665456335692,0.03944079183315154
62.191221191406264,-0.1320673224976594,-0.5890871555680186,0.3867491698543472,-0.0717853701407354,-0.10064113016768018,-0.09801432901570689
62.21122119140626,-1.0460290784511215,-0.07590699528185176,-0.4569482046127846,0.021117696100428972,0.06605485774142315,-0.09209247519682495
62.23122119140626,-0.9621560817729248,-0.0840057782024403,0.42410391582862644,-0.0344423208520433,-0.03641933513135947,0.027242457986787427
62.25122119140626,-0.3174442988508912,-0.01808774530109378,-0.20867979236408296,0.06796460979801473,-0.0065469276172353905,-0.052995567487793695
62.27122119140626,-0.1966445864351777,-0.334719083617756,0.3523179704371565,-0.07290535339613827,0.04710554572891795,-0.12156063904474537
62.291221191406265,-0.9915606088698293,0.32451852987890534,0.010895201060832924,0.07050984881407518,0.030478241139848553,-0.10870745124685796
62.31122119140626,-0.7215777475025812,0.3728680601941189,0.3975219752143449,-0.007928565225330546,-0.07204503241750834,0.032337427225045796
62.331221191406264,0.2575245102848071,0.06990326258177289,0.09723661183348327,0.06017138841773713,0.09342153683686037,-0.02387423956048743
62.35122119140626,-0.4607928856872779,-0.05623309288720285,0.7908118687005661,-0.017238385413342577,-0.04558600437694724,-0.22356237249215308
62.37122119140626,-0.5870581827371896,0.6113484686075562,0.1918509670893135,0.04087851610313212,0.05613936187112134,0.019440491153010473
62.39122119140626,0.43949851274140433,0.43476275760936256,0.6589372435136187,0.04631695183517905,-0.017795608438760987,0.059319562468885596
62.41122119140626,0.2143229791529889,-0.31004722775585375,0.30082950653426094,-0.004255082079136032,0.04441756332117131,-0.17251404747490928
62.43122119140626,0.10649837809503293,0.37232411935870185,0.8697902601795228,-0.03304755326510407,0.025658734686107524,-0.11120061130595338
62.45122119140626,0.5830966406171911,0.9122063065211968,1.0228374652301693,0.05187670634342032,-0.029984262887271747,0.07918367935085742
62.471221191406265,0.48212452819423485,0.4320401851469197,1.086333215351618,-0.04052212555290784,-0.00106477088177663,-0.04322923722017779
62.49122119140626,-0.09929562865457707,0.27141483383253184,1.0727614988648424,-0.04234964595612682,0.003511814016320541,-0.10467769256806639
62.511221191406264,0.0027243447304323297,0.43179494669232477,0.5445842324260081,-0.002381168029475725,-0.03935960972700253,0.08177958728671499
62.53122119140626,-0.043409626971853014,-0.19939534294103492,0.16055023378700245,-0.04956198852780877,-0.012950439461409785,-0.004934646980632405
62.55122119140626,0.5637097291191124,-0.25181656643657047,-0.12512541090425475,-0.05116225311302746,0.019589381134451862,-0.10099881460078453
62.57122119140626,0.6004054366696343,-0.18782466959219896,-0.38225843644699475,-0.013536355290516323,-0.0825266588907746,0.049262646046285406
62.59122119140626,0.3045195329248774,-0.7738462022507331,-0.8567054078671149,0.001203322367775785,0.007488111669961744,0.09856253860174022
62.611221191406266,-0.43235352143627204,-1.4896874913369973,-0.9712509438709082,-0.012744136793927184,-0.01932749287417796,-0.10044365347659018
62.63122119140626,-0.25135543337450933,-0.7666608818404532,-0.8665711089817837,-0.030926609454792094,0.03215926752190641,-0.06310446383268536
62.651221191406265,-0.7801599366474719,-0.22805595087914346,-0.31122531964232697,0.0619497787970125,-0.06630452650755048,0.027641179413067322
62.67122119140626,-0.12753788766328766,-0.365362713286308,-1.1406930377523479,0.04848539379899481,-0.040717965125710374,0.04928844237850775
62.691221191406264,0.5159845299523234,-0.5215413295973215,-0.9212902299292414,0.0016239346571770884,0.05613624015685322,-0.10500022727761528
62.71122119140626,-0.26202094735489545,0.24043187967094223,-0.36023314332486545,0.06707928634772437,-0.04421821624066014,-0.11163711356234005
62.73122119140626,-0.13298655899303966,0.5314096933619915,-0.5463115600301244,0.05618618666461694,0.0706461810534818,0.15118585166826734
62.75122119140626,-0.0018467219510122492,-0.28672817109081933,0.13869320201924532,0.07356718759460788,-0.037491554588236234,0.000443447964094085
62.77122119140626,-0.17633821049818535,-0.3150511135207418,0.024102093658375845,0.0190178848656959,0.0013592973478928872,-0.12585238425744202
62.791221191406265,-0.3372628741315258,0.42276835853685857,0.2268194428794392,0.03999161791375113,0.010206549130104423,0.05939897863592471
62.81122119140626,-1.0800229176119367,-0.2170924009260691,0.034704401188523804,0.1134949259551535,-0.10657071859783684,0.1198526597612219
62.831221191406264,-0.9813674854585518,-1.3230431479880858,-0.6013830452681406,-0.029641247241558623,0.150116801069135,-0.07012042336750908
62.85122119140626,-0.25981835143332926,-0.28184184408937457,0.3616548442367639,0.00029555915361106563,0.009885030274754033,-0.19104682983194934
62.87122119140626,-0.9904707091153583,0.6793435779176493,-0.011000322064354705,0.07557980240741356,-0.10669168581916641,0.044915183095555374
62.89122119140626,-0.3616670911119518,-0.5768043570358989,-0.5629090058957738,0.02010424249814801,0.08075957306426315,0.19831627878718794
62.91122119140626,-0.7008955060469954,-1.4724616818582497,-0.019442178603573786,0.01621790015449945,-0.049484831402985784,-0.3333361760642927
62.93122119140626,-0.8138378754926096,0.13720395872916388,-0.48321665078224096,-0.05862247891292444,0.06384718259396768,-0.1619760656830222
62.95122119140626,-0.32690264045713546,0.6036502527138129,-0.5635244272150786,0.11510345538886632,0.04552286455810054,0.2032388878673383
62.971221191406265,0.4314460876405295,-1.2114232766656532,-0.268642535818758,-0.020890024061368105,-0.025062935589794392,-0.06591816633272896
62.99122119140626,-0.2282517328395029,-0.715485199008468,-0.6392244181670506,-0.025863677030084048,0.09718117917513686,-0.40451224672448355
63.011221191406264,0.3325593990630705,0.8036015526376695,0.24959443495336398,-0.011079072745252804,0.004238538160295655,0.053031243699515715
63.03122119140626,-0.05941697842628713,0.22659627610152355,-0.3553060804650166,0.10967699034832448,0.016504117034795665,0.13876440171705867
63.05122119140626,-0.38606699491155505,-1.8498632253749692,0.022496714041361814,-0.09910294922105824,0.019185092121691828,-0.22188519959269046
63.07122119140626,0.07210571885957992,-0.30653936240502794,-1.1457856910189337,0.02975368690016854,0.07077362827895499,-0.24702572028548223
63.09122119140626,0.7524554290533644,0.37557703746425114,-0.22772358778887586,-0.04393165949379233,0.0645620858852257,0.11975778513775989
63.111221191406266,0.689579082404174,-0.21493317743728937,-0.4015585277470454,0.07742445070705292,0.002559590085102965,-0.08953040477057289
63.13122119140626,-0.21844177513192356,-0.8628356241166503,0.03733974589414203,-0.10975873838756241,-0.02739752293664511,-0.2252572909119047
63.151221191406265,-0.10651111193222079,0.4549663382531624,-1.3015921676030007,0.08105627140987773,0.13518324156155082,-0.01182200749350393
63.17122119140626,1.2053154825004126,-0.20113576291602048,0.018113688109822418,-0.041188434447626494,-0.08212195775921818,0.07407734169501497
63.191221191406264,0.8255600018531638,-0.7259313673360014,-1.2793806051935397,0.06871524567576519,0.0961617212040333,-0.1835039775473137
63.21122119140626,-0.0708643854972022,-0.445461553344054,-0.23263316524475547,-0.1080467219915828,-0.015319670742524941,-0.18587756160410507
63.23122119140626,0.1479529908745518,0.8865605419527504,-1.030117866374878,0.1230512671614632,0.09666404859496272,0.03539228677217729
63.25122119140626,0.7615666937250649,-0.2736273206368724,-0.35065487930010636,-0.030685131766957575,-0.019390124396329856,0.05273847383407659
63.27122119140626,0.18790527597174278,-0.704475322740556,-0.8545533366989165,0.04593395554865295,0.0896299151568901,-0.23132299488818828
63.291221191406265,-0.2938914963861437,0.16180020900843012,0.012617349077112263,-0.047728853607532214,0.029552426605382893,-0.1186482401457893
63.31122119140626,1.19935490169196,0.6222058238951839,-0.8581646944318319,0.11851163440597935,0.06261696933033586,0.17384806468563152
63.331221191406264,1.0876370861745028,-0.6126742144283494,-0.36698993971202126,-0.025670475399466697,-0.007916615275548634,-0.1206727744136511
63.35122119140626,0.33122337582169686,-0.13210820985235153,-0.7921310209040212,0.01082638044585137,0.10377284293979475,-0.21891232462372007
63.37122119140626,0.995241572170846,0.8831795674254233,-0.16222905549301922,0.0386748591578747,0.051069833668633366,0.1470740405138535
63.39122119140626,1.6150678274705563,0.05317977242750452,-0.3952846004921435,0.07388578768435745,0.004121467199679032,0.09377599080722401
63.41122119140626,1.0243192992951604,-0.8160709913831358,-0.44665126313546727,-0.03768661287921871,0.05158965914869693,-0.20534320266890374
63.431221191406266,1.124726445811437,0.3002401292837017,-0.5142751232690271,0.036284844613960386,0.056046291566291616,0.05324463129008713
63.45122119140626,1.27126282814875,0.023675849521338783,-0.7492824270389705,0.08564771577255362,0.01865872193823982,0.24610919067553663
63.471221191406265,0.5924641012106789,-1.1818675604886322,-0.4489073763179638,-0.014420883865607888,-0.010256874249921864,-0.1263300514780109
63.49122119140626,0.5381072441598529,-0.10234929058199678,-0.3326830691988457,-0.0051796307356528305,0.10160790756735495,-0.083861269245478
63.511221191406264,0.297385993807022,0.7785556596131054,-0.01537966298502513,0.08094904611086692,-0.06092884672871501,0.18105643385840262
63.53122119140626,0.410593151233176,-0.1903054849509847,-0.09606565134483705,-0.006019602071120669,0.054262896228800754,0.08244183726531859
63.55122119140626,0.47406309971221233,-0.15223127045709092,-0.01987690546050233,0.00705578408730066,-0.03382120986126356,-0.16738349786428178
63.57122119140626,0.3552706871414674,0.5849128497509101,-0.021097787387217997,-0.015660748992838164,0.03940369552789588,0.112138673938075
63.59122119140626,0.20300209001638692,0.502992031114803,-0.11992144839879817,0.07935543387850169,-0.03379860509399621,0.1465912101867537
63.611221191406266,0.2962967639442784,-0.3400865509944639,-0.09762036727904728,-0.06565782320218229,0.005487441294105961,-0.0694465757249577
63.63122119140626,0.2547339318388026,0.6182945680247037,0.11208556537212111,0.002726832550426212,0.0420266599285534,-0.03240384904886331
63.651221191406265,0.5702593290142356,0.6782723672700709,0.5390355768575448,0.016557285844283037,-0.06369125466813218,0.22529748118616785
63.67122119140626,0.5052597786240114,-0.04338587394339386,-0.429052090966421,0.010012861210407072,-0.004575925647200732,0.06421511598151236
63.691221191406264,0.49009580424352944,-0.5741349832747373,0.14052887281062917,-0.08332230923476419,-0.030756676501895355,-0.030153493556812357
63.71122119140626,0.06837048835217874,0.02684273930703055,-0.362964991419529,0.04396452941857532,-0.055082137144066234,0.08574163619040404
63.73122119140626,-0.1712056419354149,-0.3371903034913837,-0.3039717477836185,-0.051458720631825265,-0.014952000243312478,0.13784366468920164
63.75122119140626,-0.2657866986618093,-0.6452571034999836,-0.9714395247121906,0.032559412898994056,-0.00817526027255525,-0.029753147144099275
63.77122119140626,0.13167234827170793,-0.36396108160129254,-0.6957563310834675,-0.05437868896921999,0.024868950433185308,0.05881069442995402
63.791221191406265,-0.3173787726378588,-0.313668137725297,-0.8152260765978467,0.0815676695373703,-0.024253843710296274,0.07431630205921155
63.81122119140626,-1.195536804946962,-0.8618265563718052,-0.9552237939655108,-0.014664317613340961,0.027368679808191538,-0.00720419378244868
63.831221191406264,-0.8424836711002563,-0.9329256697416555,-1.0292854500292612,0.05701020034819438,0.013333936607935854,0.011673941373442673
63.85122119140626,-0.9111689415146197,-0.9789885837882908,-1.4379383070847347,0.10615198158058788,-0.04065932828766715,0.046726808430743984
63.87122119140626,-0.00883798714924696,-1.3471311023977435,-1.997442921265984,0.06356475725776835,0.1027423634854083,0.04462404561445758
63.89122119140626,-0.7578374194542978,-1.6108693813799446,-1.0486714228623508,0.12154330132088949,0.03663098031523937,-0.11016366791311963
63.91122119140626,-0.4746026449917043,-1.124493985273164,-1.1408592239103081,0.13265356457270375,-0.02641386013637658,0.036688176697505695
63.931221191406266,-0.7189839490375156,-1.5363718085010991,-1.4723573582204272,0.17319314371130914,0.09559077659081522,0.08377080079237847
63.95122119140626,-0.9332627974644058,-2.0554153928390355,-0.37321180199515996,0.11321107116548317,0.01190193393290457,-0.19789333007141022
63.971221191406265,-0.36733410877420514,-0.9699899295313862,-0.925345974509777,0.1866466874572106,0.07311268722767365,0.0023617318137115974
63.99122119140626,1.0335334601877488,-1.5220642521938106,-1.0678233968998563,0.22901781590233333,-0.05081544902151442,0.2294367045473595
64.01122119140626,1.9725002039231514,-3.117469028106677,-1.124524225992378,0.15552666359646067,0.08538385529233943,-0.06869551202329217
64.03122119140626,1.8915860164516058,-2.1331192184670966,-0.8354997866492492,0.14720468887553936,0.06621368266373345,-0.25387960551286787
64.05122119140626,1.2039302287534253,-0.6627611993081768,-0.19882168155792873,0.18462436598160026,0.07689682736689048,0.14975688856049993
64.07122119140627,1.1561597545307272,-1.146854249846466,0.8427476196264289,0.1947253710133017,0.05433125409714583,0.19742541795420254
64.09122119140626,1.4491859045304116,-1.5680489027486806,0.7831714085415475,0.1362370462503799,0.007810471964000972,-0.1106760885797179
64.11122119140626,1.6384354869519837,-0.6855354396602509,0.5854744621930127,0.06597287423220091,0.09422484389552961,0.035097105711226415
64.13122119140627,0.4215860321218227,0.11628578113733996,1.747436667023098,0.11958505556388498,0.02065584113457517,0.05604026739803983
64.15122119140626,-0.15261466227242101,0.30835842514140993,1.744356174236292,0.018304673933387545,0.036849607084996946,0.039707242925706834
64.17122119140626,-0.4914766226067089,-0.046622241622854874,1.550340499779617,0.052702706807826856,-0.07224675568246457,0.07099060400068666
64.19122119140626,-0.2691453341257616,-0.39842054218472234,0.41355274377682544,0.0037130103982985123,0.07200141577122098,0.07899691973545417
64.21122119140627,1.8937112265928038,-0.37917966224775634,1.3327115045819515,-0.09685571215244144,0.08318346708734081,0.06789239216572071
64.23122119140626,1.8660067056689453,0.035707204989808394,1.613032361728569,-0.012732581038132375,-0.11753977536308924,-0.011909485132135118
64.25122119140626,2.519050802573263,0.3087532483211137,0.8577029570324985,-0.13773343258031756,-0.029206920940257404,0.2723400122879556
64.27122119140627,2.0782309672717107,-0.22345454890510147,-0.42559507764051313,-0.019483577900434933,0.002844018235309832,0.2044723666638684
64.29122119140627,2.5873851260250076,-1.1965834583248969,-0.2987015523739747,-0.19649837492457004,-0.1263818706292887,0.11125708444002952
64.31122119140626,1.5305608301993185,0.3352171271458777,-1.4730254519191994,-0.034597883072514636,0.01872359713017692,0.0764948795931138
64.33122119140626,2.2538065883309737,0.6083251385156659,0.008550974133996853,-0.16599901118039065,-0.08560640350004851,0.3863906891202282
64.35122119140627,-0.04418701478062904,0.19179935956665237,-1.4081999766937083,0.0916148242284024,-0.12695452980553565,0.1589818266048521
64.37122119140626,-0.4713833214830459,-0.10421537993232441,-1.8204350256972548,-0.2117578779387634,-0.0184533976019807,0.09336620248070625
64.39122119140626,-1.1296090648255095,1.0405252278428319,-1.4080264104643736,0.08699950195244202,0.09740101899724632,0.19870092426039754
64.41122119140626,-0.21030512554463543,0.3799720307111834,-0.5318231928306183,-0.02872870729580819,-0.150282465136252,0.2840308033488971
64.43122119140627,-1.5405967647697627,-0.2163992698994389,-2.1016498867269076,0.049982500470020376,0.07215768189085316,0.005570384375610637
64.45122119140626,-0.5461609089667057,0.9328084406673844,-0.6725370149406739,-0.08158781826940603,0.05378496939349563,-0.011899223118849434
64.47122119140626,-0.5883823299263862,2.032264317395259,0.01773682161948943,0.12845065635642827,-0.05314742739812892,0.1701791368020765
64.49122119140627,-0.13699099030547782,1.6024523631101018,-0.647135574838915,0.03741412575831505,0.1629524357209706,0.3346540481432827
64.51122119140626,0.04033361245921888,0.06849102588898673,0.5902011067062036,0.0023353005723377902,0.005374548482858912,-0.009385854612913436
64.53122119140626,-0.5383228075531851,1.488658411088161,0.2516542589063582,0.01297781810060266,-0.04374293570079278,-0.1692173843267617
64.55122119140626,-0.24719916020276092,2.554565936101168,0.2682026007215349,-0.01305355015125663,0.053639191928816325,0.2913005711333697
64.57122119140627,-0.633177074251735,1.2932862652726909,0.7306196858120875,0.09887958761478259,0.02182830132441336,0.21654891967060824
64.59122119140626,-0.3488175312719091,0.43037330658476874,1.0038866861547666,-0.11448487962498936,-0.0104483884101621,-0.16474104598680978
64.61122119140626,-1.9190291521407599,1.8975422877526678,0.37684943436251034,-0.029005104674374574,0.13164169100428738,-0.12394970412068711
64.63122119140627,-0.2333858737711107,2.359527803571573,1.3769854960284207,-0.05804505446238466,-0.018989925971899087,0.29668436090032985
64.65122119140626,-0.8060974580696305,0.7679516897020112,0.8872429447102892,-0.02814521228204687,0.11683956260594536,-0.005617320531555481
64.67122119140626,-0.762617600043526,0.7104296257325736,1.4478669388702126,-0.2464467663211355,0.006317285404785507,-0.33658205233684857
64.69122119140626,-1.7532690849660844,3.003704356493936,0.1878852603112006,-0.01342938713931652,-0.013288440683753351,-0.03280874614315905
64.71122119140627,-0.4739810257574295,1.7061144084803972,0.7203685689271742,-0.17893224823610562,0.1560227008815595,0.3582980014421507
64.73122119140626,-0.4359494986992072,-0.08455237093766034,0.7328730737909926,-0.050954273819359124,-0.11062246905069997,-0.3440763531829233
64.75122119140626,-1.164668833114204,1.4077930615810628,-0.21290017024993008,-0.33305619958075205,0.1958161438380342,-0.3950917735473952
64.77122119140627,-0.7193310812872131,2.8655814785459572,0.2703490038478653,0.0006881851090518875,-0.008641179995826162,0.23051503604566584
64.79122119140627,0.2109350523874893,0.3320811530492252,-0.2303929520711923,-0.11137885863573294,0.0053305087521671995,0.1837808122639135
64.81122119140626,0.9206020794352745,-0.7240874009221763,-1.2159898190229916,-0.19664113511958764,0.10635028958232551,-0.5073832250837356
64.83122119140626,0.7347793583330541,1.6384173904684978,-0.30565679791594197,-0.18826375241449603,0.10546913799643519,-0.25327321591572627
64.85122119140627,-0.012939591622376163,2.8945053655496498,0.16675002748773224,-0.006185593825399513,0.007984103423704423,0.24817185169885697
64.87122119140626,0.3868716360198106,0.0977030163944195,-0.6647728210816056,-0.07232882494768454,-0.029803965658243274,0.09543284943247875
64.89122119140626,0.6994257402539946,-0.666904452787445,-1.5895678237682855,-0.1277192696349045,0.08686527897038268,-0.3706810319574822
64.91122119140626,0.02338925430328386,0.699808207695887,-0.5912633810375127,-0.0808136816962067,-0.010378076158299727,-0.12351850847856045
64.93122119140627,-1.5661552036098307,1.0673319831987793,-0.5995818384886339,0.04879050962738104,0.11332365183982304,0.16628007887581786
64.95122119140626,-1.480946539874489,-1.0271321805584819,-0.35949807871133593,-0.053970675395423724,-0.06178622855115689,-0.17232811204443538
64.97122119140626,-1.2257839636013002,-0.5373659954594316,-1.9940538207658953,-0.012104501239616112,0.15829259324585043,-0.3747576104482983
64.99122119140627,0.7006514772235355,0.402022777697134,-0.591503037096482,-0.0397189857190866,0.10991147174503339,-0.04232214146148013
65.01122119140626,-0.39033281852967266,0.04584015472745492,-0.20906716559389998,0.13740823907609195,0.012696525644079915,-0.11963895571688789
65.03122119140626,-0.04465746083410134,-0.5609730964979974,-0.4587142418368604,-0.04346326832526585,0.09011116756878264,-0.14211319136374267
65.05122119140626,0.5222739443877344,-0.2794726477915501,-0.7022633059297803,0.10561990746372045,0.03871291446586882,-0.21487133686879215
65.07122119140627,0.6076706226314224,-0.0913807276242836,-0.476345208820421,0.01277372779491238,0.04789588283508241,-0.1643672275780239
65.09122119140626,0.3144835839658721,-0.019134373791850356,-0.2968496167883029,0.09339363104822346,0.1650601008943698,-0.11402413920456803
65.11122119140626,2.1878231576804694,-0.3549095105352421,1.218259700369434,0.033561165309276685,-0.026171636755552844,-0.08616772199966966
65.13122119140627,1.228345799260129,-0.2575102980011636,-0.14559589451767352,0.11026864934487096,0.07737589355763792,-0.19085283005227666
65.15122119140626,1.2710963504491006,-0.1729846652661557,1.0914754612957132,-0.06274867951770943,0.08473113830736971,-0.09140139234311967
65.17122119140626,0.5055251569449045,0.6126724847691133,0.4520956378735139,0.16945443924324283,0.07432125093064917,-0.08811400134779719
65.19122119140626,1.2640854281213882,-0.29290900161172573,1.939556380953016,-0.10972890734520765,0.0855158414826586,0.10567687998034524
65.21122119140627,1.2692007789541415,0.1644292438719556,0.9534255316414816,0.16590363380543005,-0.048634310240000145,-0.1961749973445502
65.23122119140626,0.730279912223469,0.05293164819031056,1.522567087328485,-0.19678750861175318,0.02359968423852239,-0.0653739877429069
65.25122119140626,0.44873891375093966,0.9160037313445625,0.6267679693325323,0.15053562604381263,0.11031622531596634,0.0391020299150105
65.27122119140627,1.2337303025847424,-0.45651953376841053,2.409581161138644,-0.1923096097220636,-0.010174847278932184,0.03848530130934858
65.29122119140627,0.5810757714464444,0.5962805319294734,0.608217165041623,0.05318978738182677,0.08848148090215224,-0.22096161948179877
65.31122119140626,1.785326346868316,0.7926960688057485,1.719384449168714,-0.21423558119054534,-0.037962133267299344,0.11821790282862746
65.33122119140626,0.9585419471660475,0.7831802159221426,0.2508367173000316,0.10361168283910024,0.06741243094805936,0.10928254461723337
65.35122119140627,1.5583633168628965,-0.3849210042746531,1.4662339100745763,-0.25074695544580344,-0.061086259475542214,-0.023357162523173984
65.37122119140626,1.2380000800226412,0.8591023236896631,-0.4144814676858455,0.04960936998681847,0.06892495649717655,-0.016574186139580904
65.39122119140626,1.5105328117625845,0.6369549276078726,0.9929609032209404,-0.18636752298768694,-0.0705146359240922,0.21383362005783776
65.41122119140627,0.6270488823266532,0.4953192237452302,-0.12289919751106769,0.04901528147496993,0.033005470132150654,-0.005165297122403422
65.43122119140627,0.4102263755309883,0.38835159914766154,0.3804100406038036,-0.18333702177021932,-0.03029516065106408,0.049801584223787596
65.45122119140626,0.45780818900705195,0.529600407809855,-0.31441607746960043,0.07014348314514744,-0.03416657562707121,0.18084791069100584
65.47122119140626,1.2339498327107923,-0.20282377805672103,-0.036090977028152005,-0.0903678698528451,-0.016751909331629688,0.13252829817060383
65.49122119140627,0.6592352432063506,-0.3957208666340508,-0.7850589441416713,0.011863961410642073,0.0036226852490591132,-0.04356438281108448
65.51122119140626,0.07100367695993644,0.24768029510310488,-0.5428064660873556,-0.01064227487316698,-0.04745539940971428,0.12380007782521978
65.53122119140626,0.08393914606207216,0.007304630520770159,-0.5915087888819303,0.060653415757972964,0.05057931851328458,0.18516101225559664
65.55122119140626,-0.02955066710385188,-0.7026284128187621,-0.20140199086834684,0.028429731838319223,-0.02117391906337435,-0.038318634263729806
65.57122119140627,0.23879794537762722,-0.36902126096809873,-0.45748714947984187,0.052219941891806794,-0.025337761158996844,0.07671009028131778
65.59122119140626,0.5039287048276077,-0.5599762596833804,-0.6279045029519258,0.13376387626858643,0.0076580089396027185,0.22898361993479252
65.61122119140626,-0.01335332444724062,-1.4866400179359587,0.15264752048516786,0.058486665006459194,-0.09650142011494037,-0.02349896819328462
65.63122119140627,-0.8651648131630664,-0.6172073417804526,-0.3582718179906749,0.10255104512747473,0.06089971653257978,-0.0386394612378383
65.65122119140626,-0.6236607998129243,-0.476006353964356,0.2705881608370409,0.12842368811784907,-0.028717302017812873,0.2627714784255485
65.67122119140626,-0.7379829937415672,-1.3025447156886165,0.07747460539189847,0.1539077483344443,0.057212956733555184,0.08430343580725326
65.69122119140626,-0.7361274358324903,-1.1303407957140976,0.7073620493206179,0.03409548260181678,0.02332269378131922,-0.16270128567018605
65.71122119140627,-1.3777005435647527,-0.15858452023719266,0.7332917739406465,0.12620532492845685,0.10512871587512042,0.05588427869724573
65.73122119140626,-1.2760168619160128,-0.5610315209291408,1.1274300126030743,0.11301018908937206,-0.058531738831290314,0.15016624040676013
65.75122119140626,-1.3136453687725338,-1.4433981473626405,0.5745603978625696,0.05282046282198526,0.06405836893020132,-0.14937938276131968
65.77122119140627,-1.234209878194623,-0.5460759044486083,0.9804620119580879,0.02996544597243189,0.037952950756990074,-0.12843482046953691
65.79122119140627,-1.034224319143209,-0.7329416231457685,1.0115116850598826,0.11612807400027472,-0.004586043431201385,0.18011924188319492
65.81122119140626,-1.2879589960550208,-1.8946763182494535,1.2140654465308482,0.014765614599884683,0.013783609434203403,-0.12479653847345093
65.83122119140626,-0.6682323265396866,-1.1448049201620811,0.7715076823330153,-0.019342279175949807,0.12003688997324456,-0.22849112052531861
65.85122119140627,0.43442963369905463,-0.07484175457529653,1.1578956277266348,0.042249210194244914,-0.053391675402344685,0.06771659238174411
65.87122119140626,-0.2732278594725531,-1.0081225419212536,1.062180921338238,0.0063446293232153625,0.08152827839443724,0.04262829779248718
65.89122119140626,0.28672779534658166,-1.3806069819466589,0.7509228572060094,-0.026046303492959517,-0.020960292882025774,-0.20838388327677146
65.91122119140627,0.022054130523055316,-0.5874857499776811,0.28251913364499903,-0.03463918261210701,0.07708575649973554,-0.06351968096078861
65.93122119140627,0.24486544620825557,-0.11018166200326085,0.41643032761848225,0.021578843042456247,0.0010033489103138274,0.0425887781414585
65.95122119140626,0.40533430120585034,-0.5326438115772807,0.7688348477657152,-0.03307908841033989,-0.0037607749299752766,-0.06407556654392187
65.97122119140626,-0.07797502686563774,0.015440273879155772,0.11679846942322229,0.0031375311613500395,-0.0009847494442033911,-0.13715666013708364
65.99122119140627,0.1654262874813045,0.12476679794590316,0.3538112561316545,-0.029509184542586286,0.07130061245907193,0.1080417497152525
66.01122119140626,0.5861971401138864,-0.232589013432211,0.295538927929542,0.051407824434027166,-0.0025377409882229715,-0.004634816080880784
66.03122119140626,-0.07249319180556844,-0.1758739146752072,0.697411100710808,-0.08632873562362005,-0.010434849498780317,-0.17558249636012435
66.05122119140626,-0.45683523875899296,0.8686380574504624,0.6283079947480548,0.01835551003126707,0.08336757305024942,-0.005600288207451568
66.07122119140627,0.4272389024113684,0.8402971335920022,0.9285213319456181,0.011482772190409586,-0.05782693121008977,0.11122381417768609
66.09122119140626,0.12644562398568157,0.43810186799957124,0.32651386803702254,-0.025247592329683956,0.07866862340901253,-0.09377909750971734
66.11122119140626,0.9110755620957404,0.6446013356098109,1.0012573499775528,-0.053556922604545844,-0.07913346205899244,-0.06728171678925995
66.13122119140627,0.5325345571285941,0.9444384989202257,0.6798741971606879,0.022330978389337418,-0.003726155292858682,0.08597337205520449
66.15122119140626,1.1625254828204221,0.5910815717101084,0.515119335518125,-0.02949931058961483,-0.08012172458193222,0.11142707877141403
66.17122119140626,-0.5410283748340713,0.023902653842550747,-0.22307126294389681,0.0037112996260675276,0.06265845381398359,-0.03624410863737568
66.19122119140626,-0.08648705535389595,-0.10615725104009,0.7520945438919011,-0.0826838899306079,-0.08325192522833465,-0.01951721538716326
66.21122119140627,0.574950969716635,1.0002207274001484,0.2906042226109633,0.0506647153224784,-0.014946498882888756,0.05968242947844213
66.23122119140626,0.5130337162587004,0.3561441479311289,0.8995211453772015,-0.053378208112365086,-0.07069191363733882,0.1471433067499943
66.25122119140626,-0.4028591224436055,-0.0367738134461309,-0.044774078504768534,0.061097138360243636,-0.07948934882873729,-0.023968842161470705
66.27122119140627,-0.7749434320928886,0.04853275525546646,-0.3985406723862957,-0.07974970159807768,0.00521677637910915,0.0033190421781247475
66.29122119140627,-0.4842665408305814,0.12894639982818024,-0.8362204946192875,0.09738120828832897,0.023067736816386845,0.12283279750666473
66.31122119140626,-0.08457953726421885,-0.9285410298296245,-0.2759184119619594,0.009410800211494664,-0.09359276594882629,0.08671788911242502
66.33122119140626,-0.550903141002806,-0.865467713412098,-1.2693423694735457,0.08129507652993725,0.06049090555443799,-0.07693180844215755
66.35122119140627,-0.9782355073663348,-0.45342694619800034,-0.08193516776929068,0.025213745852178036,-0.08215348428349183,0.02336356908275805
66.37122119140626,-0.6703666488323395,-0.6307844408083932,-0.34360155715630636,0.14039322282810537,0.0861772320336277,0.13737069518495712
66.39122119140626,-0.3808932356436626,-1.4063303964634517,0.5616429098510226,0.04364088087103164,-0.09455767821885416,-0.032749419703601325
66.41122119140627,-0.03159140207091732,-0.5646952325713711,-0.5204696043988372,0.09183265247016724,0.056295176292575175,-0.06048953803171637
66.43122119140627,0.033245232202987085,-0.14253805575481818,-0.07380904745835148,0.07666225583158154,0.0177461640313031,0.10288313394317855
66.45122119140626,-0.8925066383087588,-1.1914150637286955,0.7162743861184379,0.09320158329606062,-0.021880455469930078,0.021557422988643552
66.47122119140626,-1.8045507323433738,-0.7171200474518318,0.944327293612018,0.03561302274526654,0.03787085936666927,-0.18380809815921093
66.49122119140627,-1.7381329443489437,-0.2610648098827062,1.5054069725642971,0.03172853305713887,-0.014610497599421098,0.018352965179783083
66.51122119140626,-0.6386906596293328,-0.10595352703468831,0.6642384622158485,0.11060073140114418,0.05152098911465881,0.13605425411178626
66.53122119140626,-0.858827173351232,-1.319848591154924,1.8632508394616274,-0.09059254867883405,-0.04674594518812518,-0.21367658120183738
66.55122119140626,-0.9383738224161018,0.045042519071448864,1.251857232693272,-0.004866105277283815,0.047752645417359935,-0.21687064654126545
66.57122119140627,-0.48742708688993586,0.35899614161633703,1.8034534461756626,-0.03882654115765889,-0.14637012490423776,0.13898415034592226
66.59122119140626,0.17724122705317302,-0.5469718290602729,0.698386187807908,0.002393802185080973,-0.008619067602010727,0.015457160996611697
66.61122119140626,0.43395786138052955,-0.6529740556359143,1.457964607779106,-0.19430474246765786,-0.011842430092942977,-0.3350792823994105
66.63122119140627,1.2004238352081542,1.1759058523001675,0.6661424543682865,-0.008544580732824585,-0.08752099505739297,0.0827595680634353
66.65122119140626,0.9918585134504673,0.20072950092749364,0.5652498059905716,-0.06798215773398962,-0.09648889216204748,0.2956401687209236
66.67122119140626,-0.5440270247538447,-1.2741620808947227,-0.20542995724491994,-0.10329678539300857,-0.047453109104371,-0.29913087453849124
66.69122119140626,-0.5144897832821307,0.7802475039482099,-0.4433685668204807,-0.1545410282311676,-0.002943049922987194,-0.13261909668606528
66.71122119140627,0.4874547102916532,0.8478392176999386,-0.5012450869090457,0.0666057337257167,-0.04756898908009602,0.426563599835432
66.73122119140626,-0.5261605049330998,-1.4767875036559333,-0.41734644359618495,-0.05816031076213603,-0.1225850731781411,-0.05076355813675951
66.75122119140626,-0.5926429019613999,-0.7488995181349859,-1.7415651761796982,-0.09063263114230401,0.12993443637578198,-0.30825250248436453
66.77122119140627,0.10230961694781847,0.8323113645949407,-0.5985466911544687,0.049620974563126,-0.09467869857411373,0.23254878017927194
66.79122119140627,-1.1174616640454915,-0.5657285864478878,-0.554446140220211,0.07450388658251642,0.0026867007257040335,0.14202629814207868
66.81122119140626,-0.9354221180537353,-0.2277522759934253,-0.34994665269800285,-0.042426677114471296,0.028607117065217354,-0.3317638423559102
66.83122119140626,-0.438836777320977,1.7251931930825963,-0.6437119571318529,0.08772090686074749,0.017773878467004803,0.08265207598895147
66.85122119140627,0.8070131503906388,0.37113954667965604,-0.5350508055766503,0.15996174556074158,-0.11638246703061964,0.39969762449144824
66.87122119140626,-0.7369998876399698,-2.2596492593974458,-0.680591657417076,0.04320282804492788,0.031171072321407707,-0.2821405540947929
66.89122119140626,-1.0404108537399557,-0.04906619778425557,-0.679434159008867,0.006248239347069178,0.0724393674126056,-0.32515636602424464
66.91122119140627,0.7235362300289567,0.5477105808265098,0.0893040998580918,0.21675375225533625,-0.06113195318788295,0.47119407156146625
66.93122119140627,0.14213585656282293,-1.8723214957417578,-0.4736909007669611,0.1649041158887831,-0.08637928623479203,0.0697869208337106
66.95122119140626,-0.2792263591221191,-2.453023229782781,-0.30396616581270036,-0.039708362952119394,0.12050740724765951,-0.4198426211156909
66.97122119140626,0.10405086737142365,0.31406013425151835,0.4096015053906617,0.1733796301522883,-0.05723793832355161,0.08950189611727494
66.99122119140627,0.9262425589864478,-0.7419565804857535,0.7355502150087134,0.1254388220774005,-0.1217734448398228,0.3829992008277682
67.01122119140626,-1.1970067080440654,-2.0304306941534294,-0.38491921702755194,0.1184701159073617,-0.038786745121159025,-0.3725754011876181
67.03122119140626,-1.2790720005746998,-0.31166243402381716,0.15887927639789787,-0.05309635762809148,0.13095698522225044,-0.06086366734254878
67.05122119140626,-0.16230025155640848,0.31450136982587457,0.8313875678002093,0.2816945447271982,-0.10136546381665663,0.39406748210527515
67.07122119140627,-1.2537531770431463,-2.0143278703171412,0.9451770748803316,-0.048887091579143664,0.011586384637426304,-0.1375884137218519
67.09122119140626,-0.6377584608571559,-0.27029763008766117,0.6740114404646544,-0.0139341487314626,0.06517479801989891,-0.41746576954449405
67.11122119140626,0.2484624541020585,1.106678459093294,1.6660780150163612,0.051826941656629974,-0.005161363223182744,0.3314562006914916
67.13122119140627,-0.42279959549292273,-0.8212577810572189,1.047194639666031,0.08306931919211563,-0.1630953581306134,0.1773376614380903
67.15122119140626,-0.7513116736745808,-2.172184501204993,0.13786346952576692,-0.16289867730283986,0.22975671113251064,-0.3755102968741092
67.17122119140626,-0.027918974667670755,0.25666605492447275,1.3887435681677276,-0.05795193756091611,-0.12153219496735337,-0.09959702994257956
67.19122119140626,0.9704841661817989,0.09045342886439367,1.0034378986357566,0.037532622146948864,-0.10878862573077293,0.3990704366805612
67.21122119140627,-0.30794313165127385,-1.3164944167436454,0.04663261109070051,-0.11639527555288326,0.027120065205385218,-0.256404725280434
67.23122119140626,-0.7762154943231074,-0.07553202610131146,0.33479789889094286,-0.17724403754437199,0.09599335467469274,-0.22908983813977946
67.25122119140626,-0.2727958789307646,1.3823497649199126,0.5715199860633307,0.04585285979593803,-0.12219065902251419,0.29824778628755483
67.27122119140627,-0.4682591710112262,-0.6984710300520931,0.18531729994018603,-0.12497109535324474,-0.04497790299447625,0.08526662848295469
67.29122119140627,-0.7644242213434903,-0.3277285679237312,-0.9522872102423321,-0.09731636655189935,0.054586476877666504,-0.424625863678841
67.31122119140626,0.41490110759861876,0.9776408663658165,0.08363046111096026,-0.11824565231098436,-0.028865930251610376,0.17088799694813253
67.33122119140626,-0.8371186103319832,0.7876018381925005,-0.7691002886602508,0.12354840475098831,-0.06978143831705232,0.18484196100460878
67.35122119140627,-1.3607839085371523,-1.2165537723261985,-0.30472775098122273,-0.20832001418505547,0.030568092460492958,-0.16941870216939603
67.37122119140626,-0.792931813022468,0.7245867041973637,-1.0678078018064556,0.059378007014667555,0.07199901823447441,-0.17074810507593338
67.39122119140626,0.2820180938747257,0.6724713110284141,0.18271787019525096,-0.06800509826409777,-0.07876423171503721,0.23186776332627793
67.41122119140627,0.5264712431855828,0.22277927227642857,-1.1922332451742694,0.10907718181125431,0.010913392211138222,-0.05908312224072555
67.43122119140627,0.262665193860428,-0.3313032388873649,-0.7271251087772838,-0.13014250827446044,0.034367376319715315,-0.16492769063705423
67.45122119140626,-0.07746316534370047,0.749195758271489,-1.1347106771553575,0.15202346049763313,0.01826723840252304,0.08308449167557347
67.47122119140626,0.18661462862324268,-0.17154550288723952,-0.25258511973843634,0.0005632000973476655,-0.0360296948245538,0.14243589865535874
67.49122119140627,0.3318970785366453,-0.37427867302080514,-1.0657497809621366,0.10510150969185543,0.012038149682413072,-0.17843161145629138
67.51122119140626,-0.0824966850894717,-0.17039086103350687,-0.3002835633542433,-0.005927765141068527,0.004515478985145505,0.0029531718089210895
67.53122119140626,-0.6213396994798568,0.13823766146316369,-0.8218749866703746,0.19220915703451694,0.006543115638793845,0.12174144840606366
67.55122119140626,0.38550872635070305,-0.7376897543623442,0.1165724902346745,-0.01511224861578262,0.024689735477773988,0.005417315539823874
67.57122119140627,0.6180772957354919,-0.10287917861999035,-0.0994052138955228,0.13261056383529235,-0.010668006583887444,-0.1372192524706715
67.59122119140626,0.25103903266653776,0.1818759733386154,0.36356766645115385,0.03045864101301908,-0.021244140556121945,0.1312726170443516
67.61122119140626,0.13742297265518633,0.010585118910109523,-0.6126004188222427,0.1646762625189255,0.011912263405273911,0.09731124241234382
67.63122119140627,-0.1782463566583685,-1.125479671717635,0.27483528647735733,-0.030044505610677962,0.025654495154862768,-0.06431238171402516
67.65122119140626,-0.2086833171203851,-0.2429805828933097,0.2039827383002391,0.10582548787947495,-0.0027705272377731593,-0.05854221398094657
67.67122119140626,0.1957067576020838,-0.030310762439142786,0.6255206371948094,0.01928668338553607,-0.029287591259463938,0.13711423873811665
67.69122119140626,0.43692916022355377,-0.37637330810779696,0.1490186817639164,0.07724200975595871,-0.022805048793219856,0.037449009332936926
67.71122119140627,-1.3384801478313832,-1.1485896118922196,1.0341779030511273,-0.03684835830764618,-0.09379368814773308,-0.10967367110195461
67.73122119140626,-0.2075949570375443,-0.07202113053186919,0.4449393041775117,0.02941054366465906,0.0052292071578778744,0.08941114977925882
67.75122119140626,0.335026289784599,-0.31927613307724,0.8007095402899761,-0.002128410019126924,-0.05650609980409843,0.13268897110429223
67.77122119140627,0.51245557621673,-0.5840752679828988,-0.056775702824836995,-0.010341014676088691,-0.04047673692168005,-0.006416971127699912
67.79122119140627,-0.14001330979652757,-0.5974083846871385,-0.2703302443645816,-0.054380731756746105,-0.028261405323357497,-0.010013265180067859
67.81122119140626,-0.7543197727325403,-0.6811335795235599,-0.5501327637775084,0.010061350602095755,0.023781310575133753,0.13428924458350242
67.83122119140626,-0.4693392984419532,-1.238373312078245,-0.0579521602524321,-0.061540907906396936,-0.03730416167322775,0.016561491623438823
67.85122119140627,-0.7114559223308096,-0.48806617555905535,-0.030299622375078886,-0.046150766887531176,0.028159704772255725,-0.11751134216462791
67.87122119140626,0.05645758417618775,0.09341388634217328,-0.13167616881779928,-0.03338076526144267,-0.072980702039931,0.08715941597479812
67.89122119140626,-1.4437728216289156,-0.18947457408391452,-0.8006623097691278,0.007317286399442469,0.06563615740212918,0.06541489643804657
67.91122119140627,-1.081792733699622,-0.624839069022121,-0.38007082726955815,-0.074853420144317,-0.012859942636103426,-0.08787095571567857
67.93122119140627,-0.8661448294677832,0.20322021126267908,-0.73947737401011,0.018024073314843188,-0.001529860926125033,-0.031215497215742537
67.95122119140626,-0.7643865108738893,-0.05406649848060316,-0.4646903001836044,-0.014668380208248576,-0.05275965644388691,0.06370499564873845
67.97122119140626,-1.209413821217638,-0.4506754982757845,-1.0784162741836643,0.017817331234975815,0.1025027860303919,-0.09877883883346893
67.99122119140627,-0.9715539348186133,-0.10639807978064025,-0.02545560940591288,-0.06586849554760754,0.031026397190527952,-0.136171210272234
68.01122119140626,-0.39082808149359544,0.7506033658863785,-0.07639604322308953,0.049922808299222375,0.0532132700576986,-0.014491387250133726
68.03122119140626,-0.3147677735330917,0.4304724263115249,0.27261448330110755,-0.03491212689472661,-0.06448344308815822,-0.04367991631848968
68.05122119140626,-0.07322247638468284,0.2580594421164654,-0.523747933464117,0.0113542407043013,0.03457446817362358,-0.0903822854751938
68.07122119140627,-0.7553858149116972,0.37129501166692574,-0.055317294743150336,-0.03769558116207134,0.003280650730588191,-0.09033962871129547
68.09122119140626,-0.735301590236168,0.5996582418928011,-0.02360728084375734,0.012044293573131708,0.026849507398862285,-0.0495308316790394
68.11122119140626,-0.7375184564834796,0.6994289755877465,0.06042655038130192,-0.014048430853828314,0.019553115691061478,-0.06892557897899042
68.13122119140627,0.19977646950077144,0.45302700893161063,-0.07847325282839593,-0.006294997405931152,-0.04566322143123127,-0.05216588387638578
68.15122119140626,-0.41608559625592223,0.28869133259277424,-0.36467654472980443,-0.0079824503722332,0.05830064363473131,-0.09178196358107281
68.17122119140626,-0.7785565927814847,-0.006144329759310607,0.08585472750739187,-0.037201263604437845,0.0028388814074569264,-0.08875917665490406
68.19122119140626,-0.3742208901373577,0.44586099290793607,-0.5657312392105811,0.029076079054386146,0.01976285530979431,-0.04984269586441947
68.21122119140627,0.5640049371973421,0.4863636902233188,-0.5321143327914678,-0.03394317682684651,0.0008974787404901203,-0.0407428533628007
68.23122119140626,-0.39629496134124786,0.0849952443291373,-1.0993671900347426,0.05656084486100572,-0.002714282144533591,-0.10275866196556654
68.25122119140626,-0.5734668526303401,-0.37073265497214297,-0.7403504463382415,-0.018157200156214484,-0.04925440834845326,-0.029122896962914563
68.27122119140627,-0.6696277146854916,-0.4583515877178027,-1.177034608291026,0.09314006734016576,0.08834239375537913,-0.03343692744273422
68.29122119140627,-0.7659651981887516,-0.9377491624778772,-0.6903866632542086,-0.008648308403720651,-0.010927848326285374,-0.15192491157758067
68.31122119140626,0.2837709164412537,-0.2669658923636069,-1.2587395387439941,0.09042831345880663,0.061764179415402166,-0.05492725685720151
68.33122119140626,0.36957844773160553,-0.7073097082157723,-0.9682328417062637,0.07538401707608695,0.01684670897776698,0.02297189566338285
68.35122119140627,0.7153054636488279,-1.1004538078583688,-0.9257583696339338,0.08011281750743666,-0.003220841781510555,-0.09850286274051732
68.37122119140626,0.8224134838633304,-0.6584563987817005,-0.612728443425314,0.0667274444823504,0.008116120115211367,-0.09572124456365472
68.39122119140626,0.3467028086047757,-0.7272619855364062,-0.8293844951587354,0.12232958972903862,0.004183894218801949,0.057170982851389565
68.41122119140627,0.49985618759320727,-1.3877014034223705,-1.0804595056352082,0.08834983591608125,0.03285935098279124,0.002228486804934273
68.43122119140627,0.8048334358798259,-1.3982640545693616,-0.5844367197762209,0.06684925759198392,0.018071368499093327,-0.12408673035382127
68.45122119140626,1.4606801405159713,-0.5702301532202342,-0.35210545350796096,0.10453560522281903,0.029979812432118447,0.057183162063062024
68.47122119140626,1.3541622710817236,-0.9367944337474091,0.08836684117736766,0.09264065923405017,-0.05772743167218652,0.10686373094657703
68.49122119140627,0.29025952213776796,-1.6198114384295552,-0.5501951142045606,0.09682941874662572,-0.015483904631093096,-0.020324516269296482
68.51122119140626,-0.21982111560855205,-1.4246881255763686,-0.498677829631844,0.017639119411059327,0.04723645105714689,-0.03880661049498199
68.53122119140626,0.7157903584883706,-0.4226681843606619,-0.020761387624083256,0.0783431595961149,0.04137576834118964,0.07124521646848768
68.55122119140627,1.008613971078729,-0.5712832298990829,0.517083975946133,0.033510260384739726,-0.053411679013674905,0.05755359650122733
68.57122119140627,1.0713115455269977,-0.3543698523537368,-0.6140869096574291,0.0485132173803872,0.009062634221127672,0.011957007978960398
68.59122119140626,-0.42001253710932107,-0.8926621267179479,0.24895134142876116,-0.003941955476092637,-0.10770144587108041,0.06611830506800569
68.61122119140626,0.15226655997392585,-0.531632841378443,-0.27622794693150177,0.054396447638872684,0.006613915602188847,0.08191411863226228
68.63122119140627,0.08275064759480225,-0.5827884389447905,0.18509495890545932,-0.04697504241884057,-0.03469817034479237,0.008880960837629907
68.65122119140626,0.9628298994184972,0.1420992355544519,-0.6428632929129369,0.04726820133373314,-0.03371060237742569,0.09866715021553613
68.67122119140626,0.8794900107426075,0.03496506044626931,-0.2491244609691081,-0.04645696735414182,0.023083526764515812,0.1404261331753325
68.69122119140626,0.49836233742631936,-0.022756535621303624,-0.04955969865523753,0.00784761106431093,-0.06028518650526692,0.0056693867955599515
68.71122119140627,-0.5408095390928215,0.17732375489405652,-0.1875689761924941,-0.044453253467621315,-0.03854018343188931,0.0924993868306299
68.73122119140626,-0.35178248270236795,0.3886725481458031,-0.7075257490391273,0.03186766005316826,-0.06625078827352351,0.17848689872373308
68.75122119140626,0.3347285664332463,0.05699521314382383,-1.0255368554067399,-0.0360696413406179,-0.03867107531479454,0.06589663481752589
68.77122119140627,0.10415519251811867,0.20271124944872093,-1.1051020997404337,-0.017099792422325042,-0.0017654857310438982,0.013564451783275316
68.79122119140627,-0.6690115758175478,0.29768832789256244,-0.5243338313565723,0.0028381000994502433,-0.04263018561972826,0.15970216720404756
68.81122119140626,-0.7200068436345115,0.15729806829071316,-1.1438672364508065,0.04069376099957532,-0.006419044617813538,0.10924870565833485
68.83122119140626,-0.03290558752764503,-0.004663031381856864,-0.8847744158031539,-0.05716029179524496,0.009541472113806775,0.034446741109775414
68.85122119140627,0.15341351739463363,0.7022619648246995,-0.6504468192229994,0.05488534647696904,-0.04444362001700401,0.07559022085951604
68.87122119140626,-0.376066808197976,0.2829062879783682,-0.9716213036940541,0.01570088412149225,-0.05266246590894395,0.18072342869333136
68.89122119140626,-0.36333856970654677,0.11845205162540243,-1.6121436486873217,0.04565844538153131,-0.015899604640456137,0.06243058432854703
68.91122119140627,0.39323548411598913,0.22135647757703267,-1.2194166620400186,-0.0038648533568152606,-0.0016388125231653838,0.054854669858391436
68.93122119140627,-0.4932481600180405,0.37745410778733746,-1.0834105301527115,0.0833712309173576,-0.03169415383920577,0.11242769968271472
68.95122119140626,-1.4083786983416529,-0.4674808353755983,-1.2213114436174408,0.04219809049287629,-0.04826467933129469,0.10756850679232194
68.97122119140626,-0.9218613873945534,-0.4628685475700036,-1.5689927539421997,0.046635900975355755,0.060119083984275255,0.01999911852744185
68.99122119140627,0.2754460248202635,0.06092506279353391,-0.813999260519435,0.03034197510895989,-0.002739348025032668,0.040617522756059884
69.01122119140626,-0.8873962320129005,-0.11488736862300394,-0.7409214303589211,0.07819702258651773,-0.048519971391321116,0.03303942405396345
69.03122119140626,-0.39547843868775906,0.17641055470258352,-0.8328879675441773,0.0068651885013079695,0.0424738882477906,0.039327169975352745
69.05122119140627,1.1107099816266148,0.6233642990468379,-0.828768836193057,0.06439787770593468,-0.02746648558051924,0.06612449279219708
69.07122119140627,0.39311366012576804,0.3227848548993929,-0.6886393007139152,0.008530723614413819,0.015243622351358328,0.050869230384867764
69.09122119140626,-0.2610463411666661,0.30098115325629266,-0.2828368518601644,0.02881430387457504,-0.03969359066432027,0.0489201405633986
69.11122119140626,0.19575800545387734,0.183141826307159,-1.0447145013797317,0.044504065477928414,-0.010712120456939913,0.1779486377267938
69.13122119140627,0.21966146949683016,-0.3986572461052788,-0.9136545016319958,-0.009097550940652954,-0.015349639536980646,0.06243841058273476
69.15122119140626,-1.0250545857083397,-0.7279715357936047,-0.7404203018005885,-0.007087519279142115,-0.015536741830346382,-0.08366437985595858
69.17122119140626,-1.2456956365734058,0.13860879218731129,-0.9450750337681987,0.0009926005129913583,-0.02594015840165786,0.09955022689051828
69.19122119140626,-1.2130619410727557,-0.5604693880396221,-1.0149426653661195,0.04078183446244231,-0.05147103111017211,0.15534608931726898
69.21122119140627,-1.2571254267278573,-1.308316627386152,-1.6543726328051178,-0.01650184291441393,-0.02493472879658107,-0.12238814228739957
69.23122119140626,-0.9225638224507348,-0.44087204845498185,-1.4516121138632667,-0.05360398421965452,0.06442728436386305,-0.1111913263459925
69.25122119140626,-0.16278438366099093,0.5503352968534676,-0.9932452391415835,0.05907877082640984,-0.02247992472776353,0.09890171210616978
69.27122119140627,-0.2889480568471418,-0.23661140981812365,-1.2296357395670627,-0.00024167344184840186,-0.03990433946400593,0.02652750006863574
69.29122119140627,-0.6706971011709054,0.07599005232290874,-1.450980696231198,-0.02511811536981739,0.09213584495213144,-0.16194498949683178
69.31122119140626,-0.29930447741865596,0.9794690179475942,-0.40460687937549944,-0.011782134615153803,-0.005998666534035675,0.01597681291061019
69.33122119140626,-0.09363692556524593,0.9145611121339193,-0.5092921978442747,0.057472767740375685,-0.029613657874959322,0.12691633721031065
69.35122119140627,-0.7926644897901313,-0.10252251268488013,-0.43817669857868374,-0.05069128268233183,-0.037630004386497946,-0.07209306558448604
69.37122119140626,-0.962170610082028,0.5019156787224444,-1.1155109052004175,-0.015861591272454248,0.06121139947813128,-0.09690411530589979
69.39122119140626,-0.299794470899768,0.9081570378076008,-0.3753335932649724,-0.04365251681239894,-0.009939596091261483,0.05843558485150244
69.41122119140627,-1.0634616520031805,0.8742517382494365,-0.40254841893506305,0.0011107865172931847,-0.006555521106587451,-0.0725343611024951
69.43122119140627,-0.9236847337460874,0.8111942476807452,-0.06140110619084471,-0.11985866091839167,0.022382923337204173,-0.07022365592898339
69.45122119140626,-0.9504445296922837,1.2038103744930773,-0.7531140914388991,0.006861710226562972,0.017509206237507208,-0.05664959860991439
69.47122119140626,-0.9090690557130496,0.8884103205114204,-0.4816277491219125,-0.14575442675389502,0.017781418698076673,-0.06943592114626576
69.49122119140627,-1.101616700412355,1.1648266288466835,-0.4926592583770911,-0.048414664222548115,0.08706349402330849,-0.13362101540301113
69.51122119140626,0.307346628646199,1.4782468071857149,-0.5745782352024539,-0.09361292184689834,-0.0524348874669516,-0.008679729313508832
69.53122119140626,-1.2968826068971524,1.1105457768605094,-1.3244816030457736,-0.04791909626196657,0.02438949139153246,-0.12768014912460232
69.55122119140627,-0.36674805530958354,1.0476332497777416,-1.1206601499143212,-0.10212121092667534,-0.02811898835356283,-0.07144353645861275
69.57122119140627,-1.3485756512596017,0.5664106023901188,-1.2568257034188717,-0.004579947841458104,-0.0027116909953876734,-0.052768650020708754
69.59122119140626,-0.22529666270883317,0.03390751755878452,-1.8548852042987358,-0.06983147691431302,0.0035194273815022104,-0.06907815394155599
69.61122119140626,0.3309329777516737,-0.15722358466928266,-2.4444565822954236,-0.014231632788821088,0.02815458227531184,-0.1261659995536879
69.63122119140627,1.1112027978793566,0.027454032253569884,-1.9451203645387192,-0.031830628375547385,-0.004855875039240631,-0.06607906825366336
69.65122119140626,0.41991126513452115,-0.005423208819735698,-2.3380277744120286,0.06280978164079479,0.007102507021129087,-0.053829160335734795
69.67122119140626,0.17398232935319521,-0.4602570936717487,-2.0129534310680866,-0.009633452159980894,0.00678187564509833,-0.047299262319039206
69.69122119140626,0.26917840277025257,0.020996499076619667,-2.2387516573449653,0.09692557475873932,0.019021245643199326,-0.09085520076245
69.71122119140627,0.19789769004193578,-0.04454504235494084,-2.1073758788435635,0.046489262606078156,0.004817268576409442,-0.021528144039057794
69.73122119140626,-0.12166020429796372,-0.5128602734975172,-2.0247380403084225,0.12851975931770154,-0.00537637423100615,-0.014418715907064557
69.75122119140626,-0.04398350386750006,-0.7870584208708189,-1.7906338444082812,0.09647595500103892,-0.020322732340387978,-0.06692649691991263
69.77122119140627,0.21978133920229465,-0.5132438298185494,-1.8975246569608168,0.10516868815200493,0.0919959813666142,-0.07268977837323358
69.79122119140627,0.40085299710963773,-0.641226529749862,-1.427373762142667,0.1487840046938998,-0.06661190342355125,0.021241318659803377
69.81122119140626,-0.3851286566480476,-1.172257667166054,-1.8002953961500157,0.1166401506125225,0.10039661165916088,-0.023805204453512415
69.83122119140626,0.1246696224433188,-0.942330573835598,-0.616788034557217,0.07187783565254292,-0.0020778654948873884,-0.153459947121616
69.85122119140627,0.18032552885727554,-0.06682311159487847,-0.9254568105845963,0.15448969114812008,-0.02924784382612419,-0.0011940774767031
69.87122119140626,-0.7377680852546608,-0.787340297330729,-0.506872537159923,0.06648964826953545,0.012098185370398166,0.041851624226731374
69.89122119140626,-0.20373334201323573,-0.8383468445423289,-0.7131412843781268,0.10245994792422954,0.03335551254926029,-0.1153811537934236
69.91122119140627,-0.34680575418929593,-0.6759531342820776,-0.3076330444317304,0.015407636824943474,-0.0053608394426815555,-0.07028492604330899
69.93122119140627,0.09807309174509708,-0.31853606458193545,-0.664572742210505,0.08935050225173595,0.0024167228611800887,-0.005146996436041313
69.95122119140626,0.15566863287427488,-0.4891711812467376,-0.2865820412536752,-0.01677564800198474,0.01515306026821767,-0.07246028082993028
69.97122119140626,0.9260354897727855,-0.333458114017899,-0.30342559199581204,0.01950372037729112,-0.0717956494019539,-0.04880963909032745
69.99122119140627,0.40834890009412483,-0.1588027283316086,-0.720060438802487,0.00034176618733570426,-0.03842496647092504,-0.005517562424512703
70.01122119140626,0.3447984767786026,-0.2703447177187731,-0.46932496007188507,-0.07260364623112096,0.053464044701562,-0.0184726810251057
70.03122119140626,0.40864257500642687,0.004222837896817307,-0.14934160452702566,-0.023371466468906116,-0.0686941213739361,-0.05040212483026787
70.05122119140627,0.00034404573451563263,0.12108729486595048,-0.9015845457770955,-0.07065477428530677,-0.02501517576554381,0.015258507657829485
70.07122119140627,-0.587121238328558,0.12252226278949048,-1.27247977175455,-0.07633370425071669,0.0658812060588558,-0.0368757048838128
70.09122119140626,-0.3654495077836026,0.23428281556739255,-0.528457734783896,-0.0895852847453039,-0.04251468104404812,-0.03183973982874616
70.11122119140626,-0.4751523160738271,0.27670151422136874,-1.2004813150354903,-0.04446473719803409,-0.03486294862062937,0.0032620714673010725
70.13122119140627,-1.3254921222219496,0.4209127885428282,-1.2942001865551245,-0.1211774903793497,0.07599970904509379,-0.08093855443706886
70.15122119140626,-0.6430553263805652,1.081352806411577,-0.9411385074120917,-0.07675181997431857,-0.012622149499863013,-0.0649736359844508
70.17122119140626,-0.31697698087479803,1.4488011448995894,-1.0271931173534072,-0.060893571783909084,-0.023364040299401676,0.006585419745310429
70.19122119140626,-0.4061317015736877,1.1590711960508244,-1.113914975593406,-0.09509424407543872,0.015949503214542148,-0.050562860008041374
70.21122119140627,-0.7241755422466504,1.2816511906518167,-0.954483979133461,-0.08508011586204783,0.003711310758600946,-0.12084437154850418
70.23122119140626,0.0141386428690772,1.7262134549011596,-1.2550578074470031,-0.06771334389257197,0.0023551302169054844,0.013078642519578418
70.25122119140626,-0.4445271375066203,1.1974002418255214,-1.4298152117530318,-0.046694961253863035,-0.017390692822402003,-0.017538453786778464
70.27122119140627,-0.6082413953893,0.7443113877280415,-1.3661490018662192,-0.0851725985346522,0.006537567343339104,-0.10266895534888716
70.29122119140627,-0.9970004594552108,0.9631490429183823,-1.4222602151320567,-0.04046298188487278,0.018356536175762255,-0.07833636443938609
70.31122119140626,-0.37938643387546483,1.2141665319273165,-1.3933929029700525,-0.050803088696723044,0.009118180456054923,-0.031208678415692217
70.33122119140626,-0.41005444475683617,1.259710194486206,-1.1840609217578328,-0.050177703678230205,0.059010886659573644,-0.10517594784587905
70.35122119140627,-0.5699603692536643,1.4694299017142074,-0.9048284246483341,-0.04934944342644097,-0.029091789621050954,-0.1148300429559745
70.37122119140626,-0.7296224671015591,1.488370627090168,-1.4989090456674403,-0.0150215464237319,0.015188627380400064,-0.047900305093655955
70.39122119140626,0.5332486647557174,1.2384885919575779,-1.430152929165933,-0.039480226456989675,0.020079732804870028,-0.027635255436018483
70.41122119140627,0.4501751288869432,0.8341194205851308,-1.5130115765031933,0.011353850046356523,-0.013337833760687808,-0.08149264063864109
70.43122119140627,0.5104458431839294,0.41241443688741014,-2.0352324440039555,-0.007879775510180249,0.0015799242076199563,-0.014777101742278594
70.45122119140626,0.6628057089245835,-0.05637636135980343,-2.1309449877722613,0.04137171460316623,-0.004868559410436374,0.009005912935812006
70.47122119140626,0.5392945170710068,-0.5918669410474369,-2.3020577129880047,0.034641611581346356,-0.0025060321222414293,-0.05592299227158733
70.49122119140627,1.0782193068281287,-0.6121691088392115,-2.1529672377907985,0.03807922267038704,0.030071136152657833,0.026699574107455395
70.51122119140626,0.6662666859929369,-1.1875530783139616,-2.13856509621286,0.09968645194892414,-0.045554821775315654,-0.010431588308751192
70.53122119140626,1.0431473739459356,-1.483576574617175,-2.871615463985405,0.06160506668812009,0.07413272615020115,0.05025229479380677
70.55122119140627,1.6595638305921547,-1.459756144648806,-2.6962671737575348,0.12518703716254953,-0.0067277406700044125,0.026283264634661282
70.57122119140627,1.9096288001088073,-1.8612798090568599,-2.5773857577010597,0.1137192207222965,-0.014601388182573024,0.06955397057376288
70.59122119140626,2.0312621273993496,-2.072322570899813,-2.962229255827223,0.18447308067463572,-0.019427719197640643,0.11331136139309736
70.61122119140626,1.7031210330914308,-2.4944550079672534,-2.828250569155437,0.15451277610913863,0.04962487352511708,0.08729033106403475
70.63122119140627,2.023608327495631,-1.8993252042149822,-2.7133771198599326,0.19804417393902457,0.04877555823412182,0.07736129787450954
70.65122119140626,1.842018483077121,-1.7724706973713948,-1.7223797244147214,0.18248794226702236,0.030172027940317717,0.1554841484505686
70.67122119140626,1.8100399661172555,-1.5155236503468852,-1.7577225986048548,0.2324290292598892,0.019876973259574493,0.1368399984654948
70.69122119140626,0.722552869467517,-1.4025232631806788,-0.7634113684455061,0.1324452486084663,0.06697799777949341,0.07818002507020143
70.71122119140627,1.4424216900111717,-0.3616760962605589,-0.6082080105920411,0.19795834225954315,0.02667375675636288,0.11794616923040387
70.73122119140626,1.2527043032339427,-0.3840815072225201,0.07293370518875204,0.09490836430625287,0.05957081432492977,0.1915360260484
70.75122119140626,0.8331987760788565,-0.5111074743795879,0.19882421149490181,0.14570938415349732,-0.05042864802627518,0.0969450926952403
70.77122119140627,0.2711505954539785,-0.3802144382222875,0.8733673365028497,-0.0027110372774266367,-0.001996178144988393,0.10267104363308929
70.79122119140627,1.5252964630561665,0.6443622235516996,0.2844056905033101,0.08164961234230235,0.060326947907033676,0.24402126053114617
70.81122119140626,2.1669928666657974,0.0008718710315404572,0.5733992165328627,-0.04334104392217578,-0.03756320049534178,0.27553729967892865
70.83122119140626,1.5016062743629868,-0.18311458475373624,0.18584928548750154,-0.01980344597709305,-0.09869809482241398,0.094152843225071
70.85122119140627,0.9098608245796459,0.7720477718877112,0.6467141591748132,-0.15189137073902215,0.003444238062810767,0.2201247103939633
70.87122119140626,2.011819862131652,1.9982654598459266,-0.19016104166493522,-0.016256019981729788,-0.04413735367957306,0.3892598333043728
70.89122119140626,0.4773861544554692,0.6868789389134202,0.11565156594273658,-0.17711556075019425,-0.1289756293026265,0.28930698761883245
70.91122119140627,-0.038708263034681584,1.0609120180600824,-1.1372847362976108,-0.1100090144926179,-0.0068101773538694855,0.17383569291551396
70.93122119140627,0.3064950761974785,1.6933902248241182,-0.7833226631614512,-0.19075068018079502,-0.08427076084329597,0.3058248087549576
70.95122119140626,-0.12779517424166548,2.014698697770441,-1.6577808754247223,-0.07266863231717588,-0.05469846958973781,0.3097095025833968
70.97122119140626,-2.0471871531604386,0.6689048854780459,-1.1980401107424516,-0.1953153831452301,-0.09001302679455492,0.19372905845592867
70.99122119140627,-1.5466570534152542,1.114435459283661,-2.183503006702382,-0.09202053963209018,-0.009663935862911519,0.17104191353028037
71.01122119140626,-1.791627302676024,1.3916256996273615,-1.6786934678493424,-0.15427229248679175,-0.0713999104501272,0.1565470946866153
71.03122119140626,-1.9710859608367408,1.4197235287643146,-2.1815683236645564,-0.07597588511124337,0.005982427645043355,0.13175472973205823
71.05122119140627,-2.0550074388395494,1.454126647714988,-1.7005292542960093,-0.13975065839403902,0.008722947172961343,0.08677922978832711
71.07122119140627,-1.5464881922831326,1.9542438868948095,-1.7418748625611729,-0.07581062659100778,-0.013026411034444484,0.06293333474251687
71.09122119140626,-1.123852882453364,2.362496908877565,-1.5806473465994177,-0.10503949278635119,-0.042611096557128296,0.05166036476643439
71.11122119140626,-1.2485788198688,2.6930687022824324,-1.9694312278421338,-0.07456987217851771,0.026034395809802748,0.03134190525970766
71.13122119140627,-1.3133689691710118,2.644333980353302,-0.8949116278514242,-0.12143825861028575,0.022859122029965418,0.0512272083356638
71.15122119140626,-0.9598177432963514,2.869471624468269,-0.9970749084818179,-0.054536062275969265,0.01616688927884081,0.02173658984613934
71.17122119140626,-1.2540916445494446,2.742277237667233,-1.2622456432703653,-0.1281395821299556,-0.001774741589546358,0.008815145366963735
71.19122119140627,-1.4075414004651605,2.6702592261348905,-1.7851432779922751,-0.06756334499514534,0.051361272591793634,0.005231062461743933
71.21122119140627,-2.129560008371664,1.8602362720672654,-0.9056462607974883,-0.13461713770172615,-0.017221839723817932,-0.025176722782426487
71.23122119140626,-1.8837088876747083,1.8576424340913549,-1.750058597071629,-0.05430028782775213,-0.004114691052839601,-0.10020960858243586
71.25122119140626,-1.1658173744413647,1.5350132552623033,-1.8305083374451214,-0.16068579713681427,0.0854147386187721,-0.04838166129303888
71.27122119140627,-0.02441676813126579,1.1603742432805453,-2.4888890940400543,-0.013105888781271722,0.044153181374200705,-0.003663047612663224
71.29122119140627,-0.5799216336571824,0.26577256181564407,-2.041078725039653,-0.14229723483038562,0.023322762597806315,-0.10261550333022866
71.31122119140626,-0.40813970913034964,0.7400045915697261,-2.6776687996562725,-0.03502116930460772,0.026776106172343717,-0.13806796409499117
71.33122119140626,-0.2757414794753374,0.48820386625375395,-2.652848888055517,-0.058339144007412205,0.0010036103823096577,0.023861429893487964
71.35122119140627,-0.49141451706950934,-0.37696833111247346,-3.027027481885405,-0.010758839304636492,0.06223057168889022,-0.06990718193603057
71.37122119140626,-0.3753275407059354,0.37155286058410547,-2.0895729166426484,-0.10376196366600347,0.10272477244206801,-0.2527242647570482
71.39122119140626,0.02576658795067268,2.188928189625785,-1.6594311563858775,-0.01055181659865795,0.09718744018077301,-0.10876002995889698
71.41122119140627,-0.1873270185024743,2.2717498906457303,-1.530188170356025,-0.011764809278360369,0.05228307194576046,0.030906601184459596
71.43122119140627,-0.482567519795402,1.3498407632195575,-1.0288216993613832,-0.06440661275153073,0.09276995341519763,-0.14488086015368695
71.45122119140626,-0.39652933516952543,1.4430920166708976,-1.659511457898976,0.005247154857620249,-0.07720417937796538,-0.16446970204365313
71.47122119140626,-0.5511240890333897,0.9438175245168698,-2.4760351157496983,-0.050845235825903244,0.10818138854184291,0.05185528510723909
71.49122119140627,0.24990094504225285,-0.25405955187643614,-1.889009122157192,-0.016440579579276107,0.02220730756570817,-0.14404503651459968
71.51122119140626,0.5779575844493656,0.032223802113697485,-2.1569341467624734,-0.0669043532814527,0.07326764855472087,-0.23475018934158157
71.53122119140626,1.0336711332626287,0.6682122198602992,-2.3000690340391445,-0.03010348178305356,0.10188895455457185,0.004159517736657413
71.55122119140627,1.6858533984850481,0.2790518241427442,-1.8391912372415182,-0.003200323857676589,-0.0385543801785066,-0.03605744258836829
71.57122119140627,1.1173394730713715,-0.08113186432183647,-2.13881939122347,-0.08244205385593432,0.09174094809668897,-0.19665851997892203
71.59122119140626,1.2692702827399465,0.4545419824959755,-1.7679705234793228,-0.0399738627350646,0.04360206642916927,-0.019984661056080325
71.61122119140626,1.5428787828945114,0.049775687500056794,-2.167617062496848,0.014400335177740134,0.009851726325777707,0.11785537480353747
71.63122119140627,0.9356718397734334,-0.9351948278255823,-2.278744972539895,-0.06571692809456349,-0.07740984427764923,-0.1510259825020883
71.65122119140626,0.7499911732824792,0.012534082118456214,-2.9272843970289544,-0.03853626625240468,0.13501843016962128,-0.07904712483421157
71.67122119140626,0.5636359218191658,0.6465745975245755,-2.4135770582597402,0.04553001092177172,-0.06372892109155436,0.1083892925736192
71.69122119140627,0.8591997816246559,0.16503010792477252,-2.8615861510428413,0.014024413864245387,0.017959444953371796,0.02518175169757645
71.71122119140627,0.37376741808494846,-0.6569492560805233,-2.20381395663509,-0.00643440080877894,-0.03792414212808269,-0.08893871147182093
71.73122119140626,-0.07841677590081109,-0.1469795418573475,-3.022438220223284,0.08490759791735498,0.027156507438017334,0.016166755880820127
71.75122119140626,-0.37678658543879423,-0.9488192039248163,-2.695429765804916,-0.0012759142633984632,-0.0037281809466001253,0.002857035495474241
71.77122119140627,0.9460076351769177,-0.5711531959714518,-3.1564361196167767,0.08484544437953076,0.06274712376670792,-0.12117336276776816
71.79122119140627,0.23155188187173376,-0.3050096797425979,-2.2528313409363188,-0.01606981968848349,0.12075990019966949,-0.06489207190330619
71.81122119140626,0.13255429676148303,0.5181899195669412,-2.015573131233789,0.14150758542416655,-0.062481441613917624,-0.009222174549109055
71.83122119140626,0.4327621235706976,0.15582836657277085,-2.2944378833899344,0.031340605363834685,0.05069940985387158,0.06222715309434017
71.85122119140627,0.19864356617542098,-0.2633515077400149,-2.227016281516319,0.07934600633036984,0.07996334839632818,-0.09968976868367364
71.87122119140626,0.06710205998620909,-0.006533198743841541,-1.5025226000589669,0.023941670206933507,-0.009859182993325848,-0.05597601836789211
71.89122119140626,0.27897596200299873,0.41889953161673266,-2.305328075250989,0.10835897831085937,0.04656343651649176,0.03054777172551095
71.91122119140627,0.792688247049593,-0.24394722325313642,-1.3782085826946837,-0.022923913345479555,0.05234849584084679,-0.016079853808199897
71.93122119140627,0.3123340370177423,0.39834515121491143,-1.8018120119194425,0.08974144507861113,0.016230956254450674,-0.12413969219395879
71.95122119140626,-0.05737119718248314,0.6403222551959609,-1.4144077757127136,-0.024225306156927365,-0.010843415125033453,0.06653480647276379
71.97122119140626,0.7179751688443272,0.6756733158121884,-1.8890220553651687,0.0928024966546573,0.1049802251201075,0.08781529125946631
71.99122119140627,0.19863302290715434,-0.09950385721025014,-0.8185378771365509,-0.0576389553360146,-0.0636986497453576,-0.07743443621975464
72.01122119140626,0.19877334769160107,0.5128050637981865,-1.9903152713065555,0.04158528178594529,0.024941313801213977,-0.01461020464054915
72.03122119140626,-0.3437863528721828,0.22489524658025256,-1.546717953978213,-0.04014705332958244,0.036412601917208264,0.10885131454568805
72.05122119140627,0.8282618339425708,-0.30521166713981335,-2.1339422117577276,0.004764881711529856,0.04202779199086848,-0.016719438816301325
72.07122119140627,0.4638959967122564,-0.03611440403866417,-1.8755278046899082,-0.08132006291984727,-0.008366187217819425,-0.12763248627305343
72.09122119140626,-0.8856402282497372,0.4534284797922662,-1.8425788680059112,-0.005398849062438681,0.03586352285157875,0.04428677084026511
72.11122119140626,0.051594672732334514,0.25360895718051435,-1.6877398764066402,-0.013872959876187778,-0.05017617575810872,0.11330137595702976
72.13122119140627,-0.3290173877701103,-0.24164773657214775,-2.074272935293562,-0.04235075758966033,0.042738916044834575,-0.0815572640754324
72.15122119140626,-0.5385802989212094,0.22145391926381403,-2.007017327617816,-0.06014021412665965,-0.003698224527782969,-0.06551682662123266
72.17122119140626,0.3255544745566998,0.5734367160024052,-2.2444988558479118,0.018198767002452647,-0.046512980310872344,0.11899950738442562
72.19122119140627,-0.1651120050710754,-0.08025500029112373,-2.765684160193935,-0.028002389006208942,0.08697889657995789,0.006242813829537435
72.21122119140627,-0.43306585433879,-0.2845399344210737,-2.2236254505982505,-0.0664712297319574,-0.02165542556136155,-0.19599522625985036
72.23122119140626,-0.24641562391761151,0.6344990827372713,-2.2982311017816084,0.01879944807464937,-0.02499370111588678,0.0020608581115509747
72.25122119140626,0.4264626358186053,0.48085072769927767,-2.6425300675069328,0.008349558186536913,0.05525801438963575,0.12491459351941163
72.27122119140627,-0.010633431428050904,-0.22280384089772526,-2.6249712159547536,0.0018393480316597484,-0.013048356373177668,-0.16747941367115254
72.29122119140627,-0.31195246314761,0.3880432327528018,-2.459152980635473,-0.03565613682381527,0.07322209348494234,-0.07024055830632521
72.31122119140626,-0.31497154543990036,0.5739920947337769,-2.23188449674063,0.07758274389051269,-0.008991217933056534,0.0822998607813771
72.33122119140626,0.3612047102589227,-0.23119858134030338,-2.2227880743819983,-0.01355368480606287,0.08271679646913974,0.003880925368479915
72.35122119140627,0.0637253632000886,0.09375953515761105,-2.603238842042971,0.027733065384595898,0.016722037380788653,-0.2007485383307515
72.37122119140626,0.17377100182184008,0.8085676949312631,-1.9336226673045651,-0.013441297815926215,0.021009819797429007,0.05158398331984919
72.39122119140626,0.6096941075444494,0.6745519783018611,-2.302945471854979,0.11801761376756445,0.026046166171043873,0.10666448633762435
72.41122119140627,0.06844126456725357,-0.32971285421836544,-1.8803701983887722,-0.04803469393078595,-0.025644158551477222,-0.1182611147614132
72.43122119140627,-0.1600120644248382,0.47004664579235,-2.5434453761800944,0.054121549359828394,0.08567330744432011,-0.10007450892058158
72.45122119140626,0.4685246379980481,0.6049443757592871,-1.7318325699886807,0.015490023877206162,-0.06641292185966118,0.10473441017259733
72.47122119140626,-0.13936169672971102,0.020588314323165935,-1.9943757439957548,0.05330955514297565,0.07612514049733457,-0.05370805174994317
72.49122119140627,0.40944342626854713,0.08390861250307081,-2.0416408734568146,-0.029220845633991185,-0.0018092251203090427,-0.11429148527836505
72.51122119140626,-0.05401868978194588,0.38409249264488554,-2.348050651291505,0.05707440730329903,0.060076131034111725,0.04651631738880112
72.53122119140626,-0.03041244667445455,-0.04785410389817616,-2.029296477015241,0.02177956975562413,-0.005744051930043524,0.0126201343945098
72.55122119140627,-0.233234599914443,-0.33571912313000946,-2.091251533373668,0.0023757521597489086,0.018696942030225868,-0.1222466898291742
72.57122119140627,0.3461892265015246,0.480629360600721,-2.145293766729388,0.0102248075881571,0.11072050884073649,-0.005887202452037288
72.59122119140626,0.011107969097979373,0.25035193683148327,-1.5853721554832367,0.03461235248984887,-0.055097390941014665,0.012330964264252738
72.61122119140626,0.2824930525576531,0.1559119576903942,-2.0384742021681936,0.007209092234626228,0.025406771608447603,-0.041029987189478666
72.63122119140627,0.5945298500890897,0.06306475318679025,-1.6613034109783225,-0.015957314427745447,0.027465301324035137,-0.021021211706807576
72.65122119140626,0.29427046883154456,0.36112961989398606,-2.028769216197601,0.042462339716357496,0.006742218073124797,-0.014825794561041753
72.67122119140626,-0.23067504534819913,0.3390382182696628,-1.9630383945500356,-0.04203212985326704,0.06860534135476694,-0.009910998328483132
72.69122119140627,0.38870820793926886,0.41177488974569265,-1.8989676740990162,0.027762742127572987,-0.022997518284330682,-0.021552267029363276
72.71122119140627,0.2281982209503496,0.5212595378332786,-1.8500199834597668,-0.022784739991007826,0.048373626563094095,0.01090360739864828
72.73122119140626,0.07087300040337073,0.4101914359864926,-1.8247689671365859,-0.009619854704519395,0.04610420593048849,-0.031942616700875635
72.75122119140626,0.1853845645670587,0.6926654118447573,-2.0062250932417314,-0.00031509622435846936,0.019014487397955394,0.017310725147936825
72.77122119140627,0.6615093206204194,0.5228650636328647,-2.2348872406165,-0.015034517555065461,0.04720288203870837,0.05616436628652976
72.79122119140627,0.23560020265830833,0.5168027036908741,-1.6377111179751886,-0.011685208583949818,0.008461944969692672,-0.041720667768911084
72.81122119140626,0.32877057922294495,0.5256875976844559,-1.8665743005053803,-0.00660992382869118,-0.041374641026442296,0.05501997711177568
72.83122119140626,-0.43308406520928105,-0.037209483643613706,-2.228583125493629,0.0030002075474098444,0.011806255042590108,0.031477055541454704
72.85122119140627,-0.24661729520887726,-0.44211756113930706,-2.2476714402877875,-0.03434145596889498,0.04503474769934548,-0.00785250165120473
72.87122119140626,-0.055449761219297296,-0.2233801251424762,-2.6806667910653093,0.02672277952520185,0.017572212420934173,0.004864320426385026
72.89122119140626,0.4006356981961456,-0.38778504408965064,-2.216641765762522,-0.033163458968970425,0.0068753100343871484,0.037765480428538944
72.91122119140627,0.4626954209295189,-0.1902373076867941,-2.8241594199353077,0.06713042229928523,0.00652045736365386,-0.007398157209285169
72.93122119140627,0.8262871187744993,-0.5122402551390468,-2.641201020704848,-0.030941943316408586,0.016132879490532062,0.044435334364519456
72.95122119140626,0.06662092442986219,-0.25436336578459223,-2.7305907955697437,0.05860664391544289,0.0578963872852668,-0.042902352365554015
72.97122119140626,-0.3937867497781912,-0.19592695424288845,-2.030306184848519,-0.01419656872017425,-0.026375887786439817,-0.019217775981643474
72.99122119140627,-0.2424396285993433,0.24372875438497638,-2.7390758951788614,0.08339227708447627,0.10956074356741344,0.06489330554300134
73.01122119140626,0.20064655853070165,0.08537645169352075,-1.6878794156269932,0.007561736918331342,-0.063756103772552,0.015950063325001117
73.03122119140626,-0.22251887751673605,0.2735037322664623,-2.372694163569945,0.07309653634757537,0.04255156028090682,-0.059430759271133164
73.05122119140627,0.2724540071867408,0.81221445591686,-2.202359358286712,0.007757123960846844,0.04735556229884669,0.05092736754148777
73.07122119140627,-0.24902496291356802,0.3079257836295391,-2.07272929151852,0.09403235521843473,-0.009882424504108287,0.05293660837647849
73.09122119140626,-0.003298222748430192,0.2792574128853916,-1.919592709421472,0.006020838445839247,0.022726110748149193,-0.04288390465517226
73.11122119140626,0.1329000812391706,0.6802455799443272,-2.1226722146068298,0.052431236302940616,0.05253154962915401,-0.02145776521907446
73.13122119140627,-0.21496719552929008,0.7548097408730062,-2.111270494283473,0.06521705775128649,-0.04530431136837472,0.06286365858800123
73.15122119140626,-0.31031805416923186,0.15122213692024036,-1.8685250113940577,0.015589557798419135,0.10102852434987414,0.03788453951478128
73.17122119140626,-0.13553741391030807,0.20747297948659973,-1.420778421300511,0.04400888090858015,-0.06079152046408551,-0.09861820020653445
73.19122119140627,-0.3606198264114762,0.47598894637246003,-1.7342140910015353,0.0054126514589486205,0.019360214166636757,0.05758055572224558
73.21122119140627,-0.6110416570413237,-0.04209408151843331,-2.0998340486146048,0.06975080214567053,0.016517927270239232,0.07405834211198625
73.23122119140626,0.23108268388312656,-0.5392586689258976,-2.1738927112602595,-0.016937862272895426,0.0037069463180405323,-0.020822053685729112
73.25122119140626,-0.5228847962800237,-0.10453855496273684,-2.0781862619792237,0.012767021030888875,0.04002124036355305,-0.12183593753988914
73.27122119140627,-0.5659997498224232,0.37588862167755793,-1.5132716577793268,-0.008171127577823897,-0.031958633631033226,0.03674189370285423
73.29122119140627,-1.009586273039088,0.02762071528039057,-2.266380775516256,0.06830224308296715,-0.035491592568426426,0.028257152728301375
73.31122119140626,-0.42252205145897737,-0.5495344662129253,-2.2569216637651377,-0.05362877616282083,0.05258951826864752,-0.028972579712923992
73.33122119140626,-0.4366979878847813,-0.288783365845832,-2.267422345766601,0.05420181131917445,-0.034340540273293606,-0.1088086900325628
73.35122119140627,-0.2278333341797817,-0.18359426260741601,-2.4372243258372923,-0.02216092326759022,0.013345305796290723,0.018141686141642736
73.37122119140626,-0.09361630888979496,-0.025391157474727408,-2.463033649266271,0.0480292269530385,0.03300968142943109,-0.01957580074766198
73.39122119140626,0.12000786073362645,0.1064056978662406,-2.1774185630213556,-0.009747017291350812,0.01126220633496814,-0.07344711358917508
73.41122119140627,-0.38055615372270657,0.2592400599742494,-2.3922823382193967,0.03777055787122307,-0.002566838009914317,-0.013682747741862991
73.43122119140627,-0.2771016887428432,-0.0005457645984807399,-2.092336154555146,0.02097006231606246,-0.01634235830344209,0.019680702104648586
73.45122119140626,-0.030713060433218645,0.13374510899146666,-2.410168940955101,0.019963785025235173,0.06620047251743146,-0.10754750647707143
73.47122119140626,-0.30420150718175526,0.5393725840901912,-1.9182071304903618,-0.0073106629907250704,0.007104664289886009,-0.059595557180688756
73.49122119140627,-0.31173658952511074,0.6861828596674014,-1.86514013042188,0.05947746457760222,-0.010238989405546035,0.029207687414227537
73.51122119140626,-0.1531260351917723,0.4252148775944069,-2.0176190042195,-0.0007465157116616661,0.03133544876535185,-0.04822955286835873
73.53122119140626,0.3596095892959217,0.6101052170147662,-2.218678003829427,0.018023960199964693,0.010284772347850954,-0.07004071794250002
73.55122119140627,-0.0772559693118661,0.5458535485402909,-1.964143739384097,0.021485363468541196,0.006520790099237361,-0.005608507248203857
73.57122119140627,-0.405098613221779,0.23477384771517718,-1.9263316387365346,0.001837173158062289,0.09157173289079731,-0.044769651253933
73.59122119140626,0.003349437418182421,0.4102726194387579,-1.5729465212119567,-0.006549497823801096,-0.021346346402826046,-0.06989853593714634
73.61122119140626,0.021319312323003773,0.5535955487564783,-2.0326004187519024,0.028970892718558825,-0.025387415646062367,-0.005173679167702912
73.63122119140627,-0.11346951644374616,0.06014028335216327,-2.556905179035873,-0.009007342939407196,0.06926895082483184,-0.021984423342662294
73.65122119140626,-0.46324128287785965,-0.09114242649959815,-2.0163911857064845,-0.01866728909613988,0.03488562388486207,-0.14454796625813796
73.67122119140626,-0.5181712801825352,0.45581463437428893,-1.9096438846590769,0.0019237148479843559,-0.001075691147486465,-0.05991268413332343
73.69122119140627,0.25319143964328933,0.41377694504516094,-2.476548593659714,0.03592965591723459,0.026775936665417915,0.07966337106662964
73.71122119140627,-0.21879144001315226,-0.8611561652507965,-2.2318615447938885,-0.024828700977422177,0.05080136955536581,-0.08163216922473092
73.73122119140626,-0.014184378479977416,-0.25874482617429134,-2.761071523388875,0.011120158874964467,0.00609882046728498,-0.16746768910431717
73.75122119140626,-0.08026761267958149,-0.021966594335314272,-2.383614035273602,-0.009119382217552112,0.01438175970765569,0.03935808542710991
73.77122119140627,0.6839467188228092,-0.07709348394861316,-2.990851613883936,0.08928874278186631,0.02928581513548005,0.04830121664024173
73.79122119140627,0.7454597408252355,-1.016704270769758,-2.4549417648278844,-0.05195915322596581,0.006384757577869184,-0.10720379785264814
73.81122119140626,0.6936696086713092,0.010638738928597713,-2.8970362447133526,0.07508566030241937,0.051201055691641004,-0.06503357712110926
73.83122119140626,0.38263214115431715,-0.018288319385150263,-2.3279146028757034,0.013130941646571671,-0.036025401428268634,0.08406384382888042
73.85122119140627,0.13939853390695534,-0.32346825456103095,-3.13244493313652,0.09967239485767614,0.030313442944962,-0.01617839547917201
73.87122119140626,-0.15526863156221787,-0.6090044963766031,-2.700175274859751,1.2340116850411729e-05,0.00551020938483166,-0.08068411476922993
73.89122119140626,0.3145084811508335,0.012307859695036482,-3.172426720603083,0.11719952483389505,0.04798652362519788,-0.00012219061137571199
73.91122119140627,0.5352672643824183,-0.1592515490755346,-2.5451260139718705,0.05661833568678769,-0.015097880772013877,0.016579208152607192
73.93122119140627,0.19878141827078263,-0.2770999951548628,-2.8599028414691543,0.10472022832570013,0.06637827883716647,-0.07475322028181736
73.95122119140626,0.37787385696002546,0.15023091768652372,-2.4766716155254205,0.054773844751491045,0.03494777172616292,-0.04300211940794861
73.97122119140626,0.6410752966160789,0.3044402728762925,-2.5672038010374427,0.12962078864069096,0.008498781014919729,0.027073519693465
73.99122119140627,0.38877636310486535,0.1980729324358342,-2.402035191588092,0.07582560460257991,0.04481999488317215,-0.005601441575751667
74.01122119140626,0.5404944277892798,0.12361110469394457,-2.1075386563331757,0.08687891531625047,0.026721696201009084,-0.01953452496927214
74.03122119140626,0.34853735388822193,0.24147856404679424,-1.973985727242698,0.09357492625806792,0.023849068212774948,0.012778786300767007
74.05122119140627,-0.14789952045372826,0.24066228754087304,-2.156876313594423,0.07584398843607351,-0.003571359574518938,-0.02209049461360243
74.07122119140627,-0.15357633440139998,0.3372629688341666,-2.314080506205941,0.07440552603812513,0.04618227236509323,-0.0010071382928186253
74.09122119140626,0.07913835409665851,0.31560109689969146,-2.2392623249747006,0.07669150393646199,0.0595920749047396,0.014299858040203875
74.11122119140626,0.3633186849987532,0.12007623328453665,-2.005505455559432,0.05580832968127965,0.05017803849980222,-0.0013945190887601426
74.13122119140627,-0.3040788476365126,0.18391976598015958,-1.8385641101760075,0.05713461180392657,-0.01025164382101381,-0.08037398622506105
74.15122119140626,-0.0974517800421697,0.47308381932837373,-2.228282568442501,0.04212075046367954,0.08797317588658697,0.036569297629760904
74.17122119140626,0.003190419158399618,0.13570877114784735,-2.1454296294417285,0.060720657251266234,0.018696244374629266,0.007209307994664158
74.19122119140627,0.7231297012396842,-0.04440433798727485,-2.1994918668024583,0.015525622782341788,0.062028883988514166,-0.027931007335458193
74.21122119140627,1.3117542083913263,0.247369917869027,-2.2362065183513193,0.042241523907345944,0.03872866187301485,0.020340738415157673
74.23122119140626,1.0824157631494518,0.2253556783742792,-2.3632056010908573,0.038827774694921414,0.02428144913506329,0.054483720441747915
74.25122119140626,0.15407737513114664,-0.08936889446454666,-2.5170614661916257,0.013817580839790261,0.04961719537717481,-0.043329730711539755
74.27122119140627,0.25750324599030194,0.4814728376053139,-2.2585536406608853,0.005956923267066862,0.0796638198413676,-0.0035483260073060257
74.29122119140627,0.40432648374039304,0.6247771326995367,-1.8591248149744082,0.03218624898965208,0.035559148089694466,0.07086998794857516
74.31122119140626,0.3172198241099776,0.4078625984060412,-1.8484589597979593,-0.0057040938744037485,0.06846727799076076,-0.008993900298780133
74.33122119140627,0.3385960845291634,0.46116609446890583,-2.042868738334555,-0.013708941719518223,0.023760363899605865,-0.051562196940661165
74.35122119140627,0.362087344153858,0.45315358803350075,-2.2263223589722276,0.004515659622787539,0.05695350084115247,0.0936183376713995
74.37122119140626,0.5186741822069908,0.021313467217262738,-2.5106885868610855,-0.0009185705914387311,0.05793542039906929,0.007307432439163649
74.39122119140626,0.631130341357606,-0.08179433931588906,-2.4636256331972946,-0.05597730631225897,0.07884929542492716,-0.07425108536622173
74.41122119140627,0.6583108982556157,0.43288278273220165,-2.714241238009853,0.022287379418388174,0.012567486243460456,0.03325328977614835
74.43122119140627,0.5009871555175043,-0.03895189121118522,-2.8244600031600156,-0.017610356838092547,0.05641935458888754,0.0760506498681438
74.45122119140626,0.04555675203770083,-0.2910546883148738,-2.85735131320069,-0.01133782897792229,0.11008573872926178,-0.08957233160160599
74.47122119140626,-0.027159723041519205,0.18161094117332988,-2.5065531881720076,-0.02916310422541012,0.04042254956990233,-0.04452405132623488
74.49122119140627,0.17498532584233847,0.6305668647949809,-2.6675395782392277,0.026910239693361558,0.10608492225238246,0.06879441910927661
74.51122119140626,-0.08513042735222721,0.0822736823100757,-2.3149643510031863,-0.018233821671925204,0.07550489877837456,-0.041132187002573435
74.53122119140626,-0.0868774029514576,0.3230794406196034,-2.4477628849115995,-0.020199584870499217,0.09399194003482328,-0.08797859454931073
74.55122119140627,0.5252471154731349,0.8271443789946742,-2.374555254384169,0.004734339677338003,0.07777433309521307,0.04833938073037836
74.57122119140627,0.6818965444281161,0.32996790777810525,-2.4657707072671466,0.0053474234998556434,0.07155305210705667,0.028114711355872055
74.59122119140626,0.4054594314057784,0.3141839895782882,-2.5186798483837642,-0.0371688605629576,0.09551982677931017,-0.11970327696937189
74.61122119140626,0.04155602224394566,0.824710791259072,-2.031566013301087,-0.028824223355009063,0.06507380427700278,-0.02941228829894053
74.63122119140627,0.11634908891665852,1.114956642656902,-2.378169322438506,0.03096839048616389,0.07851135925404619,0.06752235261463106
74.65122119140626,0.07211122058195243,0.4681495337019816,-2.1084383993263547,-0.07480550618401591,0.14141107246676637,-0.05271779659107255
74.67122119140626,0.7909972955301656,1.0017015972728998,-1.9201384871770926,-0.013908484604404683,0.06034896826248736,-0.09651507584115117
74.69122119140627,1.0514886953244906,1.0999103417980738,-2.2056936815319657,-0.03233742044627715,0.0613764684614498,0.09704977422061759
74.71122119140627,0.881886850840252,0.43090891356351163,-2.659702935930177,-0.017056044890235874,0.10275477932632535,0.021780647750717433
74.73122119140626,0.04368326678768494,0.03206093909296951,-2.1545273437427017,-0.08783741993200075,0.06723440408962043,-0.1388444506672922
74.75122119140626,0.08874740921852851,0.8059168645030982,-2.933686465190847,-0.0036290974533492552,0.08225018269062881,0.014656326992925735
74.77122119140627,0.6597918141090641,0.28738853109094403,-2.7650791307109044,-0.027224859309084824,0.05464211732002953,0.15799210187353802
74.79122119140627,0.33321612114231014,-0.4711959557019145,-3.3326348857240755,0.004086949171226301,0.06889669154764363,-0.1191708251349436
74.81122119140626,0.478884258151611,-0.12782896522104018,-3.2024967991913442,-0.08048301913175873,0.09386226146031157,-0.07940727880436815
74.83122119140627,0.4788036740844822,0.5264949192434679,-3.2674711612787575,0.08364386629462402,0.0715786947250544,0.10397532604061202
74.85122119140627,0.7413739399729046,-0.27925970027608565,-2.9913698777928275,-0.01734175501696375,0.058048834737955475,0.04699183522131591
74.87122119140626,0.5220231682927856,-0.3340344832742159,-3.2316771255174435,0.020922471386789713,0.14707316568533532,-0.11209606102009502
74.89122119140626,0.40783399762432554,0.10372718701249756,-2.2417289906826636,-0.002163542190826416,0.018204194706547498,0.00829726104282723
74.91122119140627,0.10586902951172596,0.20809246097661133,-2.80851627526518,0.0875193024832653,0.11245543812416829,0.07820452805749413
74.93122119140627,0.46748818031079015,-0.4088594563843589,-2.0995615989727505,-0.028608174432055267,0.10654984893141713,-0.03071174605352169
74.95122119140626,0.35181613440379195,-0.009616294169988781,-1.9910936780048067,0.06350474842366553,0.11430978996474757,-0.060370243445976496
74.97122119140626,0.5653315543929539,0.11018093835846263,-1.550043177118952,0.014015252223312376,0.06375184430227782,0.05360213415062728
74.99122119140627,0.2098305517697202,-0.17739883337297355,-1.5920204611163897,0.06650544490898289,0.1488498224308865,-0.0019188339700650012
75.01122119140626,0.45386620362645097,-0.2775560838562537,-1.1514033977438634,0.01304485383527746,0.09649264345775088,-0.07297030495150435
75.03122119140626,0.3368535663772508,0.08141021199577728,-1.2548469255857424,0.06492464711311162,0.1423572360794867,-0.013886223919679051
75.05122119140627,0.06830240121062492,-0.03827830444524454,-0.8162381479998516,0.051135768966567505,0.12962835303953946,-0.012796457805907836
75.07122119140627,0.3085916090269039,-0.24776601645374263,-0.740561808471537,0.06263568176445261,0.1374874192914625,-0.046187871408379634
75.09122119140626,0.6791922751401525,0.0737168292962496,-0.5846351867655877,0.05641312240344672,0.15666801845011646,-0.045039971879220556
75.11122119140626,0.8663761967428841,-0.030077190868899664,-0.19355337133427875,0.06145943241019486,0.12635278403003736,-0.010415271647433359
75.13122119140627,0.7359165525730677,0.2082325030664071,-0.4630018850315905,0.0808245338538321,0.16924880065110504,-0.03791058597611336
75.15122119140626,1.1241412319975754,0.05099002471524546,-0.026835464906661263,0.03474147865274645,0.11582811829269488,0.009283460317278308
75.17122119140626,0.9552758676425183,0.18642501441063497,-0.7308379056046252,0.12872679692190006,0.10730538305815317,-0.00995120244979696
75.19122119140627,1.2207308248172881,-0.17680302617895516,-0.5684728326596198,0.008985664315593334,0.16905594097666723,0.033893069323244075
75.21122119140627,0.770474486310353,0.12437094704975053,-0.15847949164216865,0.1187385098372801,0.15423014128366838,-0.06935709642063935
75.23122119140626,0.6441305019757003,0.4739226687141885,-0.19177136583205445,0.040018937842451856,0.06943903119570972,-0.03452635725049143
75.25122119140626,1.2093183331321684,0.6961688189471262,-0.730868959675486,0.10504846979016051,0.25193935587906646,0.09523721379457825
75.27122119140627,1.235343675052935,0.04242745498577766,0.46527997662524223,0.060137822389970556,0.06370110353121033,-0.06998879176678086
75.29122119140627,0.759501302619176,0.4160851389710436,-0.2504029612518302,0.056654267541936774,0.2110179056203816,-0.08853948572391274
75.31122119140626,1.001613639234987,0.8412354822440339,0.5024271399908438,0.0507743385676003,0.13460340131766813,0.03493565264981776
75.33122119140627,0.7065308648202585,0.41564987582647805,0.5041104261884776,0.08322938765625434,0.14730873919807483,0.00043242483797018873
75.35122119140627,0.704736172260182,0.36744509961277033,0.08764887439497727,0.022321417609325492,0.1423267957779437,-0.05484875489302097
75.37122119140626,1.1704925076105186,0.05620713697139676,0.7038869756536061,0.034743854408227644,0.15412284940340573,0.10695492392762841
75.39122119140626,1.0794062435681073,-0.031235754117391278,0.4678392100553946,0.08089100788476543,0.08684176598056897,-0.017549446211621685
75.41122119140627,0.5471912773028635,-0.32717745870731857,0.5997955255802611,-0.06348965045571292,0.19730640979162198,-0.02114998264032362
75.43122119140627,0.8130552476332326,0.08083384842048662,0.7269199314842316,0.10779190773797279,0.09525231556147132,0.08428014897567739
75.45122119140626,1.3187335847778356,-0.5468365829620409,0.9501833090178213,-0.04170277233075692,0.12792186279698223,0.0878192989948704
75.47122119140626,0.8038591276280425,-0.3385702212534791,0.5213026138378049,0.04965347904960346,0.1768553173740227,-0.09390154786659122
75.49122119140627,0.7092000515754308,-0.1789113604081804,1.4655373847143813,-0.046102577903695714,0.1021801428022321,0.09170185660924891
75.51122119140626,0.9685019864209848,-0.042315801710706126,0.32963792476627857,0.11542607984030838,0.13177058371299888,0.12850312950129017
75.53122119140626,0.6149359760942388,-1.1407269699032807,1.0139982892513235,-0.08172577841954899,0.1402637739088167,-0.02473900482639187
75.55122119140627,0.790049406954666,-0.4399294062928991,0.5138098950041202,0.06784382775591119,0.18455567514199825,-0.044859823325416555
75.57122119140627,1.0538926989388104,-0.22563767653368372,1.1606408056950914,-0.018065475041885656,0.10053311917346788,0.13255803378218536
75.59122119140626,0.7396177174776093,-0.6151792162323199,0.6612941419369656,0.06281197829693308,0.19516559256125124,0.03886236516938707
75.61122119140626,0.9489993017343895,-0.7743848958606697,1.307928997969374,-0.030830804079049614,0.10467530880734892,-0.04002288740728744
75.63122119140627,0.8089189784243496,-0.20606832709806813,0.7380435997204975,0.06864822422945309,0.1344162656034445,0.0670996700095568
75.65122119140626,0.8205499405710958,-0.5774796982794625,1.1646404943756996,0.006733648073615157,0.14366743253004216,0.10870465552633327
75.67122119140626,0.8016991881993235,-0.7876883417261328,1.069010498315953,0.04415458717828555,0.14041690337652313,-0.035208302216449154
75.69122119140627,0.8286394153219929,-0.26570775017392007,1.1407467007953918,0.008322337533250328,0.1297609264380254,0.01113587926470685
75.71122119140627,0.5456690536642848,-0.06661121321671117,1.2204102144011515,0.051075757825879774,0.1859562247386463,0.10252799214299196
75.73122119140626,0.6354764779459384,-0.28578145768808755,1.5169751657198831,0.04055094721574056,0.10517272721852279,0.01040899637372632
75.75122119140626,1.3003144572588823,-0.03722689378191726,1.1445021418199528,0.010464250644192418,0.189467878723615,0.04157065624637744
75.77122119140627,1.5915031960566364,-0.0011198420613414716,1.9324730085784427,0.03514539627865639,0.13038889154861427,0.11541605784711761
75.79122119140627,0.9765905265311404,-0.316211133827559,1.4208940440786477,0.04262666497276368,0.08774038543156437,0.008780434961731762
75.81122119140626,0.3792521852285507,-0.33675007880026975,1.1519185045198141,-0.03031787091370076,0.18718972460985894,0.012804662878002278
75.83122119140627,0.4434724710965003,0.051563136308878904,1.8246953944701827,0.047667530505648266,0.11396469439645114,0.06889162578129182
75.85122119140627,0.43378461834555626,-0.06091339173147204,1.4995885393319053,0.022970650750716172,0.1028454859284783,0.04368506040991766
75.87122119140626,-0.1012763490202676,-0.17568572222359383,1.1454292596597364,0.009832913831909557,0.18023973561011317,-0.0024078173094174552
75.89122119140626,0.16747957730326796,-0.18961499767678658,1.48452563685055,0.04994158567957866,0.04463735576418755,0.017607156774718018
75.91122119140627,-0.3825623932751932,-0.1713333462380907,0.8517479140525545,0.03197412149662824,0.23184064460875065,0.00576170440804144
75.93122119140627,0.5322190545153573,-0.2977750648518778,1.6285897574360528,0.020187527784792752,0.11443644756849282,0.032553315639302687
75.95122119140626,0.1461008375913128,-0.31156174018404564,1.142615817405357,0.08516364796452247,0.1496465122043072,-0.017693760742702326
75.97122119140626,0.15254172987837933,-0.6058492161170117,1.2136185639462613,-0.0026625220392578063,0.10462739370308989,-0.0032059829427258566
75.99122119140627,-0.00039341998389549816,-0.6240387197890093,0.6295005506691548,0.10525996844646644,0.192398055974974,0.02882584722830801
76.01122119140626,0.7443500552947472,-1.1162911687735668,1.3664301348695356,0.012114146987426244,0.08007169790591494,0.020832549432057913
76.03122119140626,1.1751761181523854,-0.6921198165261973,0.7243358689509077,0.0994889839669048,0.2038473626836352,-0.04429218106101261
76.05122119140627,0.9418109105010679,-0.5280916667062262,1.6838669764293128,0.010101479539649677,0.1292164710983471,0.010191483697628595
76.07122119140627,0.8504516735537542,-0.09377861055656071,1.3867330004136937,0.12213927881463071,0.15962140151160947,0.063098390315472
76.09122119140626,0.629843912041099,-0.33521535136023645,1.649853000306466,0.019514811143483128,0.1284235692023122,-0.027935630912028362
76.11122119140626,0.7278034823130687,0.022395909330817365,1.7169366000956507,0.05979521522582489,0.16008089893232944,-0.03007926355363465
76.13122119140627,1.0844287375133486,0.4003000204132024,1.7801122386716548,0.06642868308159071,0.13834813458765258,0.06858718657865676
76.15122119140626,1.278296868897828,-0.1533550083511192,1.6791363194920372,0.04326076033240225,0.11143427817082913,0.026752283854727662
76.17122119140626,0.9080149207225146,-0.0385129082854305,1.9221025339678859,0.02950176053300332,0.17457959735106238,-0.06149663832846408
76.19122119140627,1.4369233862721946,0.3878683792357163,1.8747067540262663,0.04882411863606618,0.09160754165802386,0.07735006419899429
76.21122119140627,1.7153925672427763,-0.12276857762399708,1.4923204273979598,0.04724405832605688,0.1545413441905665,0.14213780418460847
76.23122119140626,1.9282693383342422,-0.6324275525163198,1.6813547173821404,0.01982854549061335,0.08559905969907891,-0.04138319740577315
76.25122119140626,1.9905186597991786,-0.0768596681070682,1.310020301335458,0.005451602235164623,0.13820721591841106,-0.006115950702393972
76.27122119140627,1.5811983905384184,0.40661402846810857,1.7190287664616992,0.03399313334290052,0.1315769737770591,0.10782922866122983
76.29122119140627,1.40921639351029,0.23992530425054123,1.7325525079922262,0.026498695170270543,0.11909197976070207,0.06872867405863946
76.31122119140626,1.1263355925945326,0.35560133398645216,1.4884680010253493,-0.0037971530254600466,0.19549672390845838,0.01154033697705262
76.33122119140627,0.7408761426703643,0.5232926805999116,2.201640182928853,0.005491837123250764,0.12244346299695096,0.060350772998810504
76.35122119140627,0.3199636704675985,0.6428106620507262,1.8269673229959658,0.0342581842531276,0.1050639546612184,0.05032877236574433
76.37122119140626,0.1510678338261465,0.3713588554003703,1.8238353130349065,-0.02751467058487533,0.1934061265480315,0.0832861017361958
76.39122119140626,0.8770010299854835,-0.05548174890291598,1.3927710846455723,0.05331255342023119,0.10017802110798613,0.0772469404136964
76.41122119140627,1.0127849243020794,-0.463710195980347,1.4920571812540278,-0.05954156022741493,0.1623780920983404,0.001694458959469176
76.43122119140627,0.8721622500819405,-0.05537875960234694,1.3080191416492584,0.008633967416292887,0.17896733924546154,-0.04985273116027535
76.45122119140626,0.7330990382524738,-0.0860003563581801,1.7820046998435697,-0.03125073670501794,0.11436200853113075,0.11647910458691287
76.47122119140626,0.954590937888963,-0.17159542368631828,1.4278849908472577,0.01963554802055821,0.18555511787013118,0.10701818508016359
76.49122119140627,1.3074116872802153,-0.8715224348814705,1.9608090871758195,-0.08816624126084714,0.1495406064583533,-0.017126162293506556
76.51122119140626,0.9156077356768327,-0.49241805596525373,1.8760790433506505,-0.02990012445508924,0.1310820207877759,0.03008039419474971
76.53122119140626,0.817728354276792,-0.5277720251889999,1.5369177971412398,-0.06313741560679657,0.125279811071925,0.13080005006091433
76.55122119140627,0.6150544635288391,-0.9956839790949751,1.3573427068015382,-0.06434681973632465,0.13484116970429694,-0.00033983276205281054
76.57122119140627,0.2592000890542761,-0.6405382609582971,1.1397785852008435,-0.08599392677809159,0.16909085896113454,-0.029673959403560192
76.59122119140626,0.08673045695708156,-0.23568864039375095,1.1655843662377745,-0.037351949636913025,0.09522260788281306,0.06391846937525952
76.61122119140626,0.617020103777436,-0.36685157175092487,0.5940556864887317,-0.04188410059258921,0.17391191505032663,0.06043834554384179
76.63122119140627,0.5579261712082352,-0.6246366319701888,0.9920620354358392,-0.05047331824196398,0.11430546591628185,-0.01711684596068423
76.65122119140626,0.17450749685787537,-0.17603765535125995,1.0188488034914556,-0.039176571919815696,0.15983139275335334,-0.05994085515142608
76.67122119140626,1.3639460837901456,0.2737478929351419,0.9579351165791068,-0.041791801593799305,0.1585710918433934,0.07281238280118484
76.69122119140627,0.9751880988236621,-0.08707352331247883,1.3292332612039965,-0.010191483624929889,0.11984569629811082,0.018856481665311828
76.71122119140627,1.312580609026851,0.07976588895361908,1.2866836651703828,-0.05792330555495843,0.13221487874420826,-0.04060204950737851
76.73122119140626,1.0692640278666434,0.66798237881902,1.196053600769879,-0.018085599203505234,0.12004237320654827,8.695630413071158e-05
76.75122119140626,1.0713419312008519,0.5408262046001119,0.983729469630589,0.0010182151407100684,0.13636639587245752,0.13478205364433868
76.77122119140627,0.9500603644905923,-0.34900833242360874,0.7338260467104464,-0.0040159072141224975,0.10022965363323559,0.010687367852496538
76.79122119140627,1.1169426342530913,0.09271465184709485,0.783568368047331,-0.03899795211916553,0.15887471707721273,-0.1186700057773249
76.81122119140626,1.4218121974036524,0.8826989627372285,0.87540151349242,0.018120252585421496,0.16295907251460787,0.06267661114061988
76.83122119140627,2.078935441033866,0.4736862419318962,0.9069271685138904,0.04776945371486998,0.0937227056212304,0.16989617040001515
76.85122119140627,1.8056839355395247,-0.4323134565300147,1.142699427067768,-0.01097468354895084,0.20991765480572722,0.026523396126877645
76.87122119140626,1.8328881433158486,0.1438991724614517,1.1563550404357124,0.024060033146302808,0.10591301686618354,-0.02570996055668587
76.89122119140626,1.4600234364691496,0.40773612434776874,1.2694828349864942,0.00798193981060902,0.14701009439554139,0.16612220423093002
76.91122119140627,1.8450927634154508,0.09920738575459703,1.263849805414569,0.048349551668672254,0.13161950601888664,0.1290152975046611
76.93122119140627,1.6672685692722005,-0.21076361917571482,1.508745977284796,-0.021951060727445966,0.131958788743048,0.02258598215299886
76.95122119140626,2.656630865491973,0.4223129118742717,0.9083852221954882,0.03682067903582948,0.11738991998784347,0.1526118485569936
76.97122119140626,1.370343182964423,-0.09867827996973884,1.7991823732672465,-0.02571197604309417,0.13763337878975238,0.12923927064550186
76.99122119140627,1.6579707195393116,0.08851540882674618,1.4890295277201633,0.01640265391352206,0.10901185231451997,0.04163011280369585
77.01122119140626,1.0753391929055975,-0.052937479121881556,1.4628918942141111,-0.01534534660777105,0.06747644780378155,0.18415439342854212
77.03122119140626,1.2830430237447121,-0.3013904252875236,0.46220976037527517,0.04038732203457418,0.1825704340251475,0.18548248116469682
77.05122119140627,1.4327088004338158,-0.8733933605186719,1.117218304344425,-0.06218629014283353,0.11574524556554022,0.011325101518247968
77.07122119140627,1.115518215406263,-0.04879423205110465,1.5010834366333794,-0.007386473394487142,0.13958076948486373,0.049399614655821496
77.09122119140626,0.6411552153357978,0.4313303817565984,1.7273038874337543,0.0021131962906426817,0.08504514027527782,0.18699838387856435
77.11122119140626,0.7870268780538467,0.025724785760748884,1.145084654270126,-0.005412092572815267,0.11418427254395302,0.15428875521898383
77.13122119140627,0.4503187507746648,-0.411678271830551,1.3491960069913902,-0.03962028833237081,0.15998456899657312,0.05103920470501368
77.15122119140626,0.48960420997596554,0.07955640625476133,1.5158804274643831,-0.017744756874050253,0.11266367198921763,0.08512973482010429
77.17122119140626,0.6536469400945197,0.5493946921342705,0.6912230878239363,0.014495946689876573,0.14263223543601863,0.15465110457716166
77.19122119140627,0.6082275617050034,-0.3008547269376359,1.2754965769362763,-0.06604367324916764,0.17299034971431976,0.09870101801632473
77.21122119140627,0.32358574896319814,0.16570053146188474,1.569764933726343,0.010037257254892587,0.09609096640637341,-0.03884430123659629
77.23122119140626,-0.07593320248659097,0.7170473879064235,1.805134930529622,-0.0608359658210773,0.11529522578680737,0.1323324522326782
77.25122119140626,0.28482411631635157,0.5948168984065858,1.5425141394358632,0.017872350943100978,0.19478140165253502,0.1664600022618398
77.27122119140627,0.8508237521487143,-0.15739172541090996,1.6803033943337442,-0.05452151037534078,0.04286388189579217,0.02285809789291811
77.29122119140627,0.875904658522557,0.19747683691614026,0.9745145118975064,-0.0494256236284951,0.1655751147712059,0.03357534733822223
77.31122119140626,1.0355358087525737,0.35507624431569695,1.2685530027595184,-0.016976550974217276,0.05699445112228257,0.1273568932843207
77.33122119140627,0.6840088140457283,-0.07366712113825466,0.7225411769286549,-0.020085653904893235,0.14341719051159962,0.10593078113645125
77.35122119140627,1.0379710541039842,-0.2666073103754123,1.1752691302823872,-0.06062401841636814,0.14034014762388655,0.04483373958226876
77.37122119140626,1.0684080564717133,0.018661261380241306,1.256202734457634,0.00010780672381646223,0.06946061937536664,0.06926423817355172
77.39122119140626,1.4192904283453018,-0.08499957075995719,0.48953074083165565,-0.02479816572285926,0.09978313514628775,0.11693524937484627
77.41122119140627,0.93543508580217,-0.3772828659236806,0.8828526534955041,-0.02390446460916329,0.11697676030274079,0.07876395369630299
77.43122119140627,0.807908246581302,-0.42779188221584735,1.3430766291531715,-0.016920262700247744,0.11113452645586247,0.06984725958038553
77.45122119140626,1.2654161150351462,-0.38957391241224937,1.1407538391060377,-0.021065952982753555,0.10073996201683642,0.10815109465113691
77.47122119140627,1.1396727784422525,-0.44831351071654935,1.1282612993880343,-0.01776825181137162,0.08976677307466863,0.07934614142001248
77.49122119140627,1.0141199614973755,-0.1250146142081957,1.0206337561081125,-0.030103472692756882,0.12447149351204448,0.041494969190255505
77.51122119140626,1.3241737115892012,0.3929129549143029,1.61630060344734,-0.017843753530614157,0.08852518563929529,0.16494745518200765
77.53122119140626,1.0954324254827503,0.2613719487274506,1.5971624097442114,0.014056859850011006,0.07130880343385644,0.15619696471784428
77.55122119140627,-0.23020471883541826,-0.3325380455203408,0.9980860060490451,-0.03763744498447351,0.10001875269526735,0.010454626780407457
77.57122119140627,-0.44818809736717946,-0.08566619141840719,1.1206230346119885,-0.04388962404267057,0.141971479726239,0.09216093475149835
77.59122119140626,0.3841902845716244,0.06443098927687911,1.3085242951798173,0.029493571584146252,0.042907885290211056,0.15014047269575084
77.61122119140626,-0.08932007963061164,-0.3426701298258284,1.056778899685003,-0.04069238419107989,0.09880500575710806,-0.007191450915316438
77.63122119140627,-0.15386612358571888,0.35499134040685093,1.2193372436564072,-0.0058576127234801646,0.05990982563276353,0.015429543040451571
77.65122119140626,-0.23365277479293972,0.6787753876584655,1.202458803592555,0.04023554071717361,0.0993137264056545,0.17855344645267598
77.67122119140626,-0.26793556380651085,-0.18957853714937128,1.273156623880166,0.00018776618555451846,0.06558757784186449,0.044069537157868086
77.69122119140627,-0.256445710340806,-0.21027324477856663,1.385814241859082,-0.0024538273847449135,0.0789928519041512,-0.055483431492313426
77.71122119140627,-0.21941806059511149,0.2280307269990651,1.633612817338347,0.007892048369304693,0.09792231650464316,0.09043363122350813
77.73122119140626,0.36614447404543027,0.13579042454235465,1.6368197674714438,0.03851593373221261,0.07980431553204675,0.13163615613252821
77.75122119140626,0.21735743577691471,-0.46898372817440753,1.562254018674006,-0.02341713190536439,0.08978549390051628,-0.06282342126193569
77.77122119140627,-0.30486128580528354,-0.030085870851369115,1.739809995156967,-0.022591712031072405,0.060362568197381436,-0.04757859683006092
77.79122119140627,-0.7048983437037272,0.2442972765017345,1.7706282033924257,0.01902576870831561,0.09480908395096453,0.09803722104109806
77.81122119140626,0.3020585964417887,-0.4743210174248936,1.4441729037569944,-0.0032103162061437383,0.03970927343907134,0.05969089107747711
77.83122119140627,0.7037798241983971,-0.9053822593325024,1.2000440701560657,-0.04180254393054203,0.11601003981920135,-0.10242540672341603
77.85122119140627,0.05039343063362341,-0.12255198959934478,1.2957624101899372,-0.01097905583234112,0.0636637090828168,-0.03347679647414587
77.87122119140626,0.5613863237939941,0.0209672777177962,1.081431817394438,0.004685732346690791,0.07339853592783227,0.10917359558441003
77.89122119140626,-0.15885538545002373,-0.48062349888159284,1.4632067092317913,-0.00906532517907321,0.06168570354975872,-0.05738541795165486
77.91122119140627,0.3364400469345005,-0.39864955239761546,1.3948007782908198,-0.02971356571298219,0.012891045685355956,-0.11448507368813135
77.93122119140627,0.399074175989327,-0.15219664345277525,1.2440048988222068,0.0170294443817356,0.12497869218991844,0.08875799299556007
77.95122119140626,0.7063781618396401,-0.42599955377556253,1.1188982975869763,0.014841900837367028,0.05684002401430256,-6.443291517903414e-05
77.97122119140627,0.10754429888233921,-0.3975995861624755,1.6411851062939056,-0.05872757861078696,0.11020118787423802,-0.14844544339055143
77.99122119140627,-0.08151361256440554,0.5449159280470163,1.9524119208810595,0.024146607988493624,0.021793369386500422,-0.030970617785093597
78.01122119140626,-0.2963528606978159,0.42132425650584715,1.7125783993020625,0.0048229389773629975,0.0373459387188887,0.045598472781310274
78.03122119140626,0.20837630309104296,0.13502352027152856,1.5192370679663871,-0.01411729025466859,0.15365564628102193,-0.05222197068840521
78.05122119140627,0.6408933663154047,0.2649396018387623,1.9222079195056376,-0.01690269105936505,0.024857928768174574,-0.09197831771998984
78.07122119140627,0.6564289408068184,0.5069314906074385,1.5280301111355326,0.008638450697934577,0.07942321766022568,0.018208479694304294
78.09122119140626,0.8257687269760513,0.18630536976837273,1.6702913174384966,-0.02982808594485774,0.09437417545218994,-0.022314099258110873
78.11122119140626,0.931008087539071,0.20186049693988176,1.7274258172682446,-0.019476351436586038,0.03926645814234153,-0.09115412443916819
78.13122119140627,1.29599806343362,0.3564889846502856,1.3944300947128827,-0.0017873036450648057,0.032106190521925926,0.05742525901038991
78.15122119140626,0.13730873034579064,-0.31627716812649376,1.6318308043528487,-0.020129795513778415,0.06759246452823008,-0.0200227347099294
78.17122119140626,0.15660203097018197,0.03703919224664533,1.8824421084108842,-0.038437452110733746,0.11525035173135632,-0.081420425586433
78.19122119140627,0.22890168178286474,0.24017748992372948,2.1045111619046115,-0.027770798648582923,0.03186986077832917,-6.270525690164426e-07
78.21122119140627,0.41112294271084376,-0.263254593155056,1.3397474116342165,-0.014291000682871514,0.1501816308621814,0.059846346787348105
78.23122119140626,1.3641192902193957,-0.9473687117663033,1.3912681251838295,-0.05621991240629819,0.0275844496885207,-0.06623224028749301
78.25122119140626,1.3013738748078736,-0.4953072632864188,1.0294639052525807,-0.04163034198023894,0.08991809677038307,-0.06078686028621207
78.27122119140627,2.418900686751857,-0.2643572216163997,0.9525960590511732,0.0023431600110960134,-0.019343388339216155,0.13418716843976963
78.29122119140627,1.2472240922783433,-1.4481379374456713,0.7921076036245014,-0.02340649834728651,0.05828717614276037,0.05847941821480764
78.31122119140626,0.6035441090191789,-1.302950517428699,0.6979898410503457,-0.016413506985261526,0.030287960569119587,-0.14936187541906054
78.33122119140627,-0.5767260921717701,-0.34045059653747345,0.893815944737697,-0.024967575131291882,0.08357646965075695,0.00015411159939501332
78.35122119140627,-0.8161185543930466,-0.26238003231323,0.7220052593373729,0.06816643213273305,0.060648704797537256,0.07948538120311857
78.37122119140626,-0.6909939690611792,-0.8163152637549508,1.4557966457737803,-0.028064248781565385,0.08798557348976503,-0.0740131911290844
78.39122119140626,1.1337120456690153,0.02773005537424083,0.5592958213249232,0.06679928112043478,0.09027914470202386,-0.08840809944817006
78.41122119140627,0.7178550518119108,-0.06615126781472237,1.5400949967594761,0.002901995405517274,0.05688950107293985,0.07915364655165859
78.43122119140627,-0.5904669260960669,-0.4171545098062348,1.0173391061021895,0.12713997306416014,-0.0319175158488603,-0.09346115535333692
78.45122119140626,-0.43066807536697727,-0.3834995424627566,0.596192238502921,-0.011728567716834564,0.10698714843744651,-0.023121251820365653
78.47122119140627,1.4252192084074047,-0.1380794057399981,1.1184093051905426,0.12774938544327705,0.03500731086167424,0.08471857780073114
78.49122119140627,0.6166559182253171,-1.1001856226906295,1.0645593886828912,0.08089065392129803,-0.02170008603645744,-0.05523240196804026
78.51122119140626,0.3611585848681531,-0.8531516141858322,0.3077172796483632,0.056319638146298645,0.1177587317598497,-0.037672568737410476
78.53122119140626,0.9796577325372507,-0.40914511468733394,0.9325170918079714,0.13505306344379772,0.05207682041842515,0.07732636353834205
78.55122119140627,0.05875268324705991,-0.995778260639579,1.1301309876838173,0.08650025845438668,0.08303724699294261,-0.035143979010342906
78.57122119140627,0.27770724318726336,-0.8208237160398544,1.2086238156418099,0.0695717275140844,0.11680100750585878,-0.1013203983083307
78.59122119140626,1.3196069256814007,-0.2961119084922461,1.636605362152612,0.10302130922044744,0.06926064499593312,0.10526025143934357
78.61122119140626,1.6357320786944578,-0.8215414200549582,1.5766555309089385,0.09214969495295819,0.0712571614276709,0.05664902278416678
78.63122119140627,1.0298842581276018,-1.39830626797815,2.008508247553742,0.021238570148888098,0.05824733275525368,-0.07818072815252593
78.65122119140626,-0.007540922886753016,-0.5390230173702292,1.7842293295473934,0.07941934617589541,-0.024455567375236194,-0.04542107978152606
78.67122119140626,-0.676054302050121,-0.42561488627247235,1.8014153875409928,0.009288609289051935,0.11419439993980544,0.09952367807131858
78.69122119140627,-0.07330004340161901,-0.6519646477876996,1.3069336578472663,0.09735637795464248,0.03285693114595987,0.003324373659473206
78.71122119140627,0.9003967682156282,-0.8081927391266189,1.0933882998784759,-0.029355739260263854,0.01783849614074525,-0.07651737232187956
78.73122119140626,0.10646822866121446,-0.22275107725187732,0.9335936746797139,0.07630540897867041,0.10472419205960894,-0.02517823491473277
78.75122119140626,-0.16169956816282746,-0.5614108967617762,1.3441862140485528,0.027309068265921742,-0.011135556977689882,0.06152920288751291
78.77122119140627,-0.4742766594613152,-0.8710937217821114,0.9351939991181156,0.0668273407096053,0.08641036184451009,-0.014240201549194776
78.79122119140627,0.6150359198094613,-0.8314148100241879,0.9628169142551191,0.01254439823217183,0.014494400255734697,-0.046504966427035284
78.81122119140626,0.891341797582484,-0.6918910721411619,0.8496335222006369,0.060625856568327766,0.07530858516162357,0.05763463907236834
78.83122119140627,0.3533939578532739,-1.1562188767927386,1.3782618883545654,0.03294189595091053,0.024700639589295192,0.004597467446925697
78.85122119140627,0.30801195307165546,-0.7745848063857638,1.3574718689092105,0.00014139229646962574,0.045231266720826904,-0.10550356515904584
78.87122119140626,-0.9108805368446217,0.025081290388964766,1.5400110652322332,0.034806887629616215,0.002271822900807746,-0.048641645915321836
78.89122119140626,-1.4495301662037448,-0.3095106921989227,1.0703241722764238,0.045369395359819015,0.03780290531935847,0.07602808583222548
78.91122119140627,-0.10324602048998446,-0.8539668165283428,0.5822651390594277,0.03876698133684749,0.04082604742911434,-0.02163248897368593
78.93122119140627,0.46975443954774004,-1.0313120551881603,0.6084207248397508,-0.006725474626903119,0.08979282833467507,-0.1604355036636926
78.95122119140626,0.44540074758738,0.0915202383073527,1.114982491489877,0.030839866348247817,0.07081344326556258,-0.0866787895536204
78.97122119140627,0.5326516036572924,0.42388831211495304,1.3488006180422831,0.04384573422828392,0.011851423477334347,0.017523344062291703
78.99122119140627,0.4860765231757876,0.20187461250879601,1.224877173493915,0.023989412342748106,0.09202439946774209,-0.04801186857591198
79.01122119140626,0.08302252835952163,0.17724431905247795,1.5222536653673093,-0.002169706570671451,0.0805218369247986,-0.10048892618791387
79.03122119140626,-0.776809165601363,0.3692771553251866,1.354206408153645,0.04022432489088829,-0.014673561635743702,-0.055051398141620904
79.05122119140627,-0.8070850663007113,0.04055098522456685,1.278674115160439,-0.009302781667250256,0.10453945663154823,0.012424703390893256
79.07122119140627,0.1970457380574312,-0.19947198845650127,1.2038406053673312,0.02942255738507958,0.08699736690323451,-0.06474227859484616
79.09122119140626,0.5638764520340366,-0.22878038963312056,1.4032479980921506,-0.05060383211009737,0.023356088527699492,-0.14207994297918963
79.11122119140626,0.11616400444701115,0.4161418026835444,1.0841299357211396,0.009936422277151174,0.10076694674542433,-0.058429886546022596
79.13122119140627,0.07421305277525146,-0.10132777188484465,1.7028429321964533,-0.034043482987433545,0.008502965647441442,0.05051555014475581
79.15122119140626,0.38570619067663003,-0.3126185604823791,0.8123556709440332,0.01016031726701208,0.016548488789230983,-0.15781920076159875
79.17122119140626,-0.07341625118420095,0.1394607579885408,0.968608669253245,-0.10375274213393444,0.0576652701293025,-0.15678127344736065
79.19122119140627,-0.6974427222499517,0.5990633060143492,0.9822063356494689,0.034504273729328225,0.10436421020636136,0.00511731969630979
79.21122119140627,-0.06253653091112646,-0.32512249728641945,1.3965966405774297,-0.049615498808226535,-0.046661287484282145,-0.01753766297715801
79.23122119140626,0.49055389348475215,-0.544621500196294,0.629925780382732,-0.04309399933765693,0.12416588014688772,-0.16426404752144907
79.25122119140626,0.974206215418943,0.08447753398715233,0.9715138778978037,-0.048788973058460035,-0.01798103651972769,-0.07818411617726048
79.27122119140627,0.8956228225265452,0.06036704970443155,0.22297686253179905,0.007535103924701227,0.026113699786953475,0.05371874686329008
79.29122119140627,1.077671104962634,-0.34537687790582056,0.5861179346105231,-0.0507161298009955,0.014064740427377681,-0.08707056579481254
79.31122119140626,0.5114349417475073,0.12893493315932608,0.08178815453323826,0.005017950282182504,0.012267064708047084,-0.12052303595736426
79.33122119140627,-1.1149632790792556,0.06769283192880333,0.24249931511324224,0.006538921316028399,-0.00469037208367156,0.022695555729187068
79.35122119140627,0.515239472648437,-0.3473220991430983,-0.12122696915518263,0.033534961684160494,0.09872848130473308,0.0846111148481708
79.37122119140626,0.8156932626127851,-0.8438296670160326,0.8075781635703531,-0.002411596456717675,-0.03390491085538518,-0.17356496676223093
79.39122119140626,0.15761033711521122,0.019604037482801873,0.28337144974984213,0.020546191799782797,0.021999549772528056,-0.08825286791684164
79.41122119140627,-0.38812465671613516,-0.02841412866715464,0.20817774721859322,0.06709926577612678,0.002008863593763779,0.11968627918696727
79.43122119140627,0.883258739943788,-1.0123068543512963,0.25901873620283433,0.036682014285271625,0.01779057064327773,0.041705241998919416
79.45122119140626,0.40092758994708316,-1.112333358189618,0.2708745979751375,0.02788443969106195,0.005932977836733165,-0.204278273634267
79.47122119140627,0.31304017568167986,-0.04346005335573903,0.4282190841330636,0.023862181577620822,-0.02873911178822006,0.00029683307575620175
79.49122119140627,-0.0878884418147232,-0.20367614405323597,0.07991600172436518,0.1259068905900455,0.02739867595962309,0.183822047310598
79.51122119140626,0.6281961645442535,-1.5709971621744494,0.631534798799908,0.0060635377863924155,-0.01607123061801693,-0.03562525420179039
79.53122119140626,-0.49605689250529733,-0.7115167120649039,0.12702244131307083,0.07224043242589062,0.0210085639220796,-0.21019894119397944
79.55122119140627,0.1880709839383928,-0.0033271419228633635,0.7584056002911451,0.029684949972744124,-0.014843981909721346,0.19734355597376013
79.57122119140627,-0.10097624620506082,-0.71242710775837,0.37983336495640363,0.15879258158594367,-0.043623774788357245,0.09067590427544299
79.59122119140626,-0.4460837522053127,-1.504125148757829,0.4252102156099362,-0.04375287510858925,0.02017172816878168,-0.21150955363462082
79.61122119140626,-0.809196909505772,0.2159820005915876,0.4373144197578931,0.07737949768598931,0.09620063929103266,-0.07549136173639415
79.63122119140627,0.1274552089026778,0.0875338096279742,1.5548342549675864,0.06553102403483513,-0.08610972770491652,0.23004116412739273
79.65122119140626,0.22592000466521997,-0.8524281125904225,0.3135496209468144,0.07539119614863787,0.045686055899583196,-0.08142700691684113
79.67122119140626,0.07227986434728557,-0.6559368565202116,1.027736900167772,-0.07892986793580789,-0.004356265797893892,-0.2177737260267132
79.69122119140627,-0.39457864003905374,0.6748505040625905,0.5574893478366558,0.12204389561277872,0.030382156526934052,0.08600896766332478
79.71122119140627,-0.0507868329797985,-0.3314248602343405,1.2694389669548636,-0.029693924283716748,-0.03620493640375005,0.15590061526384208
79.73122119140626,-0.02762759308811118,-0.8439343318920535,0.5720267870573569,0.0376305455960579,0.05323990461274149,-0.19167375820998714
79.75122119140626,0.23335698571145735,0.07251972513170493,1.1407619386111936,-0.08578511485759165,-0.0262792881043322,-0.054986985910404504
79.77122119140627,0.20527847971958463,0.5510143343208306,0.5127359850075286,0.09197999523971766,0.014558581272643228,0.1644642618311629
79.79122119140627,0.08467971019094758,-0.8362933959059552,0.779836057799328,-0.06272999659198213,-0.042930646402033174,0.012170712345425317
79.81122119140626,-0.4697188340604833,-0.7517067276106901,-0.20173438076085762,0.0036462856806512125,0.027207942776537247,-0.16465119683762888
79.83122119140627,0.24181075422790374,0.16745084154318324,0.4784734148731164,-0.06135483344686779,0.048706908494230726,0.08279853605858828
79.85122119140627,0.10462406477163239,0.14877069405076154,0.3421406910349157,0.07740260874870858,-0.04480142746322712,0.07724748248050614
79.87122119140626,0.13024140720059885,-0.8728130911080592,0.38231939541474463,-0.08560838895933638,-0.00563515951697084,-0.04064354524269775
79.89122119140626,-0.06816780942395144,-0.3015659596714442,-0.32047993334848995,0.03919290540893801,-0.021587778958132027,-0.08855462919207455
79.91122119140627,0.09192491767265619,0.17623601229904906,-0.10321631091201931,-0.03261617509061556,0.0009536768215847209,0.08990114431398337
79.93122119140627,-0.3712286568361759,-0.14202752176032718,0.09993435242813117,0.04846195042143698,-0.0007235131953093903,0.0072683567148252365
79.95122119140626,-0.07613673538157265,-0.2625125629982316,0.14744934002539667,-0.023752301001702007,-0.013022703612799716,-0.07970306133364916
79.97122119140627,0.16707026247795587,0.26265626485751953,-0.26325700167645116,0.03666441323874767,-0.007331117590280255,0.022384723686766656
79.99122119140627,-0.6873258990532742,-0.19118716824121884,0.19760542306135212,0.03614307948834343,-0.01718435918899994,0.054192289127173866
80.01122119140626,-0.3933145940074828,-0.22525145514838185,-0.3285000214833245,0.03678964117796053,0.027015503178159168,-0.046520482615138734
80.03122119140626,0.4132021395324967,0.10404240484728376,0.24178708317539346,0.0026387550811773877,0.009298412031794618,-0.0021462299614764696
80.05122119140627,0.15355614014162716,0.4247171738574823,0.13469902067172262,0.08960983797594645,-0.02266003638041186,0.03389843776110592
80.07122119140627,-0.38301160005340856,-0.0471760489575423,0.007607516056544492,0.013177637762920675,-0.003006148882220914,0.02836800695601062
80.09122119140626,-0.16136352379400562,-0.3280395044901719,0.17377160033219774,0.046351325755136175,0.005927534328248831,0.0025416213994099365
80.11122119140627,0.19460880710102876,-0.07387053815968943,0.40737235060899524,0.029568631877081912,0.01040107939532665,0.028199698277697947
80.13122119140627,-0.016291699356427918,0.015516891630888478,0.04368308554709585,0.061927891792041605,-0.0683193582792164,0.044063223252272035
80.15122119140626,-0.6605587005370405,-0.6750415800046482,0.11355510239618141,0.009898599899095471,0.009541381965467572,0.05065906682796686
80.17122119140626,-0.02252772904110739,-0.7364261229684105,0.5618864747267645,0.0282968511698733,-0.061045669200372604,-0.03602854817197133
80.19122119140627,-0.2304538093065333,-0.29972764592328494,0.1124080726788754,0.018387493895433187,-0.01292723753870384,0.02382060747713405
80.21122119140627,-0.40789073737560233,0.03495871583048337,0.3366222214133708,0.01272554118913097,-0.03829875260704294,0.050446481099792835
80.23122119140626,-1.1909790308754689,-0.46830688637651136,0.49330847250936444,0.01124688474301191,-0.030082333980499316,-0.004917284277608834
80.25122119140626,-0.36973628994727575,-0.12902799074917837,0.06317366544647107,0.023061947809669775,-0.11566091891640229,0.04012900220265808
80.27122119140627,-0.32184941845242054,-0.37502279209080264,0.24448993470846914,-0.028787001461728745,0.03510104787648416,0.06139321429581501
80.29122119140627,-0.8633228453393974,-0.20731554465869562,0.24825881248110845,0.03159162637579325,-0.1053252335086979,-0.11478168810318116
80.31122119140626,-1.0305027613655728,0.16903315196390192,0.12045088587224732,-0.05674878940923381,-0.02825911202693937,0.08229684097462991
80.33122119140627,-0.9126710684852226,0.3527504566499277,-0.1443886497218579,0.06326704368413937,0.010339850444153066,0.050071265427190904
80.35122119140627,-1.0141692145903023,-0.4104425286745188,0.5838233187589055,-0.09330376008721246,-0.11171089889190837,-0.08878204714622916
80.37122119140626,-1.2370620838360196,0.32731720044486323,-0.2948062456824787,0.04297771721936342,-0.024530635446512763,-0.028226173137554975
80.39122119140626,-0.9065226189909746,-0.012583622157521008,0.17607549024701402,-0.03222960268191583,-0.08771352892261049,0.13923428407967786
80.41122119140627,-0.25911358819986313,-0.12475776023361253,-0.7492225932790669,0.03552309748218384,0.026583653851919773,-0.023335627456965897
80.43122119140627,-0.8102985231038474,-0.21291319747368012,0.7826115800095641,-0.11431738064610646,-0.08097437324573631,-0.134545191900761
80.45122119140626,-0.6582627077617202,0.8804916803519648,-0.2794004006190767,0.07744811605657555,-0.01923210427322263,0.07667629857147656
80.47122119140627,-0.8928298101014511,-0.1090802136627951,0.0560461813077762,-0.06011467499325897,-0.11873520369992845,0.11222614137734974
80.49122119140627,-0.0442964006106428,-0.39160296483488716,-0.3443417607038114,0.0027738333144360725,-0.016000246073432384,-0.08755522534644239
80.51122119140626,-1.4382875236138857,0.43855259127791735,-0.1748508234851438,-0.057043151667025754,-0.05234237537412895,-0.17974220801440402
80.53122119140626,-0.987119846116935,0.669038685165329,-0.019871789074260654,-0.0018328670956723266,-0.059935366948156425,0.18177793523820612
80.55122119140627,-0.5121253895910912,-0.17849009567134363,-0.13421536965886277,0.06721380625645389,-0.10989684786259298,0.09466568229535938
80.57122119140627,-0.8618801012344658,-1.0205440566182602,-0.4272506739019219,-0.10678611830040435,0.03209730353853719,-0.18822781624132934
80.59122119140626,-0.49215672966779006,0.7228415621681108,-0.3484672855320929,0.02923887835360901,-0.06562088816544887,-0.07867331917730284
80.61122119140627,-0.19418310711140885,0.31496128912567334,-0.3802239400366789,0.025342777278198118,-0.06342818843853804,0.24548050413489536
80.63122119140627,-0.9959529431731545,-0.6739948369223936,-0.7027625776029174,0.03691245879392983,-0.09011439774549083,-0.0937627317527942
80.65122119140626,-0.9429505870565318,-0.4571986973874549,-0.01592794601311723,-0.08196549316912119,-0.024321297085573738,-0.1673850665771335
80.67122119140626,-1.0394972143063355,0.864696737098216,-0.27807552157449117,0.10080627944648944,-0.004504129003742885,0.08403930576576103
80.69122119140627,-0.3055036479235926,-0.0756561769337917,0.541828474218349,-0.037398808800959076,-0.11194861134984468,0.1255681546042972
80.71122119140627,-0.8274796077027357,-0.04017729754231261,-0.8091346898633477,0.06628006336681702,-0.009644927436686187,-0.24740502528317687
80.73122119140626,-0.8346825979402126,0.021541818709398818,0.6072114479761324,-0.1130020085156316,-0.13024478635747824,-0.01820698470615211
80.75122119140626,-0.81587123312274,0.35018000734031923,-0.6562352565945948,0.1975355272185508,0.019670082352175173,0.1632022838916589
80.77122119140627,-0.20631478333301798,-1.2309121528204716,0.380521027856956,-0.13664908912116672,-0.11862912182382547,-0.07614248008412924
80.79122119140627,-0.3445103748859629,0.09687840666089428,-0.874082908763534,0.10090156641462229,0.04904248602100164,-0.19587824605841783
80.81122119140626,-0.3800315253433622,0.3771326486805516,0.5480742318563285,-0.05266584341108052,-0.1657714337145965,0.1276818214972037
80.83122119140627,-0.8106302866660574,-0.06681882029199535,-0.515678237699785,0.13670916521499385,-0.040464219851914354,0.09396651394976469
80.85122119140627,-0.2659352192936787,-0.850273502612814,0.7556359631968517,-0.09461705464580664,-0.09448546334564013,-0.096080778290257
80.87122119140626,-0.46717135271694693,0.3762199891845284,-0.703614831614278,0.09534616364183135,0.013928300755829537,-0.046014692064310435
80.89122119140626,-0.5652468289964587,0.13970326705143063,1.0792815962918318,-0.07961894006216907,-0.12069026561077578,0.12106918761297873
80.91122119140627,-0.3529908308691266,0.14404943732278327,-0.28492310695918116,0.09078600527330614,0.004751686536493881,-0.06483893307812592
80.93122119140627,0.28372761192167073,-0.3814433117174689,0.23266004236406,-0.1188308256741057,-0.15575708354256582,-0.0022568797616081965
80.95122119140626,-0.26990690234397935,-0.06043281612816762,-0.4105835993157193,0.08922690789483735,0.00917715897204577,0.08669494592260456
80.97122119140627,-0.6958812346396132,-0.24837535583965756,0.9176238599552662,-0.07885560148452535,-0.1870707749277467,0.023232513161174858
80.99122119140627,-0.43512668544095917,0.2651297581091684,-0.3925800920944885,0.05103277879242578,-0.038827055080475084,0.048913637064828354
81.01122119140626,-0.7214782224552926,0.020940368590133946,0.5883320253931515,-0.03732842032687696,-0.19888426457896025,0.1169448955618824
81.03122119140626,-1.7741300569065466,0.12504622671730406,0.0725392367232172,0.03378094271726444,-0.0629925445903903,0.0529844863880175
81.05122119140627,-0.9058002756263835,0.3913025591010217,0.6998118046680372,-0.049086137588984204,-0.15564209552883435,0.06061414475679121
81.07122119140627,-0.9002140582904018,0.1789833866539276,-0.2817482757747262,0.0362477726195622,-0.10061901983182259,0.06827425913680413
81.09122119140626,-1.3248051802999885,-0.04451046056944395,0.518904207273509,-0.08869160642740496,-0.0951398826907246,-0.002854794463169896
81.11122119140627,-1.1452559233787005,0.42820090490839635,0.028388511442364314,0.048754918355466484,-0.11392854182245314,0.06118515660143118
81.13122119140627,-0.7219654832374591,-0.02372879311740711,-0.08546768900653873,-0.028953863193909073,-0.13904995319655403,0.2149652070301314
81.15122119140626,-1.4659754283892312,-0.42904874042554586,-0.08367444674129776,-0.009031679655898258,-0.04719460261182036,-0.05769513387764385
81.17122119140626,-0.6772243827950082,0.3338852583622268,0.07183621008553806,-0.07143815424437056,-0.11716342072880129,-0.056098204735820126
81.19122119140627,-1.5795057475971974,0.48362225970977446,-0.11419891404535416,0.046142494971234176,-0.2317357004751913,0.10675379987393972
81.21122119140627,-1.5300029257262218,-0.35365503172521495,-0.14170827836111052,-0.040038986468569016,0.03695009021199764,0.16391322725700716
81.23122119140626,-1.5419725807629725,-0.2669421500329308,0.4104365686928974,0.0097220605116622,-0.11964946352371258,-0.06392165333082811
81.25122119140626,-1.951740471871612,1.0066228210042154,0.31612644468811973,-0.0362284301001569,-0.10577475517951622,0.042077578288938475
81.27122119140627,-1.7771197904791736,0.7074578674924328,-0.005549900693685511,0.059429727817305024,-0.1524808463996772,0.2169500504386903
81.29122119140627,-0.8640278283444325,-0.542916978696154,-0.27075589442302245,-0.010784952417388421,-0.09093885261899053,0.11442401115668069
81.31122119140626,-1.7222223325469943,-0.6806012566774455,0.037972914245846624,-0.029269979082287696,-0.1075759682705565,-0.1550666941562426
81.33122119140627,-2.550254164781437,0.6270983527523482,0.1903426998791019,-0.009697810466322546,-0.07377576414390381,0.03938267802942895
81.35122119140627,-2.566844491112947,0.7019016336860975,0.4778487247031713,0.032456869784939946,-0.13738992202798014,0.13376507180197347
81.37122119140626,-1.5049830721362254,-0.1394964617809269,0.10609848811131672,-0.012826981117250714,-0.19232834140841878,-0.028726885626158574
81.39122119140626,-1.4859422899160604,0.2518505543874801,-0.19407763594754174,-0.007236512274591518,-0.05022580970271027,0.0007671870111429186
81.41122119140627,-1.6898639287562456,0.299250446882682,1.2015653836775806,-0.0031867185007443542,-0.1839610989759294,0.07517753676115331
81.43122119140627,-2.3772173217064108,0.4206961493503909,0.19935491742865885,0.04399228981722574,-0.13355207833419133,-0.0037638554434850594
81.45122119140626,-1.700435420844526,0.05467733712451743,0.7061599958335688,-0.09151349524008039,-0.1302173928479771,0.0567399293428765
81.47122119140627,-1.336435108541835,0.0803233839553999,0.5101561589830153,0.08019729239275467,-0.2099752038781966,0.028674999479222602
81.49122119140627,-1.306896673846718,-0.2074443660269372,0.8938815849793729,-0.12394724631538809,-0.13137353092835125,0.0390691284175159
81.51122119140626,-1.499780404463771,0.44345068717127445,0.2066753708135865,0.04505308211343619,-0.08294190174273429,0.0024578734490599595
81.53122119140626,-2.1917716426833436,0.43345689127972004,0.746377006047797,-0.0773786128533791,-0.32572955185840824,0.03391928178784082
81.55122119140627,-2.5402184866703483,0.4167973974840203,0.06377818646932445,0.00020219502685138327,0.0021739874247437654,0.11066644805411686
81.57122119140627,-2.0868418151026717,0.13241030793017092,1.7020804713888327,-0.03563748927307153,-0.35422297639246214,0.0670635137024862
81.59122119140626,-1.3719456095030493,0.04574541720240804,-0.171441033184053,-0.01954753088709033,-0.030461230552259116,0.10786533883597735
81.61122119140627,-1.9699397438186843,0.21548403596964924,0.5683310987156001,-0.07838921497563321,-0.29068991082941903,-0.05458779494889107
81.63122119140627,-3.6191667596929338,0.4197088450438874,-0.14546610954800165,-0.02600000606261571,-0.14708379482810893,-0.026089863579479164
81.65122119140626,-2.6251073034027934,0.5136310119535307,0.31566119200759485,-0.03930797068541803,-0.19020085123078667,0.16626286819890262
81.67122119140626,-1.1070093751686951,-0.4245232390984278,0.20810395192334258,0.020995084089261686,-0.13468400530997438,0.15237524405762684
81.69122119140627,-2.042772556457276,-0.17749451502070515,0.06713762137217359,-0.04458572891167237,-0.20236776412094382,-0.15386152256198465
81.71122119140627,-2.6502943447058747,0.616976635056813,0.08815665080016526,-0.03965879460044293,-0.19130612070191086,0.040800330761812297
81.73122119140626,-3.460688818454952,0.6156152903018576,-0.13154437801801908,0.09959183829727172,-0.20384026231171276,0.191729353259339
81.75122119140626,-2.444968244562476,-0.9334297853262885,-0.03385890440314917,-0.08485062615412045,-0.07835868761938164,-0.009851692056130264
81.77122119140627,-1.6888229897994491,-0.18425180301854474,-0.3267997716978034,0.06075984726929433,-0.20713287877178277,-0.15753016685286006
81.79122119140627,-2.575056197045978,-0.5408399640159793,0.17033909952882845,-0.01346330088750819,-0.23800655385192152,0.14710544054080982
81.81122119140626,-2.4749049736398585,-0.37182786836466986,-1.281299285940465,0.12815264675398305,-0.12643840675455703,0.005840099962703534
81.83122119140627,-1.8559123797396344,-1.0112899927987797,0.1807418361248061,-0.10054934097364356,-0.1898973444016174,-0.10939250978301844
81.85122119140627,-2.3703067282267027,0.5909671900261524,-0.5039404672798357,0.17966441143713585,-0.1326308574432531,-0.023810269029567295
81.87122119140626,-2.137595230952771,-0.6848635188239701,0.7128778857056981,-0.04487573786956685,-0.24965503675405115,0.1714610192780875
81.89122119140626,-2.6762872861895235,-0.7223883229466147,-0.7907769779944159,0.14714278232526717,-0.010997183186681633,-0.23448388597295597
81.91122119140627,-2.0529545330786627,-0.4606718286947628,1.0864746959978917,-0.1430093541769006,-0.21523801129756182,-0.14875210081875695
81.93122119140627,-1.958277780909001,0.7144134222432036,-0.5522285755415035,0.25729727720158824,-0.1114294523322199,0.10116194589196022
81.95122119140626,-1.7897950614259288,-0.9740203924712305,1.5029007204715272,-0.13639684336034055,-0.2844944871149434,0.0034266472520567484
81.97122119140627,-1.5842438877978477,0.16547958006104654,-0.532705094481356,0.18976136280186523,-0.03923416862429962,-0.2001739207523202
81.99122119140627,-3.068166487822721,-0.05924432061668352,1.7186507394023178,-0.11054648276004507,-0.2892759721680757,0.04888184207799962
82.01122119140626,-3.1798118028572646,0.2157571239120982,0.10158839415679081,0.19076104332482707,-0.034041973052487344,0.030659636403293684
82.03122119140626,-1.5098945743044614,-0.7181944359621628,1.8233475117346503,-0.12242528947708387,-0.29886962524444866,-0.09231911168149151
82.05122119140627,-1.7926387225493792,0.3238258830914117,-0.0029661815457092586,0.08344844376239546,0.08090564959844086,-0.13221156157460345
82.07122119140627,-1.3981705521261174,0.38494188536899415,2.3763342324164154,-0.12148715025223207,-0.28780650925584084,0.0036371913022181027
82.09122119140626,-2.6208901619183824,-0.20964365476759667,0.7366632404742447,0.053657982112909286,-0.10413973825984825,-0.12629933714094632
82.11122119140627,-1.0540546834427447,0.5978813668082268,1.8453610438296242,-0.18984829641265075,-0.16605032659576172,-0.07767031032738837
82.13122119140627,-0.7201231841966987,1.168215899763546,1.0582260810674935,0.03712351102355294,-0.1307927555879104,0.026074697277988546
82.15122119140626,-0.49668512411726995,0.4164968794912803,1.6637067191223385,-0.1526409473372902,-0.25835318309935823,0.06710497804178911
82.17122119140626,-1.6278224814374656,0.5814874995425797,0.601453545706776,-0.02947999899265708,-0.14212842230316358,-0.042590924395756964
82.19122119140627,-1.337295075556337,1.0046963754924152,0.6322789351206036,-0.1614042036216757,-0.16129348104496719,-0.0004830867910942934
82.21122119140627,-1.1106475359264973,1.524138712325402,0.9084916417745568,-0.07698160674578503,-0.15302384243804165,0.047512568803180985
82.23122119140626,-0.790650450028061,1.4041083221639996,0.8619881441419031,-0.08710440429956395,-0.24725461359018192,0.07296688502932638
82.25122119140626,-2.354805130313351,0.8175793004548477,0.537937805658718,-0.1504842917402526,-0.03973338907568415,-0.008722381509326058
82.27122119140627,-2.2541235941629867,1.187482811850476,1.0228543711680516,-0.13105818610267053,-0.14555081995538616,-0.09526593683745341
82.29122119140627,-1.5825755025080617,1.726434113825185,1.19941926158499,-0.12287989720942818,-0.2659429391285752,0.04478865443478205
82.31122119140626,-0.44622460004384223,1.8149639154940587,0.910611310834467,-0.09570345295161048,-0.13509442798265517,0.1821139440271501
82.33122119140627,-0.8821415965696155,0.896747525639919,0.35037980061769486,-0.09436133858751443,-0.21329153467387435,0.01652967115597897
82.35122119140627,-2.8943794864888868,0.6367581524502874,-0.6651266393439446,-0.15342217865045574,-0.031729641559155565,-0.04937974906686556
82.37122119140626,-2.3412373043349985,0.4200680828028928,0.2381892466745411,-0.08448410107686795,-0.25292014171420063,0.05886405082969184
82.39122119140626,-0.9735941632979401,0.45941623645654256,-0.7651440134510062,-0.030430913627286695,-0.2057342488747922,0.08002138395688284
82.41122119140627,-2.4698457957041327,-0.2973163155447334,-0.720256236451259,-0.12062266630183964,-0.11087784455956343,-0.15914494321278705
82.43122119140627,-1.773222533020964,0.22719336889848463,-0.3746315001958784,-0.01816254439369254,-0.21993320252610532,-0.005674465842520493
82.45122119140626,-2.3187205252667162,0.494898665683698,-0.221329530452793,0.0012386156273027208,-0.03869345155024182,0.154784694970082
82.47122119140627,-2.099094874765219,-0.439745493631461,-0.023517397504026333,-0.007208143244834159,-0.2521296348253621,-0.05984304555444529
82.49122119140627,-1.8136869147988275,0.0654092965915662,-0.8944514923379644,-0.014538536237604338,-0.1022125617475392,-0.08764392049842266
82.51122119140626,-1.3629177369889665,0.3814478313191902,-0.0640659748491798,0.01113068777044803,-0.17300351488678523,0.04071663037447959
82.53122119140626,-2.3254327816374527,-0.23721784895703057,-0.08504315100833457,0.07757383402361559,-0.18570343483993945,0.03427422548204327
82.55122119140627,-2.1971944904311647,-0.6461820121925239,-0.0482872290856266,0.009307786523172112,-0.2196227431107169,-0.016097728199574293
82.57122119140627,-1.6953749483892138,-0.02980010740540834,-1.0005596416246132,0.08712466560869929,-0.1309689502063151,-0.0813482801879205
82.59122119140626,-1.2336810209632987,0.3556974281729103,0.05198276677793391,0.01270842192318884,-0.18206773459940578,0.02436370389658168
82.61122119140627,-3.0606174502893304,-0.11518056939523248,0.7275742146481842,0.11369667142640445,-0.10073629455520335,0.021513849003894733
82.63122119140627,-2.9925147234048124,-0.3325440957632947,0.8807340694052838,0.03907557631362547,-0.29000327072428816,-0.019813478022329224
82.65122119140626,-3.435943673062712,-0.5196662101530131,-0.4296793672314771,0.06460320629303223,0.018055727753362727,-0.01755722334392269
82.67122119140626,-1.7016336095798656,-0.805274821858494,0.8469787487052467,0.008756210417890771,-0.2629653585005073,-0.013648290227823476
82.69122119140627,-3.991915295454,-0.9141360635564864,0.495517966063132,0.06337477383695173,-0.1356107998298942,-0.18585022414331576
82.71122119140627,-3.815005099256261,-0.7421340967447855,0.14406198137279383,-0.03040764198450513,-0.09868272535944032,-0.04029891559199696
82.73122119140626,-2.5008530191380713,-0.9160197462966206,0.19269969147783875,0.0864145664771713,-0.2607438339166025,-0.03118603867141225
82.75122119140626,-1.0771172760635113,-1.5423064612876562,-0.6226125698922214,-0.03212391145329495,0.011632843955420526,-0.046961586068960226
82.77122119140627,-1.94862895031177,-1.2416993501152251,0.5014575325626334,0.007755724390559071,-0.2636754393478727,-0.2465004658913336
82.79122119140627,-1.5337823257073349,0.09397192409163317,-0.5510841657423309,0.009203126844788842,-0.13088499422304045,-0.014856606540511845
82.81122119140626,-3.1263088398575714,-0.44193959585684994,-0.08342201651422254,0.010867409632544336,-0.08493635778502495,0.023160960716831856
82.83122119140627,-1.5478083833512366,-1.213174447265957,-0.03165194745798272,-0.013492003218130686,-0.13880676390097302,-0.1017917130895803
82.85122119140627,-1.784481553947228,-0.6005525682746431,0.022352314831849622,-0.04611009268696038,-0.16982827011528567,-0.22619356492293413
82.87122119140626,-1.3634469355102996,0.6578117892776268,-0.6836584139089313,0.009503708875939355,-0.07480906983411183,-0.005807091503924294
82.89122119140626,-1.207666829096547,0.4104288840437519,-0.5025511374045332,0.007813196610154912,-0.15070921385350097,0.03893830116095407
82.91122119140627,-1.61119301061557,-0.062119511733999905,0.14678438248186976,-0.03526209244790751,-0.1487906562570139,-0.1528702892899939
82.93122119140627,-1.3728839499952554,0.8810950828619426,0.028156476597169463,-0.02111239182065879,-0.11708812052792536,-0.08439256636016378
82.95122119140626,-2.43621970433093,0.9543810785760153,0.3146265633583459,-0.0077590165559124884,-0.22281081703085068,0.008547536988554262
82.97122119140627,-2.8382816496423273,0.4499689524513338,-0.5460715686213614,-0.027343479178284943,-0.06772979452218715,-0.10706780258488924
82.99122119140627,-0.5859691255779069,0.4809520063662599,0.008955899232221823,-0.0885006642732309,-0.11377022095508993,-0.059670382372539625
83.01122119140626,-1.2522490583429544,0.31628978955628745,-0.394479598584395,0.02915553533262714,-0.20370755515309694,-0.09626500737485408
83.03122119140626,-1.333217983299471,0.17086887460922603,-0.13160932271260747,-0.15035981295649836,-0.07177651088493237,-0.05960710258423354
83.05122119140627,-0.8245358154399738,1.2149873936517586,-0.27597308621207134,0.007714180820638872,-0.0673631256829506,-0.09472292883714101
83.07122119140627,-0.18019523842872015,0.9198388867819391,-0.03612421476587208,-0.08981400539811639,-0.28690947154349294,0.04500040331654984
83.09122119140626,-0.3212166147501443,0.46344143318285036,-1.4323956069067567,-0.007396638824597609,0.03562634138929979,0.06834644147294276
83.11122119140627,0.13484981546569902,-0.2421465342692721,0.49723538487430596,-0.14158247154190573,-0.22890699423755093,-0.06605332116733802
83.13122119140627,-1.2457681834277063,0.9882704711200307,-1.40411545154717,0.03559879556346194,-0.11202085584755879,-0.05694222314638637
83.15122119140626,-0.5009508615947108,0.6355649100897806,-0.6299126693410518,-0.14130059194369282,-0.11374813039305244,0.2528079040617501
83.17122119140626,-1.5429618748315894,0.12611867657656647,-0.5786889186517258,0.07768697181709204,-0.16833102844737008,-0.06665079970382513
83.19122119140627,-2.2637469668876533,0.08604247793577172,-1.2680142418899765,-0.1539657260991439,-0.13945159232367343,-0.1310503075435333
83.21122119140627,-2.1240972958179793,0.9622783778046146,-1.2139935682837777,0.04954922945401195,-0.1222004046889429,0.07928645567401481
83.23122119140626,-2.916760598700357,0.031751350406776964,-0.4377364314668536,-0.0070125351369502344,-0.14901389516418473,0.033533578784997804
83.25122119140627,-3.1418402237436336,0.04439092344186161,-1.775637910554196,-0.0013240994186150166,-0.06515661873654145,-0.21236595472058625
83.27122119140627,-1.8571407464414333,0.6881074527151663,-0.6577091733975715,-0.058515440970281524,-0.07692579708191429,-0.03475659238552534
83.29122119140627,-2.7314624200695925,0.41226431503296,-0.40435267757302157,0.10039783687230036,-0.17889499753476365,-0.03620591134253898
83.31122119140626,-1.642316931003869,-0.12175876223095392,-1.5182588405433137,-0.04530828525780672,-0.1098160574715589,-0.07841464627296812
83.33122119140627,-1.6056523363913517,-0.06008916784228412,-1.471025303781493,0.025253552494756533,-0.0991359147992164,-0.143442019208095
83.35122119140627,-1.207237967655935,0.4017726304412379,-1.252033800346407,0.010006824113741668,-0.05073219973752173,-0.03799875449083105
83.37122119140626,-0.9550527268275256,0.38079224610802004,-0.9084935090007572,0.0067344277935009215,-0.11758055938420801,-0.06161354467603785
83.39122119140626,-1.7676803588399308,0.060480878953718197,-0.5498847361844285,0.022305623619658148,-0.18662884138009594,-0.07842736391926752
83.41122119140627,-1.3733525878519746,-0.11057673436028742,-1.0220526075846703,0.009320886548427873,-0.11462582455697581,0.04694473748299733
83.43122119140627,-1.3102751319978019,-0.12378905005630166,-0.5631999579437428,0.006449114497829708,-0.11075794822095618,-0.05102081672117947
83.45122119140626,-1.955849129483407,0.24550774063210196,-0.7902903552993965,-0.019256876360436936,-0.1828910816454212,-0.17208179782336003
83.47122119140627,-0.8124211908578998,0.6860589732127759,-0.9700438740391835,-0.027512476540109732,-0.006218041307575856,0.13789451734253705
83.49122119140627,-1.1015060610005305,0.06577384645505518,-0.7050114432180938,0.05503783507179009,-0.2715726606655193,-0.05146787144116504
83.51122119140626,-2.198412935139989,-0.261601190454478,-1.3292163071316012,-0.12122687284279673,-0.027158642862787245,-0.14048255355531994
83.53122119140626,-1.034245831013935,0.40313930958617283,-1.4234640835195136,0.04794008862093932,-0.18379506007958096,0.028219777236928544
83.55122119140627,-0.48671218184021975,-0.5758374013404376,-1.7739289019894646,-0.048854591461373165,-0.06657976077926368,0.04842067798028209
83.57122119140627,-1.2985192234574277,-0.2990855233729818,-1.366864126611131,-0.03996290629986973,-0.18889038288956134,-0.2702285857267647
83.59122119140626,-0.9936885299530811,0.398376851887931,-1.7906676635844536,-0.007615008745540023,-0.06578143580444444,0.13459821744971506
83.61122119140627,-1.8526090313831862,-0.4019255056030562,-1.1218268860931337,0.025658259813340953,-0.14767295664312116,0.10655642561295192
83.63122119140627,-1.8828329621969948,-0.5998018640369168,-1.2013894272490222,-0.08578332117574054,-0.05123919450097985,-0.2849363556450577
83.65122119140626,-2.1526870706857544,1.0446886831583944,-1.0723336002617248,-0.0406303051717824,-0.12485101931786582,-0.1097855815217747
83.67122119140626,-1.9383114097425442,1.055592223571262,-1.152805737940625,0.051765287261351246,-0.17461815961675772,0.19736826136152485
83.69122119140627,-1.3810069489153611,-0.06112729616533225,-1.3600615516892705,-0.058720413351914205,-0.07553848623986371,-0.15054244452109095
83.71122119140627,-1.6483931398292453,0.30894338695694734,-0.9131925202734743,-0.0792577471518763,-0.09485305089523147,-0.26008444885990234
83.73122119140626,-2.2071681836806922,1.6334824531769085,-0.9816482581534541,0.038262788518718276,-0.17353085588885794,0.05604885110123057
83.75122119140627,-1.6222613330955074,0.6905627904004007,-1.332248768957955,-0.016421372867673163,-0.11884992224303767,0.10012105719427646
83.77122119140627,-1.176835813735245,0.01534496998442953,-1.6302630808590481,-0.030130203916029264,-0.03923948820181695,-0.2261056405726332
83.79122119140627,-0.4997055381092218,0.7039569221324887,-0.9354970313987611,-0.06769149469453696,-0.16328696365613068,-0.10291208750178471
83.81122119140626,-1.0247041982179075,1.1610191682224686,-1.730512251838091,0.06295322632087813,-0.013665011499410237,0.09805493477058928
83.83122119140627,-1.721967750701049,-0.3679255823255348,-0.12127900601202272,-0.10973416117205725,-0.1933576198725763,-0.07591694141079196
83.85122119140627,-1.0474026090596693,0.737623690900999,-1.7725135371721312,0.050026461890644115,-0.08989950022509567,-0.18745141288387046
83.87122119140626,-0.8723792067477346,0.6042919777382877,-1.2188262761950164,-0.10734324881263695,-0.04657127012936923,0.14314089077990072
83.89122119140626,-0.6157812013375801,-0.28525684180656274,-1.2781411585352205,0.09392002761211181,-0.13257011450537198,0.015769741023399668
83.91122119140627,-1.6046279713550062,-0.5541894886891892,-1.0012891075822963,-0.15412850327920333,-0.11407886291151462,-0.29879654262863803
83.93122119140627,-1.7619171761217278,1.4862461431000498,-1.9572866214391473,0.03530421654358386,-0.06990475680084511,-0.07479096542513879
83.95122119140626,0.4971676295643104,0.7177155903027045,-1.5553439364431851,0.003771491840559156,-0.06284922335488463,0.34145834701363026
83.97122119140627,-0.23420745624868652,-1.1019834838448868,-1.1645916739027353,-0.010546098418007318,-0.11087013767026144,-0.24545942475834628
83.99122119140627,-1.2726697031396417,0.6450580310572124,-1.229417471157675,-0.10490157862484077,-0.05612881987368936,-0.35539172592677803
84.01122119140626,-1.105187357459118,2.187565326047925,-1.5828283481172678,0.09868978553819077,-0.08080542169025369,0.33831618034123084
84.03122119140626,-0.5903205439632951,-0.06462850521121594,-0.817496929947535,-0.015323773589629639,-0.07795479563642561,0.1329608077685588
84.05122119140627,-0.22284724531461264,-0.47467260431131986,-1.4405941543571958,-0.031170538721025806,-0.05790306250993815,-0.41155793223773457
84.07122119140627,-0.5560895428797352,0.44276026956634035,-2.40297295208653,0.020220236133504602,-0.18120732682833318,0.12298246014794348
84.09122119140626,-1.0805146838923598,-1.1517479181512524,-2.3563700018807885,0.07085748751502745,0.0375973107322607,0.2959830498933003
84.11122119140627,-1.2720203209369283,-2.0303736306634086,-0.6394697925614552,-0.06884817467529941,-0.061712113015235576,-0.4874474713346982
84.13122119140627,-0.3833565955925212,1.5928803510652203,-1.4331893778124793,-0.002178288688296123,-0.03079520690269532,-0.19346200943496158
84.15122119140626,-0.07508062089009661,1.5800379849074002,-0.7998000334294504,0.1381772725199902,-0.1707651707632703,0.5814375764336014
84.17122119140626,-1.104375334093951,-2.11896165774142,-1.3150979700165097,0.05208621869806014,-0.14919718627223869,-0.07499332577700704
84.19122119140627,-0.5669758059015683,-1.206049126401576,-2.0252880373882998,-0.12205255670680328,0.132016438562624,-0.49116225837834726
84.21122119140627,-1.267464524935905,1.3235307215214942,-0.06638708037555865,0.06150712920311001,-0.17367804443554072,0.09213964632279938
84.23122119140626,-1.4557066054821513,0.5831951993699549,-1.5147100588625364,0.16573130255874316,-0.11942603096508975,0.3319736872956883
84.25122119140627,-0.07256667543455006,-1.6785890339159912,-1.142967873524641,-0.12242439235211511,0.04936503062929474,-0.19277061959626532
84.27122119140627,0.25455540816246636,0.0071320617622464165,-0.40205486825240677,0.0680821849305951,-0.14026302156521483,-0.3057538441781424
84.29122119140627,-0.7606809514423358,1.589796095800698,-1.718633988782114,0.06053032614681272,-0.08889174306173254,0.245515412201572
84.31122119140626,-0.17857898656118457,-0.3234422712259213,-0.9939661969535061,0.03595352973670685,-0.004000923118382171,0.2403278495459351
84.33122119140627,0.22189723609506662,-1.0164175849911492,-1.120355136233399,0.08120446024572828,-0.1621907482444198,-0.27890455939341163
84.35122119140627,-0.13404641181874422,0.527805982625596,-1.5723289299673768,-0.06635841535189153,0.049517071724683566,-0.007318954406750331
84.37122119140626,-1.0571651819556425,0.9128090266608351,-0.5459351967561364,0.1653093918240071,-0.06665507446158614,0.24997825052680495
84.39122119140626,-0.8743990968342644,-1.3108349404262096,1.0141555374794702,-0.08129922377354215,-0.11287328223335748,0.01740260298188795
84.41122119140627,-0.8833107245193703,0.1456381862520432,-1.3642989171445614,0.07943212481629122,-0.06150761791067419,-0.2666545176299155
84.43122119140627,-0.6455985355999522,1.1683971426306012,-0.3696946024536765,-0.12437150971098963,-0.037845409041575725,0.14424900381748418
84.45122119140626,-1.5186202949424665,0.8254013696563343,-0.5183429890915652,0.19013668058493932,-0.10966473427687759,0.13200859407946527
84.47122119140627,-0.9894274641733078,-0.7481130500138541,0.1557349791276298,-0.1755186906360124,-0.05852455698109676,-0.0845008038803377
84.49122119140627,-0.25583417618752846,0.8925088650688431,-0.8506116928061698,0.07375708844696073,-0.05792998084047289,-0.136485483173983
84.51122119140626,-0.6682264938569155,0.9015169637644624,-0.060680090112535584,-0.10180351906116432,-0.0938330935821314,0.15628763224961317
84.53122119140626,-1.3225490846881776,0.34721612298626453,-0.3983443908620289,0.03592397571621936,-0.07208292327273572,-0.027232785276493796
84.55122119140627,-1.0414790376244258,0.316893641500099,0.07071985354790862,-0.1400948063371334,-0.07207863816643938,-0.10015585719411806
84.57122119140627,-0.4395285586240025,1.4058215067960362,-0.9751151679299636,0.018224233421264408,-0.031177994423078288,0.05128430694617271
84.59122119140626,-0.32220490391164075,0.7215150348655056,-0.28198483223490567,-0.09405055679151729,-0.0977220174355561,0.09206411214173205
84.61122119140627,-1.0465285777718278,0.2856192714742637,-0.6137860508531389,-0.030858537306353448,-0.08768627608610784,-0.10660597463798113
84.63122119140627,-1.1641135149240713,0.5117084242551755,-0.6972738179514154,-0.11050567909244521,-0.04180642087380108,-0.007407436950220217
84.65122119140626,-0.5284439451377027,0.4549923070869414,-0.8868573266978881,-0.01622896335388149,-0.04331363834398528,0.10621653221226332
84.67122119140626,-0.6333431225459963,-0.11241904119525713,-0.6516780308033333,-0.10174942450438279,-0.06857979135565044,-0.102559880843959
84.69122119140627,-1.2302178940613828,0.6464579418231645,-0.9973898300595853,-0.09059352708307468,-0.026018880241113266,-0.1645702128396194
84.71122119140627,-1.0453672819419795,1.197409889628333,-0.9058624561702925,-0.030916034919902146,-0.07256595378821339,0.12205254348527537
84.73122119140626,-0.5406750951364185,0.13367981267498297,-1.2821892987928394,-0.026972336176248193,-0.05309005904469737,0.06324225221758692
84.75122119140627,-0.6544314168227285,-0.5421517140645221,-1.108220299134974,-0.09890197776734769,-0.04348826781912491,-0.22968795767939124
84.77122119140627,-1.6775775749484805,0.6873639612050415,-1.103140515718193,-0.05909788939792052,0.012702416326899413,-0.15063882777039336
84.79122119140627,-0.1229997570192556,1.2103409062390607,-1.2252497573632783,0.02290669119896845,-0.08604649458949998,0.20287295014654005
84.81122119140626,-0.6098103353243194,-0.4637848329494042,-1.2834129347246936,-0.03502909212527078,0.0022814200525575912,-0.05586714068134171
84.83122119140627,-0.8511875852112312,-0.1021270413753784,-1.3485302869194404,-0.052841636285860166,-0.07022866886373133,-0.33883216781277076
84.85122119140627,-0.5211587930463518,0.9496400880322944,-1.5399545901024634,0.006913505376315372,0.009541580356361908,0.11977328379373614
84.87122119140626,-0.10392356504473246,0.016699582858289302,-1.1562226176948511,0.0660891597887845,-0.06095930235012324,0.11104993168707043
84.89122119140626,0.3472294350054125,-0.9658084832627079,-1.435592749251706,-0.035525569401856055,-0.0382924769571195,-0.23525803880433477
84.91122119140627,-0.3229223673680161,0.2828411015691641,-1.7939479891278334,0.032057745247647595,0.004013016802804273,-0.11534662022106805
84.93122119140627,-0.36325358873301605,0.12313386855531044,-1.0370312657108858,0.06624683515559061,-0.02538133634409968,0.2083951973008952
84.95122119140626,0.45189472290374494,-0.8704107061384194,-1.5453750902358898,0.07812488096822158,-0.06322742464304887,-0.08770955838738616
84.97122119140627,0.23160542386498303,-0.9568934304153958,-1.148276108525798,-0.04150065785533157,0.0577653112443226,-0.16344366902655427
84.99122119140627,-0.03162494918520242,-0.20930833897066142,-2.0225304930772934,0.19302348992398197,-0.14520317737918825,0.07401412316936655
85.01122119140626,-0.14299140542597227,-1.6207640813642192,-2.031553533723292,-0.0022687819559267107,0.0431388165749514,0.0964958102645717
85.03122119140626,0.5826552660045113,-1.1934061490605519,-1.2742709324203532,0.09786964667594898,0.12704714337148734,-0.29167556313901805
85.05122119140627,0.7178645435566323,0.31356740997205373,-0.4320128952818013,0.03831694058522622,-0.14002148444795356,-0.07800791058508122
85.07122119140627,-1.2399982857458554,0.7644730225985786,-0.5861779819654827,0.11713888589527524,0.15827862998308714,0.1027407594584409
85.09122119140626,-0.8088855908911007,0.17048762263868453,0.7758632022664153,0.029578987230081465,-0.12932645292273817,-0.13678346417009302
85.11122119140627,-0.39633271962749883,0.9610113349073801,-0.7959137476577379,0.07663270186443552,0.03366752966368469,-0.04226016443791227
85.13122119140627,-0.058597664621224045,0.3474714506745011,0.30100404828103744,0.006312952974033093,0.008034319096573705,0.10624967623117237
85.15122119140626,-0.6688196399110667,0.24816504620458288,-0.23409654192529428,0.08592777416910717,-0.09640848186100627,-0.2333872377631554
85.17122119140626,-0.8241217500298735,1.2782488157923884,0.0045163156871872966,-0.11076080143891257,0.08413538949052447,-0.05395009631912624
85.19122119140627,0.5488273745301431,1.0702865704662983,0.3803598230297541,0.13640982057858986,-0.09390519227566421,0.1940245641514938
85.21122119140627,1.1436648216656782,-0.2336609547941821,-0.38555240555428566,-0.06241420027066423,-0.07755348893688153,-0.06471670245522809
85.23122119140626,0.5687115156978504,0.21789414680995267,-0.4895431782723282,-0.0959524304343488,0.09910667140239757,-0.2372485240629313
85.25122119140627,0.09294287243319801,1.4590723088269464,0.23566250795355084,0.02207528048567653,-0.0926471857320209,0.12047151801893673
85.27122119140627,0.27805238536959004,0.654507600132724,-0.8002812410031058,-0.01849664569744451,-0.010077991970447448,0.23579228792287202
85.29122119140627,0.5959145326491802,-0.4795038747393588,-0.5426835113718791,-0.11145120722479768,0.006139827571369021,-0.22720045983675222
85.31122119140626,1.0488201124875378,0.28977734325051097,-0.19107347897478286,-0.09185123479689294,-0.08907067365664237,-0.026671177957951816
85.33122119140627,0.0619939825661267,0.3695771370637075,-1.1040318485766445,0.0018043637359342643,0.10827592655352718,0.3410360707101688
85.35122119140627,1.635769835740405,-1.6815882057534837,-0.12005652204845253,-0.14169875434027296,-0.23735643194987266,0.013962004337784549
85.37122119140626,0.4067415973656565,-0.7783025066301186,-2.6609502167722856,-0.05266296633945759,0.04027396379050884,-0.27355992167758403
85.39122119140626,0.36724484305540406,0.03925952801837038,-0.9817311476634584,-0.18067656196435336,-0.03786107280559141,0.24111696905304647
85.41122119140627,0.1364926157711028,0.12609097010382223,-2.280049118213446,0.18138940912508006,-0.17377638460535116,0.15533489131670544
85.43122119140627,-0.3913745969062759,-0.7187587584170663,-2.8689328367343707,-0.22261514346542066,0.12015996276234113,-0.10170451292052553
85.45122119140626,-0.3283271877336304,0.28839280521935046,-1.0839595131868238,0.06426813245337788,0.0007296571089558901,-0.016567911716941594
85.47122119140627,-0.5628554598279487,0.4117018538970446,-1.4089580360616334,0.05828010954643904,-0.16572355948824238,0.18172665838996518
85.49122119140627,-1.272621551904888,-0.2971270700714792,-2.689619537056673,-0.03319425376101571,0.17133208650735435,-0.047021636765403295
85.51122119140626,-0.27337791849476256,0.5219825318328081,-0.9695821255538396,0.03158407130662529,-0.055903639096306496,-0.12215488437287986
85.53122119140626,0.1503254715870903,1.0433729729714691,-1.4117115327420056,0.1011184088377321,0.027698219074101322,0.2054765633001681
85.55122119140627,0.45992570668432403,0.6040678701569968,-1.3941119847292796,0.06430153809015857,-0.07767109872932952,0.03175695459141917
85.57122119140627,-0.390194191694723,0.16272601142509002,-0.969634846333006,0.015641811754206928,0.01758181372240195,-0.1245127385496334
85.59122119140626,-1.7336600438595355,0.9718851411130265,-1.154627457353376,0.1082156600260164,0.025769791904303126,0.034789579625407296
85.61122119140627,-0.1406601839680735,0.3997790091656436,-0.49405935838273096,0.04057738484260337,-0.03889366047440717,0.19096486252616804
85.63122119140627,-0.5528517248930646,0.11985144538831456,-0.8796524945029892,0.10215616946821295,0.052281121348576404,-0.23361561352103782
85.65122119140626,1.391443577108916,0.801240023024313,-1.053929945212046,-0.044769651244437096,0.027541426298580356,0.0001244822904155406
85.67122119140626,-1.0081423179927622,0.8938640750353765,-0.21328090597777435,0.17249455169757213,-0.05806519584300794,0.12636326999032718
85.69122119140627,-0.17648955279836698,-0.26989094136698827,-0.4861478241376883,-0.049425608990988155,0.04856032084469435,-0.02099006816656572
85.71122119140627,0.020938146279998175,0.06940243862049345,0.004465069499894563,-0.006757133465453219,0.0093747864373534,-0.24325743148414938
85.73122119140626,0.1042945496247597,1.1949516048058073,0.7300584789146204,-0.010113952981933698,0.059442307794351223,0.15302034280726906
85.75122119140627,1.0003134139178085,0.9297129239906914,-0.659775288538546,0.07954111853018168,-0.08683714577764022,0.17915248635576844
85.77122119140627,0.7880067953173849,-0.6519874282426708,0.012934025414301472,-0.19162502159199252,0.1262689406220778,-0.10916545321447953
85.79122119140627,0.5543276223605041,1.31332707775456,-0.1419767619649358,0.03252397759345419,-0.1346644518948263,-0.18330603918431887
85.81122119140626,-0.49755021889092044,1.258192052336219,0.05339310734846715,-0.14088909636263186,0.04617644846082072,0.33267881360687174
85.83122119140627,-0.3223361041517781,0.2348395522622874,-0.14743007090094953,0.023606228369847024,-0.08191433671620214,0.04538880100442561
85.85122119140627,0.4742226515209729,-0.41157583391478475,-0.4654071892270959,-0.22915791093851062,0.03478824972735975,-0.15719742024888697
85.87122119140626,0.46421285141493035,1.1815822443220645,-0.986538166362628,-0.04376358836423132,0.01999668078609807,0.0523372749382459
85.89122119140627,0.15371344378300292,0.5246930043281613,0.041406264622820946,-0.12978517115780674,-0.12216268056116555,0.1478965368263389
85.91122119140627,0.06382104633891014,0.5577388270992539,-1.784744092956741,-0.07589602507576508,0.0701074738527007,-0.08779614542350776
85.93122119140627,-0.49249549923509556,0.5232916595426779,-0.03582910548142312,-0.20504407407199912,-0.06806042847585339,-0.019849443692916423
85.95122119140626,-1.0753506363251537,0.814699613568073,-1.1341403128159964,0.00525043276769665,0.06253331662439328,0.11475286721453644
85.97122119140627,1.3550890771509374,0.2465243352986154,-1.1548084979507032,-0.1776295625174502,-0.10000076277949516,0.08467246507057054
85.99122119140627,-0.02727695393374305,-0.0832327487319068,-1.584233610737543,-0.069170213194329,0.04563269818657135,-0.15026774263080767
86.01122119140626,-0.3515897175784497,0.5143084090656768,-0.727246881708674,-0.13094158186428073,-0.0804179057033372,0.039862656646306206
86.03122119140626,-0.12813714259949735,0.7497590755830743,-1.9468765849330747,0.012509658156977953,0.018655278539343397,0.18826385368656398
86.05122119140627,0.22250485424197847,-0.60237520586133,-0.9351351732261701,-0.13016394527386765,-0.09331812563812664,-0.04101218352717252
86.07122119140627,-0.2510010572311091,0.1776606769975702,-1.8466869509639239,-0.03917560737671357,0.0885611100180301,-0.16571233380969044
86.09122119140626,-0.335421323221815,0.9102262084488497,-0.6396665205654345,-0.09301092491920672,-0.08744952020134934,0.06542057835911815
86.11122119140627,0.2010895843495693,1.0559602563296124,-1.4338538634785436,0.07456772767709147,0.017421044760535125,0.16568181443316715
86.13122119140627,-0.01813329411432253,-0.20952404424933618,-1.0019793383281268,-0.1174289987860606,-0.000474595270857778,-0.10519569597274663
86.15122119140626,-0.2006561771736612,1.0737266011327127,-1.4258066931270168,0.01582864280015502,0.012761880245783121,-0.12518231889495038
86.17122119140626,-0.9039548989385472,1.3465552319649672,-0.5781706598752778,-0.04197829360600662,-0.007792056991289491,0.09800429743642708
86.19122119140627,0.3536350948907867,0.7085635556505891,-0.9995000388459003,0.041834838009588086,0.02388359653689615,0.04811514759176037
86.21122119140627,0.04162170558927428,0.354318473020324,-0.3035214240213396,-0.07296793572612022,-0.03483979750675385,-0.13791066413257147
86.23122119140626,-0.037366445940854934,1.31687654280648,-0.669499281753689,0.015531727071934412,0.012490674586111718,-0.007577199066527609
86.25122119140627,-0.22239563926330463,0.8653792283059956,-0.2947331835975711,-0.009795440777127573,-0.008440200244122197,0.1046946326439406
86.27122119140627,-0.4848541699367252,0.40253822855388327,-0.4181158145810115,-0.02184560401909928,0.043215233457476604,-0.08544717649106444
86.29122119140627,-0.6129906951303009,0.8489896170613799,-0.33204202007148054,-0.029092232109215167,-0.07382359185105487,-0.06993884743703027
86.31122119140626,-0.07881292995436966,0.7518425722510752,-0.7050247548508463,0.0061756651233061295,0.044662912822607835,0.13323364146401043
86.33122119140627,0.16386753294194295,0.21095664506207248,-0.12654991638215624,-0.04644816718154644,0.05831306065755789,-0.06652859172107463
86.35122119140627,0.7327092361593722,0.23750398813608625,-0.8675717739407713,-0.035382893783016754,-0.027858799855841002,-0.13750158265691945
86.37122119140626,-0.11707767922169168,0.48431195083540435,-0.657274648440754,-0.03712576232274963,-0.009038295075692138,0.08690740629408882
86.39122119140627,0.36901679806844073,0.0018553934827486372,-0.5510686001438256,0.005951130914620302,-0.008022018452065967,0.04003507048630526
86.41122119140627,0.7904845094048505,-0.553714192401455,-0.8645183966172163,-0.09420571969508684,0.03263528568077322,-0.16057081683340307
86.43122119140627,-0.13903134737383177,0.10920775881870794,-0.36601737934310713,-0.04631378755423772,0.02408027395815593,-0.03371373475676454
86.45122119140626,-0.8376912268364772,0.16356002682106716,-0.43362368949402413,0.008809007247917547,-0.06974850546261482,0.057526355023228046
86.47122119140627,-0.31647609968522594,-0.11176434619297551,-1.0701069253416566,-0.07436562350702403,0.09688868006816857,-0.03460664562769451
86.49122119140627,0.5090412214391359,-0.11269013029005358,-0.615435026213833,-0.04196664435521484,0.04743803730192271,-0.0889373720051073
86.51122119140626,0.83504116716033,-0.0938473245891263,-0.5352372855093862,-0.017157076940271326,-0.1004210381968303,0.014315513536171866
86.53122119140626,-0.19710547428222064,-0.0905981026434565,-1.0943848037331556,-0.028300369969009198,0.09679959638189618,-0.011449925369281026
86.55122119140627,0.20456797629689,0.24334319757584533,-0.4815146154455595,-0.04322613208811247,0.031120951934250785,-0.02463191821132187
86.57122119140627,0.27059133249104317,0.6093603133916322,-0.4123456276357393,0.014046889818425248,-0.037586640918775074,0.014012704525454838
86.59122119140626,0.18135032851038618,0.1337490742305337,-0.9377400429472666,-0.016761998489234452,-0.02823401376273022,0.007907524656367435
86.61122119140627,-0.029643945108651606,0.0792121884282273,-1.1540943780549446,-0.02212046113124194,0.1269890298103704,-0.06368648458813125
86.63122119140627,0.006846423209090179,0.39607019111882885,-0.08407821223282491,-0.022453795296960802,-0.06453525600652621,-0.08907407375775667
86.65122119140626,-0.27436415940003994,0.9887371293260919,-1.1161918396804111,0.06465889182878999,-0.007830144639574271,0.03774299820976722
86.67122119140626,-0.3901237627269586,-0.14912342614938173,-0.4033463866588154,-0.05439180479773395,0.11884740397823342,0.03686507216801961
86.69122119140627,0.9667551223020927,-0.28464418005669806,-0.19656598633726372,0.0685972424844179,-0.11813514501900721,-0.13976842635729156
86.71122119140627,-0.3686408017005559,0.48769243558799447,-1.2169847010317931,-0.0474656690730929,0.1840159368390584,-0.05465334175590579
86.73122119140626,0.6896161052115066,0.5659236713703468,0.457112148637183,0.029632558085539756,-0.07498271187383075,0.08612839792689321
86.75122119140627,-0.09588290244897879,0.5135929244214811,-0.28384681825499014,0.0762396769346313,0.005683922994325222,-0.01019715130437404
86.77122119140627,-0.6542461218157353,-0.5300868001859684,0.14058624086291932,-0.10789647530983895,0.016795005893057102,-0.08887195093943905
86.79122119140627,-0.14222858680612735,0.4199439650250348,-1.1553825649867118,0.09317111483696686,0.10976064217229352,-0.05935947763444696
86.81122119140626,0.46240704595216914,0.1942514754640553,0.4682807621077585,-0.09155417432978116,-0.1605021041435591,0.08073439260115145
86.83122119140627,-0.0027524573179760047,-0.17120810142142098,-0.06739075348831228,0.07160670181994495,0.15646653867300236,-0.036041962095841
86.85122119140627,1.6630256869437516,-0.36501148818957363,-0.5475480473930292,-0.04611700201572932,-0.21756210976670445,-0.0844754941908105
86.87122119140626,0.36773735354644516,0.04767214792076896,-0.9989845899450551,-0.01553465368208489,0.26115995072840786,0.12508672833228737
86.89122119140627,0.6205234778523747,0.5130696409883597,1.191966112493835,0.016863226126644544,-0.2224041680897088,-0.06595470351334912
86.91122119140627,-0.2757902283927789,0.28800178134724713,-0.7587739631404244,-0.041638271958536026,0.125557162157407,-0.01316720918716435
86.93122119140627,0.23902693532075198,0.715778274643035,-0.3241836108938018,-0.010571218790171881,0.010861061967164767,0.08728883028368979
86.95122119140626,0.1570679457613994,-0.3052053280713697,-0.01526487810700636,-0.014354926963193104,-0.012388481395582226,-0.02234335830347988
86.97122119140627,0.42692184782870524,0.147689118386877,-0.49605315526243376,-0.057438061821534984,0.05761361878109397,-0.12378099552597942
86.99122119140627,-0.3219630600346994,0.23519538810589893,0.4873742337970083,-0.018317180598078506,-0.06286115899645447,0.07504990191544869
87.01122119140626,-0.2629255044732232,0.5749137365611753,-1.0773701617637181,0.07967646108595362,0.030346460326272993,0.11113093986125153
87.03122119140626,0.03587699827140472,-0.500356940127927,-0.04694636846045892,-0.14284009051991792,0.08872147347911574,-0.04346168668456844
87.05122119140627,0.6091490408033228,0.4752742328451513,0.5064929557751744,0.08455333742304033,-0.1043248171595991,-0.09780909897721972
87.07122119140627,-0.6672991680834545,0.6777736673350347,0.307592901846978,-0.057111534014310274,-0.014935751559955796,0.1409941771266153
87.09122119140626,-1.8883964915244973,0.46518547574886965,0.06177754969629629,0.02584537984429205,0.09488130280713454,-0.04241269412401078
87.11122119140627,-0.3131445868857444,0.2991623257306204,1.0895025120461646,-0.08403518856554842,-0.05087627485147676,-0.07749460330652631
87.13122119140627,-0.12787521616304454,1.4653667161952781,-0.8254558918282041,0.05431508905137849,0.07782507635726676,-0.02875926194291276
87.15122119140626,-0.7731438556925284,0.10196805847773144,1.4426564976082157,-0.12562133023644512,-0.07359342745113527,0.05433888821257269
87.17122119140626,0.21076740575634403,0.6429385829544851,-1.1570058299688546,0.1324503948115632,-0.03600000059248759,-0.1288426579761743
87.19122119140627,-0.6730523857415497,-0.992747064529144,1.3952614096965972,-0.2701266939097218,0.06857978898956328,0.04983231277940112
87.21122119140627,1.5085795056890885,1.3615507343782618,-1.5338259618844088,0.2664509906063822,0.00032645613254790546,-0.06743999477092891
87.23122119140626,-0.1570726874006665,-0.9307185542936354,1.4962634667722639,-0.3846863162067696,0.11355558248669943,0.08790864987724892
87.25122119140627,-0.08750031508284535,1.1283169636765005,-0.44761276012066786,0.28143686409440083,-0.07412826592643677,-0.25874777374937546
87.27122119140627,-0.7664447906862074,0.06436727462660503,1.542678972667838,-0.3612838564607323,-0.009916224358625221,0.14315064749517786
87.29122119140627,-0.7133492336998963,1.8530588972982807,-2.211253274455007,0.29805007017803853,0.17546139733391597,-0.0744517217755968
87.31122119140626,-0.026715159050580885,-0.926395745181384,3.183976646843194,-0.42062075173566077,-0.19251299794280216,0.06664481253928714
87.33122119140627,-0.210344632475649,1.1124693416952887,-1.059048386403703,0.3419801275486666,0.10758835539383878,-0.19160888907418386
87.35122119140627,0.6441172647895345,-0.20209671541359228,1.3927843346383186,-0.4561421691002379,-0.010646874338788217,0.08764146101215003
87.37122119140626,-0.19969472065846627,1.259687119819256,-0.6037551956362524,0.2998572516224556,0.11716539322276837,-0.06671346616375151
87.39122119140627,0.18658752774225942,0.10738977742236602,2.2141361731915135,-0.357193751929318,-0.1938627124065132,0.029552398422527455
87.41122119140627,0.09727195273927584,0.6982769684512438,-1.4377735754230747,0.1627807816359474,0.2028204502295584,-0.10091044640858199
87.43122119140627,0.3696168921237995,-0.13921946026358534,2.069920713822655,-0.30791682150094535,-0.22711173123348324,-0.043696807252746564
87.45122119140626,-0.6328430709940764,0.9416308604276713,-1.493251035094168,0.1750520232042067,0.08539072156621881,-0.06097574176395068
87.47122119140627,0.011526697004905984,-0.049781189181491145,0.7940819789108643,-0.28610708119926104,-0.02554828534229915,0.0956172874787464
87.49122119140627,-1.4014934914216413,0.5489897732301218,-0.3241619341619936,0.14804352671866816,0.00414796879762284,-0.21639718747793196
87.51122119140626,-0.6296993167668934,0.810668884331477,0.857623779410128,-0.2440716562218719,-0.06453489964732959,-0.047349419516903454
87.53122119140626,0.17152032880688534,1.1279287466798944,-0.8625027703131244,0.13462241278835807,0.09975473658667154,0.05627240301150567
87.55122119140627,0.248501219792536,-0.44073380215523617,1.423225266683479,-0.19367210092039636,-0.06751838456070809,-0.06679525407469068
87.57122119140627,-0.49019556543962167,0.7363763703920034,-0.010010471406937747,0.03136330144088856,0.09579674989010442,-0.24446132625120257
87.59122119140626,0.5331862531805875,1.2188683383822194,1.201736797308459,-0.15049290687776695,-0.019228644896592675,0.14324950844135548
87.61122119140627,0.48670880785878184,0.26345362384822657,0.4341441912324811,0.06772802207336763,-0.02162121498802283,0.07135245243936514
87.63122119140627,0.015188016489395138,-0.4106574106021444,0.43967556066689634,-0.18571511167079083,-0.024253976071142574,-0.3126138037634957
87.65122119140626,-0.7510607782127026,0.9673658732064705,0.37749069015041614,-0.062287066462786866,0.060860492710769834,-0.08540818413417943
87.67122119140626,-0.5181327490222523,1.2026443486047378,0.11280258260693385,0.012639617495735387,0.047968263422325304,0.20603146679469103
87.69122119140627,-0.05431238511815574,-1.181349116893652,1.041652514663821,-0.11290634207892633,-0.10782581217106502,-0.05577666889155421
87.71122119140627,0.8026211571106898,0.45858565645949295,-1.4526707264972054,-0.004540494013255297,0.14610562004285513,-0.3044682015129345
87.73122119140626,-1.289845763172455,-0.2643789527944451,1.6040813404057452,-0.18144015342053288,-0.043563068100778986,0.05458860404956805
87.75122119140627,0.30449733539577667,0.7806863702175214,-1.3980353955533598,0.24729365681096183,-0.11421820484423038,0.055457943009429425
87.77122119140627,0.10611712835727631,-2.046902384614109,0.466085254063899,-0.3372086917450343,0.16729661828826622,-0.07235350387143188
87.79122119140627,1.198264923565284,0.5968774224355438,-0.9407350944515778,0.2598260189996449,0.010703225279241826,-0.2485959129749203
87.81122119140626,-1.1838156249461085,-0.32386130060251084,1.5594250710363464,-0.24824007511423213,-0.08621540994697284,0.12937749960902595
87.83122119140627,0.5088168578049613,0.4068870697459136,-1.4205005681105338,0.2880833241636563,0.09118781074240091,0.033698464483682584
87.85122119140627,0.20935856815934853,-2.1592997532398464,1.4926187836007607,-0.2821993800692561,-0.03254116410061193,-0.1466890269841366
87.87122119140626,1.041472851342546,0.4833342554766579,-1.3327136670244937,0.2507606486433031,0.08178149726522695,-0.13073202389803926
87.89122119140627,0.31303729444916734,-0.40734362156894555,1.0137062899828075,-0.14860634738700404,-0.0966361529663707,0.2320201664740328
87.91122119140627,1.0564970544950114,-0.5154433220965453,-1.2373128044140462,0.2147541692329339,0.17776180884462509,-0.03762883735327585
87.93122119140627,0.18404411683275226,-1.4137694472201996,1.592551997599837,-0.17300518529491737,-0.14285455554985424,-0.21567570295767424
87.95122119140626,0.3375912900539326,0.9228402270178022,-1.2564429489965128,0.244669633504739,0.0839319189410971,0.07740505891589443
87.97122119140627,0.8127571831318932,-0.4264788468263149,0.7566004680676488,-0.06040492492663972,-0.10382567946440549,0.2241876791740414
87.99122119140627,0.3326005781665248,-1.0989935603431307,-0.6193809681670067,0.16621898512290886,0.16897380169198964,-0.1852758650263403
88.01122119140626,-0.09372282902284537,-0.3495389071108244,1.1257064058646475,-0.07370882708425874,-0.15782717625964765,-0.19670807398510842
88.03122119140626,-0.41565493500245493,1.1087955656718067,-0.3191083153206367,0.20913636250714923,0.15465634610249696,0.1782622176602008
88.05122119140627,-0.10949851898677451,0.04902982642892976,1.5266878148554737,0.0036203250792017387,-0.0640656072846127,0.04592580808865564
88.07122119140627,-0.309911987770304,0.016381757859127054,0.3761081036964796,0.08899179139368119,0.14655607668343254,-0.22683907634590394
88.09122119140626,0.25590346695591565,1.0242069445490467,1.738904343669688,-0.014554519229817604,-0.07511636916345807,0.013266978528184587
88.11122119140627,0.2528460384197427,0.6519489378627802,0.9278358796882253,0.14717454549522538,0.04985357794758739,0.169061094272721
88.13122119140627,0.6165895102474517,-0.2591451750754833,1.2220132551851124,-0.04654156142659369,-0.009848676078205798,-0.09867807511399453
88.15122119140626,0.46030080917555954,0.1353771477798219,1.5756599707929444,-0.012180187180647064,0.027677177663162515,-0.10416003675666329
88.17122119140626,0.23223070301607165,1.4249888438740625,1.4312280965628967,0.04813053693151766,-0.13500113728017474,0.07600120263328897
88.19122119140627,-0.3400015781293816,0.024497898303880054,1.1316689051935436,-0.06323131985435561,0.10297710126106215,0.16783010883129865
88.21122119140627,-0.05948892315665055,-0.1130086187660702,0.9736836818153092,0.024190948029927044,-0.03440017275404036,-0.14086158605198154
88.23122119140626,0.4930565356737362,0.1316128147427297,1.5381915110238396,-0.14384916129605832,-0.06804919140608326,0.0036980397983477223
88.25122119140627,0.4828611611076973,1.2236186548188517,0.21047317247562175,0.07003596306308611,0.11764684923393662,0.11733750287064733
88.27122119140627,0.8137594621886312,-0.4989137877357011,2.118333800946512,-0.17964042395317473,-0.17241082043414435,0.09639279808135334
88.29122119140627,-0.05569277922637172,0.23967934214595538,-0.23739233809508586,0.05019221633411891,0.112732395954945,-0.10996998466972423
88.31122119140626,1.1813061877328805,0.10440391136232036,1.502099721608206,-0.2369132969441067,-0.1265241291279308,0.12257156997450569
88.33122119140627,0.8350400938249996,0.36540349069894723,-0.3190570892416883,0.11524124904788886,0.10014774025955449,0.13232037860124257
88.35122119140627,0.5792615079329909,-0.5304563016195543,1.5319925464876822,-0.2727158566489279,-0.09429337182585278,-0.02598950599239356
88.37122119140626,0.4433669013706607,0.5797417238038096,-0.2342367535761914,0.056449658485169474,0.06692101588845263,0.03279658379926628
88.39122119140627,0.7611886894560846,0.19417039693708738,0.9194739435566445,-0.1650776382494568,-0.1745267242002119,0.19948947209975815
88.41122119140627,-0.5745759420937553,-0.49170172617678337,-0.23632288664327405,-0.01347603422565854,0.1017673443901551,-0.042962773654503926
88.43122119140627,-0.21062761759523504,0.376735678884677,0.7168041128839386,-0.15176326904546059,-0.11489898835805885,-0.07424015183031615
88.45122119140626,0.9147079615529627,0.7367807386188643,-0.5153972235936768,0.0394441878339014,0.04902600188477143,0.3121125164464283
88.47122119140627,0.18293841246345513,-0.3224439256525569,0.19065195591487544,-0.0457646254198481,-0.08842371765407035,0.0688599923078597
88.49122119140627,0.6051583661787185,-0.3729134657706678,-0.2527610278157232,-0.0890608300624666,0.10092616284802917,-0.091822761801409
88.51122119140626,0.07977839692779032,0.9499593771169604,0.5383591727932843,0.007947981707460201,-0.11366170562249527,0.04865742626641546
88.53122119140626,-0.20931117130669638,0.6167440991228973,0.059782731992257,0.015502959292227062,-0.012967597002136124,0.25845124246151957
88.55122119140627,-0.2394101409035079,-0.17494301232945061,-0.3097426159605297,0.0005472828558097206,0.08363558892142471,-0.00779228338396711
88.57122119140627,-0.3933981477716524,-0.06961480420943579,0.9899406716712448,-0.07503902605796967,0.012400996307434898,-0.09630205044585032
88.59122119140626,0.031064606410153437,1.2194594313603597,0.44062414337999506,0.08627729996897433,-0.005954313117711556,0.15296261769102135
88.61122119140627,-0.4738204698889754,0.4315581948033825,1.017026531704786,-0.038633591250318414,-0.024287532673197495,0.11860739293810721
88.63122119140627,-0.3930856640324654,-0.12963410249874877,0.588444061341019,0.02386421688331517,0.060457142534741215,-0.07716002687986766
88.65122119140626,-0.14814450029195056,0.5654421431385109,1.1302164659768048,-0.05699124951158439,-0.011393449484686324,-0.0001184951524976256
88.67122119140626,-0.18277069989418757,0.6688704616020729,0.9674517784009307,0.04438916264679675,0.05237895402719326,0.14051881785098322
88.69122119140627,-0.09683064556246951,-0.044668182025982134,1.1440641930910729,-0.03401390062145317,-0.05524409963466824,0.003105717345553944
88.71122119140627,-0.30448583080518293,0.005461524324634226,0.6027841949213165,-0.0408061600804071,0.08418335625449651,-0.06194897766483047
88.73122119140626,0.21210402042460152,0.7255878870607961,1.0268925732696683,-0.017606281844265593,-0.056142484108909096,0.016804394551827286
88.75122119140627,0.23530477754571533,0.38156294647014277,0.9564112718257757,-0.029419910694510457,0.0565483214541826,0.13550812439647777
88.77122119140627,-0.636457190179127,-0.19390084841789829,1.0894007533942822,-0.021392729812108133,-0.08231814288819674,-0.11416209511530917
88.79122119140627,0.18748170730561226,0.321476127165695,0.5345076441734151,-0.08764637385468901,0.016210470464094014,0.009598804864368787
88.81122119140626,0.4889287563910438,0.4634276473484003,0.6632705075006963,0.022702730690349567,0.0020518405575010324,0.1338287352776388
88.83122119140627,0.37182112570945425,-0.4281294002326524,1.2588195400552105,-0.09990178754129128,0.008479748315513414,0.006220138835671066
88.85122119140627,0.633422135278759,0.43186161768972936,0.6713675767538748,-0.0446015378650781,0.0033097264256091202,-0.12492240287984904
88.87122119140626,0.35904373979715043,0.6845960933635307,0.8348147857449519,-0.07382923178391818,-0.03725583443850793,0.13236694216836695
88.89122119140627,-0.1135504290503215,0.10517584119070261,0.44954896853477533,-0.0005039274968144112,0.04668745438957503,0.11692052515018463
88.91122119140627,0.7856593826169918,-0.4440307789713283,1.0044810695898665,-0.13337948319610268,0.005382086018202684,-0.05293332084963467
88.93122119140627,0.35976353863154464,0.5561747117559853,0.7848872507813678,-0.04230521375574363,0.01012754117394948,-0.0808846465878747
88.95122119140626,0.6263017999133307,1.114309629131697,0.674306850612033,-0.07450136236505488,0.0036609604174630203,0.16583108109246977
88.97122119140627,0.19723137017779963,0.40325099894667504,0.4727559171598376,-0.025651594895944888,0.011252911806816108,0.06279205502625873
88.99122119140627,0.20128401101385338,-0.14590222773254424,0.5426332553635974,-0.10172560871882988,0.025426404286938657,-0.03892316447271839
89.01122119140626,0.5557116090090884,0.26599648043995555,0.14664067696119265,-0.019064168136148862,-0.03887384885201893,0.05621222391014654
89.03122119140627,0.14050839783444957,0.1597268746977148,0.013187014183270994,-0.04846386621179681,0.06699954843973867,0.09187140908154821
89.05122119140627,0.28437053573354654,-0.22153297906964062,0.5532144696319521,-0.042784175651144035,0.003187883072115149,0.019630556941723217
89.07122119140627,0.5287719990801762,0.07485464936660259,0.17305829671200118,-0.009698191692755015,-0.03813838807304553,0.014913392603651652
89.09122119140626,0.062337852797087236,-0.20652625999040933,-0.05379711051887905,-0.03628770884792383,0.020690352964068112,0.08142485947376489
89.11122119140627,-0.1939586235531334,-0.5125793655948935,-0.18225159792742196,0.02463782655949839,0.022256375788717288,0.049436987568469426
89.13122119140627,-0.0290455323406856,-0.7640469859794061,0.12454983262112639,-0.022387939902930455,-0.022723071729737147,0.02351935371250139
89.15122119140626,-0.23854927868228915,-0.5921183148327392,-0.1649373107780386,0.036066245379024385,0.06481814534024613,0.01589367085835122
89.17122119140626,0.4743265271326942,-0.7127262831856594,0.385165414748497,-0.010294552382545391,-0.010602534518726505,0.04181712103109659
89.19122119140627,-0.019158567980115514,-0.5966032211539098,-0.17937173062825285,0.0801864332326886,-0.00667430569098154,-0.007181499227964226
89.21122119140627,0.18993832605278785,-0.6714148242469021,-0.2504120143299173,0.002999379732986159,0.03549498587471963,0.05889764890272774
89.23122119140626,-0.13725591877649243,-0.7654095562307822,0.35385715688970626,0.0786913679030749,0.04753270831803807,0.004734087256471776
89.25122119140627,0.49331472345133165,-0.4658788430729932,0.5661151212231701,0.03263500859308751,-0.013148526319334556,-0.011814506306776334
89.27122119140627,0.09634571053642439,-0.17478878389397645,0.23819154235715523,0.07530519593505067,0.013880467008390253,0.005113542393420397
89.29122119140627,-0.055717207510094284,-0.016005709254823978,0.5704311680058484,0.06414638127204018,-0.009985501683913609,0.04807119014291457
89.31122119140626,0.7388848844476386,0.21008993634500445,0.2976095763638628,0.09236354670417286,0.075250021572659,0.06431812100992984
89.33122119140627,0.30254817882364227,-0.30628746398020545,0.8831945992986511,0.05287347601888426,-0.04958672191663093,-0.025029846758375905
89.35122119140627,0.3228238630338964,0.17488362647270156,0.752171675953889,0.0719681499912482,0.045535395832042316,0.023281858878970472
89.37122119140626,0.2599490794047357,0.22506034339654546,1.3198855000673895,0.06094668259620809,-0.006886733589286576,0.06487259842757104
89.39122119140627,0.4040200756309338,0.2892728724187796,0.6139396501287481,0.08037940890902881,0.03875232869140705,0.02623553402222832
89.41122119140627,0.026508510348501074,-0.1588926366261124,1.5874621319212925,-0.0048225448622869725,0.010010989222231238,0.03446089285532674
89.43122119140627,-0.02185068286371547,0.3084319983044705,1.3237551374126304,0.09727686533175764,-0.03690135606944707,-0.019418130481077336
89.45122119140626,-0.034914363728887315,0.2132328250973228,1.4568345174890656,-0.0570635087515495,0.10798240720368159,0.05721343584828339
89.47122119140627,-0.21001441832794662,0.14437412468982969,1.5273658814231792,0.0714999449494344,-0.008890720573997367,0.015903394126755992
89.49122119140627,0.12396402855098551,0.04885088705484312,1.7542709235365783,-0.07308564449944499,-0.007685089080959121,0.029416848969368456
89.51122119140626,0.2656536469151028,0.3816999535228741,1.5190682306229522,-0.0032137916204741934,0.03523625939988861,-0.025921247493127166
89.53122119140627,0.07503509048096285,0.24964946341123934,1.5068154563661271,-0.06965297977334335,-0.0014622702210916338,0.049294896780286715
89.55122119140627,-0.26377061626320897,-0.009276301931038983,1.1901874475260028,-0.03730428114540863,0.011046177712466035,0.05038326688137927
89.57122119140627,-0.1749996918735569,0.10910132660797785,1.5502327554287478,-0.10476256118622489,0.016680388903617727,-0.05259370262202326
89.59122119140626,0.26039708575436965,0.5279250420592346,1.1710242859131204,-0.0699121033292388,-0.013849070288919994,0.021570501867869536
89.61122119140627,0.15833819388708076,0.2541286198440557,0.793618133621317,-0.06807389340288081,0.002468710049838177,0.08990565083319452
89.63122119140627,0.2433151566008501,-0.10679782751340147,0.7501889095298092,-0.11032758529276825,0.03437248717055208,-0.026183173879873747
89.65122119140626,0.6017107945162552,0.4087750541444555,0.689261288765822,-0.084134965304724,-0.017340193508176713,-0.04147785325046984
89.67122119140626,0.33477077123035814,0.28406566398058997,0.6236879931183633,-0.07876183024343064,0.013363413529110336,0.11638114456951258
89.69122119140627,0.5807286809021305,0.08735084473372691,0.2103680796083433,-0.048009092548340924,0.03345572306802312,0.05352641067082649
89.71122119140627,0.44732675240601133,0.09431722991194409,0.638397386023118,-0.11788372056863523,-0.01606613617711223,-0.06665929991183715
89.73122119140626,0.39364480853888884,0.7564729875200844,0.6418532245500719,-0.048388521829893644,0.03736139264533664,0.036366814062757595
89.75122119140627,-0.6542775948583245,0.5475437122430196,0.9860260763243278,-0.05499230867520449,-0.05705748483669703,0.053495934432247545
89.77122119140627,-0.432858710600826,0.4365441973538507,0.3908543741686965,-0.05952349072985173,0.02791657172321654,-0.011582414095061618
89.79122119140627,-0.5840167999484654,0.44919495097730244,0.7120689454836229,-0.05270339214597581,-0.045894927973410764,-0.025630282345662798
89.81122119140626,0.3402872408584853,0.34120575901221717,-0.23127067125667147,0.008168447231773263,0.015035745572327622,0.13294783352442627
89.83122119140627,0.5502858058652662,-0.5596917310853076,-0.12321247768018839,-0.034729682372518896,-0.0075521761050176,0.0026580526652693203
89.85122119140627,0.43328399030114784,-0.5745355383238814,-0.27523301029355945,-0.00664472007823197,0.00558857259028697,-0.0990997829877733
89.87122119140626,0.8558212483534753,-0.02755566928580106,0.1073853497346393,-0.004651412489023812,0.022050963254549756,0.07119634157173807
89.89122119140627,-0.0844826788427623,-0.25548914063538636,0.09556121705782847,0.06923496161106348,0.014900182108955044,0.06457509380310075
89.91122119140627,0.5264394475262494,-0.6200743091094877,-0.033921128408781545,0.0011865621763784853,0.0007092097034137955,0.007023651588986343
89.93122119140627,-0.0949274406081331,-0.4988399333004451,0.18326719194305963,0.05155815667036706,0.039819804192697185,-0.05476251493237581
89.95122119140626,0.0011736122053942995,-0.2467320603805332,0.5747545082817908,0.036728077243281226,0.03564373693467921,0.05104960472778854
89.97122119140627,0.09257920397311308,-0.25407379254045476,0.44836816929358025,0.08295377199673551,0.02825237064264517,0.04359787116746351
89.99122119140627,0.8443818362626498,-0.34944795832129943,0.40345860660463234,0.03239498444234071,0.03202655862879736,0.0030121712796988827
90.01122119140626,0.17072856606557052,-0.5387118508545587,0.9909134786794784,0.04812188537718912,-0.0039552733317904576,-0.03234316404545408
90.03122119140627,0.42492759128590496,-0.043255211465689995,0.619244507457714,0.06959128157454161,0.041871608481961455,0.062454738643684476
90.05122119140627,0.6615881075599366,-0.23630495235841406,0.907064128868902,0.045316960996623766,-0.027581508857643013,0.062075515513612255
90.07122119140627,-0.2661436222852478,-0.3140456644273874,0.6833734985815929,0.06239047628807765,0.015956246136777638,-0.06997714931261853
90.09122119140626,-0.738649532565696,0.10550684314493129,0.7961500481784013,0.01972264396526696,0.03186302136175441,-0.007160724162831048
90.11122119140627,-0.038159202761155385,0.31247752467119233,0.3900455688668173,0.11034739987746976,0.015933990892184113,0.09358433557112072
90.13122119140627,0.44719041209695204,-0.5440472882414307,1.2959794332804748,-0.0005671404098232822,0.010557443926089928,0.0015837640112076157
90.15122119140626,0.6044921322548383,-0.18961204522454314,1.0975141363255903,0.05739863934012347,0.06142670608651867,-0.06332321770995145
90.17122119140626,0.9480398874634416,0.07090683641208644,1.8319618660436048,-0.009351340616460488,-0.07214832693619169,0.09073313808296526
90.19122119140627,0.11243598154465763,0.0026742685060018767,1.2043079186763692,0.05515437843460872,0.025182947925699587,0.03880314834321145
90.21122119140627,0.05318391724294523,-0.22769345417591455,1.5539058904616156,-0.07159223589795423,0.01338554788242422,0.0039785161822303485
90.23122119140626,0.8459006237763913,0.1688322916931379,1.2716262562784142,0.027320476891677027,-0.007110967249127123,0.09346393239910555
90.25122119140627,0.4460082653354106,-0.17886513656406017,1.409059610395614,-0.04958304662014006,-0.07187362159502365,0.05982661995581131
90.27122119140627,-0.012461346526399287,-0.25189791135784634,0.7385877003716275,-0.04338271786107294,0.05239538894964928,-0.01446552076765506
90.29122119140627,0.047941574270001765,0.1920972559687417,1.469436582404892,-0.07155304737345196,-0.026983311761165037,0.039693453883209696
90.31122119140626,0.5180783431530865,0.5370885089049865,1.083250787434391,-0.008888121856689442,-0.05560838131637942,0.10731967964759025
90.33122119140627,-0.1258247248348963,-0.1003446612313202,1.0350065394955479,-0.08821142817542266,-0.01907390999105579,-0.002789921410534173
90.35122119140627,-0.12342196674191294,0.3409561763579223,0.5855927515992757,-0.058108092163060815,0.05897282859791902,0.016884203625710664
90.37122119140626,0.5069467693342625,0.45735393899024507,0.9248232477994105,-0.05509094183311091,-0.0478889300845764,0.10498953934462783
90.39122119140627,-0.5076038688307989,-0.11360403549388853,0.49018792543697576,-0.0409663170986154,-0.03784313221722745,-0.015561213502692305
90.41122119140627,-0.5248493242516288,0.14711694852047472,0.26968904995188,-0.09119700618377014,0.044542161443195845,-0.00360927066892646
90.43122119140627,-0.25929434131746315,0.4894118318475916,1.4440390917080996,-0.04541075372913219,-0.05682865765450872,0.06723334513070298
90.45122119140626,-0.2771256850403059,0.4329767744081573,1.1972829271762744,-0.03811254158001356,0.013954420453271988,-0.0026409952196839153
90.47122119140627,0.12198328778967764,0.15726103384545284,0.1344668799425583,-0.06604971179392412,-0.013289190834944741,0.0005677800947693029
90.49122119140627,0.4168549359992105,0.3720662409337723,0.3873735638298678,-0.026344110388460656,-0.003176115373842307,0.10605092791053354
90.51122119140626,-0.21458169938193963,0.30284695505154635,0.43349370924808145,-0.007553741602633326,-0.03986865761918537,-0.017810212808108933
90.53122119140627,0.4513964835241415,0.21726118024819716,0.5865085103144116,-0.0805853250800672,0.029601405625770537,0.02370746542225344
90.55122119140627,-0.23381911182538986,0.470648556657378,0.7811776571922868,0.04225959527226175,-0.01402595137926326,0.03543842701300667
90.57122119140627,-0.06784579017395162,-0.16121687985473174,0.38483385724652697,-0.047535079732744026,-7.016228154081731e-05,0.07747472564528192
90.59122119140626,0.2750759096173849,-0.16145731291197873,0.42243434562255944,-0.003456028438400321,0.08369155301907813,-0.011019868564137954
90.61122119140627,0.5930700459145187,0.15446414503693154,0.8302869916512138,-0.019335757138327605,-0.0680390706847999,-0.021900999154604295
90.63122119140627,-0.5006351213544412,0.37914584913404825,0.21009438831752084,0.017697464111612146,0.06187866393873059,0.044920774819075825
90.65122119140626,-0.854206788425608,-0.02555007022250931,1.0673173242146698,-0.023000895304203357,-0.02502644220809929,-0.0025513380309418496
90.67122119140626,0.1494423725999681,-0.07487106464886022,0.3086304965249537,0.05275324903382216,-0.0038167233199817253,0.03705972960343437
90.69122119140627,-0.31819823760805827,-0.5304087350148874,0.6683171443281876,-0.035666592010267006,0.04230623465124637,-0.025144376678465676
90.71122119140627,-0.754754838703671,-0.5181879389588305,0.93243094315284,0.035986479645404704,-0.07119147884639872,-0.08525141255273569
90.73122119140626,-0.9668823104795812,-0.09879128875674252,0.3386237633534971,-0.01107270647935195,0.18940494128591095,0.04685460876616033
90.75122119140627,1.7247029352523293,0.32029524294907263,0.20899770382069727,0.08711090580897876,-0.17223969182784382,0.018381576422133658
90.77122119140627,-0.5327274790062714,-0.9837067144387359,0.2679235409478455,-0.052449506182255724,0.1765991664086334,-0.10085659919788897
90.79122119140627,0.07034987843568186,-0.4410103722101516,0.908404156453591,0.06921746234134125,-0.0821312806919871,-0.05882537730060459
90.81122119140626,0.4877855589270739,-0.18596774212753361,0.5428139891830039,0.019298257699934287,0.12238974020051453,0.14179020026051356
90.83122119140627,0.8205758610239866,-0.7818188620855929,0.8499543370708043,0.05884855495994026,-0.08445862745120826,-0.06568496721292152
90.85122119140627,0.433086875939543,-0.7597316388752943,0.23812342485406793,-0.00415843991867606,0.07672474871015224,-0.043388023788751534
90.87122119140626,0.8274663838586569,0.32196123746760663,0.7898773364579627,0.06922930224429565,-0.030447580502919628,0.09213542847127473
90.89122119140627,-0.06001800108097034,-0.31779557210633824,1.2468806026259525,0.03049198064627912,-0.02178184205663707,0.025612548318247868
90.91122119140627,-0.43343976904930914,-0.6408632472072736,0.624629228969365,0.026671007975232218,0.039130512545266116,-0.0681297195741168
90.93122119140627,0.5512334275966503,-0.5730466987959473,0.7662385318394632,0.014130149028185995,0.03376580461151808,0.1077204047572716
90.95122119140626,0.29901290229671657,0.035318844484072055,0.4326134370411048,0.08856923452992263,-0.04397416713732611,-0.0444187649275047
90.97122119140627,-0.42682456107993993,-0.3099056198844083,1.5410586670025512,-0.08512540801439807,0.0765445417717048,0.003942920124269923
90.99122119140627,-0.5640672167950075,0.28039163397249345,1.1843858322535048,0.14404063880308032,-0.10041284799730237,-0.006520385226460891
91.01122119140626,-0.5949887947116093,-0.5577140156551733,0.9290069411277471,-0.08396828660187615,-0.007882619958964884,0.057953077160988374
91.03122119140627,-0.12186630710939408,-0.1461566368166316,0.6100598127376361,0.05240624181367919,0.1938659657087753,-0.047940925693748575
91.05122119140627,1.1380072235730343,0.16468907654743586,1.9590047525601828,-0.05388339717711477,-0.1763296610568937,-0.00039617035651948667
91.07122119140627,-0.3241406697944981,0.2988828367961365,0.35384017911940685,0.061063321404719935,0.07853140252734872,0.047212132528960254
91.09122119140626,-0.5399601036114132,-0.42717741074913207,1.872096977986668,-0.08495916877365516,-0.13019223809483707,0.021724978452756807
91.11122119140627,-0.22883818649885682,0.323850403393675,0.4025953146606675,0.05932882837756916,0.13349186010926298,0.014688618424543928
91.13122119140627,0.888234996222749,0.18018712506743836,1.5620265603927042,-0.10860044169274503,-0.11251570392587885,0.04301413596943627
91.15122119140626,-0.7774537387662181,0.14746541638806393,0.5618276865619047,0.05428588739538579,0.10485865121388914,-0.003187414669075364
91.17122119140626,1.589646631867951,0.39929992031537975,1.1251679839879343,-0.10169123446301385,-0.15174473079872686,0.081046803626175
91.19122119140627,-0.00030260208587687014,0.11589909194932159,0.4230274228257587,0.024422927645019743,0.044005392182962996,0.006592082782298323
91.21122119140627,-0.667460901491389,0.08087340423361801,1.5103130031827972,-0.0992098301158439,-0.05090844737304664,-0.0035340662943077797
91.23122119140626,-0.8352084915799897,0.4561069496506482,0.5166995011544824,0.013986529484240428,0.11795997793020394,0.1058749356261007
91.25122119140627,0.9237409253110582,0.20585093940575835,0.9576090627305501,-0.056390584578728316,-0.16421393541424836,0.032544879392658335
91.27122119140627,-0.1494681283653971,-0.3969881939093767,0.0003809300245869535,-0.03649110975313631,0.03966952145634674,-0.07007768649672826
91.29122119140627,-0.21622391532269153,0.1647855372221059,0.5436016610055928,-0.05097005248435891,-0.054389382241228995,-0.014411882067220291
91.31122119140626,-0.7224292211352399,-0.15899929974077603,0.3757549326620024,0.013240666514687525,-0.027170162856023965,0.0964786236178688
91.33122119140627,0.02667233448199506,-0.3804638047903336,0.16919303354786377,-0.023628799499892737,-0.010133328363439838,-0.03188568571272007
91.35122119140627,-0.1312407865965021,-0.08606175640565099,0.14137214323444816,-0.02749413482027027,0.07548014984641009,-0.03325147176046342
91.37122119140626,-0.1896097358247542,0.33106840189909154,0.6771534894984033,0.02333406885176608,-0.09641578407528828,0.03130598734488093
91.39122119140627,0.19408977786918757,-0.21329605384944214,0.4350912081139653,-0.006597340639078196,0.008409053548518916,0.05932519499147304
91.41122119140627,-0.8255284968379827,-0.1787333532781541,-0.03711626199363818,0.026357315146077812,0.006764814428010235,-0.12477018393334804
91.43122119140627,-0.07710807802393728,0.0032551014228072773,0.536867245282725,-0.03864229589183253,0.04072394997091112,0.06479949035511309
91.45122119140626,-0.4705170412628418,0.05998767160589402,0.7006621934544911,0.09855070586377286,-0.07357467424599763,-0.008333908062350636
91.47122119140627,-0.3516308075250931,-0.6277120220280621,0.6749635888207607,-0.06198290202596358,-0.03918491897024005,-0.06633933771410826
91.49122119140627,-0.1499531009849342,0.27541169803363036,-0.07727233688849447,0.08589810268828547,0.06479256645723717,-0.023370082996953163
91.51122119140626,-0.4331406253907409,-0.2718045009418963,1.2827793847636413,-0.011264103852493988,-0.13340820994705402,0.033721090436590974
91.53122119140627,-1.0933838844182981,-0.12060023907020315,0.12602711202631844,0.0955191359110154,0.0196934823083012,-0.08377776194155453
91.55122119140627,-0.3841756597077559,-0.44251184882128614,1.3169829342061916,-0.06341094666372624,-0.004835270116806121,0.004453389609986863
91.57122119140627,0.11294923801719786,-0.01833280910275427,0.22343413582045218,0.1461993772278038,0.07057008914096276,0.011405543952305013
91.59122119140626,0.637426363592121,-0.7067108269916884,0.7875191654353606,-0.0667888643088873,-0.06024193335752165,0.013060287343703646
91.61122119140627,-0.5477369149750141,-0.44809440876486334,0.14813866667946785,0.09390431324153042,0.07633898620659506,-0.11756668900874642
91.63122119140627,0.44951349202280166,-0.27118703551748313,1.1687074934428718,-0.058153975570119934,-0.0952753264230391,0.005189760047819059
91.65122119140626,-0.012259248852444934,-0.1838040234960315,0.2328896479226304,0.10941028293061375,0.033087559261369914,0.00843797154571916
91.67122119140626,0.20290955186417983,-0.6005029326228319,1.2446963750602396,-0.06611099255866824,-0.06756485240020854,-0.045753420545640605
91.69122119140627,-0.014854410403035945,-0.49966049567385545,0.11698736335967458,0.08919595386755898,-0.009138239573579229,-0.04261051140954254
91.71122119140627,-0.5218413920809355,-0.4918247519159764,1.189484078604302,-0.06767823022890485,-0.026812772485794903,-0.009699690443055492
91.73122119140626,0.3949698504559114,0.20851334505717237,0.265084680628629,0.08696869078175279,0.0008159138309520261,-0.026271070098579655
91.75122119140627,-0.01583755300029,-0.2027373214087823,0.9430041698132934,-0.07656174026027507,0.029984076744341524,-0.009740385411926584
91.77122119140627,0.3233528459518141,0.0826256940988964,0.37933008913978244,0.07829687045966657,-0.034752187456709056,-0.017380124725005757
91.79122119140627,0.8288411508768434,-0.25173205225860673,1.2011131560273582,-0.06357873776435685,-0.047018919212931554,0.09335352290135429
91.81122119140626,-1.0994598660270882,-0.2216810774066484,0.5050430782217737,0.07540226994931154,0.032801701683597584,-0.08678975522997608
91.83122119140627,-0.3064542104744745,-0.22321651774246956,1.3819725687477329,-0.10469880532091753,-0.0110408231256432,0.061204739208970065
91.85122119140627,0.5711309067753219,0.8242510235402704,-0.10202782180058065,0.12429419069201682,0.1083671933592164,0.04051017640502727
91.87122119140626,0.6119911124297839,-0.7025289721156405,1.270978237319874,-0.14834442081591587,-0.14570914854365635,-0.022680498850822028
91.89122119140627,-0.5504515545684406,0.20126873557074554,-0.0606546324306731,0.10615223165124849,0.006488654076413872,-0.10905934964204593
91.91122119140627,0.9130627605058707,0.1329321490989402,0.8456111825085454,-0.12201746927978518,-0.04650851573128342,0.19012554535446596
91.93122119140627,0.015278485719266668,-0.3088990248978325,0.24104569855525576,0.14028505998233973,-0.05314620974869705,0.022374567011506488
91.95122119140626,-0.20212023701385134,-0.8779991958432382,0.8816967069196383,-0.13569405814196558,-0.09798792031011719,-0.059432890859412994
91.97122119140627,-0.7307331712879479,0.2489526402109822,-0.03711923226654939,0.08933424209740608,0.09813020158378102,0.045595872222006895
91.99122119140627,0.3275878330175662,-0.28446811436650293,1.0973157501780064,-0.03546042066083073,-0.20603779027948896,0.11905597882612727
92.01122119140626,-0.4368615713149668,-0.6808046205395855,-0.4123215101534148,0.04134409568575448,0.09045783756323378,-0.07906006126784743
92.03122119140627,0.66343767550242,-0.09442127443502475,0.627426513335988,-0.07209525204194443,-0.06472501178073986,-0.04221058970218297
92.05122119140627,-0.06392695426288333,0.32169073850607605,0.09893007436086045,0.11702397646811448,-0.0031484483686533725,0.14323387500179902
92.07122119140627,-0.25708602199241654,-0.5206924107706482,0.5669126153963621,-0.04541760359454798,-0.058514396769619816,0.01874180989602255
92.09122119140626,-0.6732853424089646,-0.25269272014377125,0.13626921722711466,0.012146539971479627,0.10756703755442953,-0.16068551396096697
92.11122119140627,0.22418325462643574,0.9796684480980605,0.552053999519118,-0.01608207620695577,0.008279340406726714,0.05833274494364804
92.13122119140627,0.687839305681594,0.37445566984379375,-0.09628763918939506,0.07449171158815167,-0.035756263341526394,0.10782317690213218
92.15122119140626,-0.2978832553019493,-0.6617824550247994,-0.12386865011675018,-0.04027950582477546,0.055750760728295504,-0.10257311438237561
92.17122119140627,-0.4570885800670414,-0.03976134243009868,0.19595186786711993,0.013570600085890464,-0.011713781804355965,-0.04315024985179608
92.19122119140627,-0.10615383329242879,-0.08681008978135765,0.5496464208050873,0.04928370722779387,-0.06783088051884734,0.12107276726944426
92.21122119140627,0.34349283786813484,-0.4862297868887,0.09681488194498518,0.018670751093643304,-0.01991739817025196,-0.014726521535290657
92.23122119140626,-0.28770456553719176,-0.401253195873828,0.41334033176401674,-0.004009285794051858,0.012523836575539963,-0.040537429208244526
92.25122119140627,-0.6248893844041996,0.16519707622041654,0.6069890400557933,0.058692336445053346,-0.053935077105225326,0.06552767291987094
92.27122119140627,-0.11630127866138391,-0.2463011647374262,0.7002142097461802,-0.006264744094751355,-0.004752615674186867,0.05207701380096965
92.29122119140627,0.1896820064057372,-0.28520206529320846,0.36948338820195264,0.024825067547606248,-0.016372080808482264,-0.09325725422168098
92.31122119140626,-0.22737728006293484,0.14479040027111253,0.5390141375190863,-0.028407232271999885,-0.021925532171243857,0.0037785308817595603
92.33122119140627,0.045918675447046156,0.38753651651302984,0.3422483416337738,0.057292399676644665,0.00933398996181345,0.1039034559716226
92.35122119140627,-0.3194484682587064,-0.6112591828713554,1.231896295323225,-0.052362681778688004,-0.07605707240392201,-0.04669481758862007
92.37122119140626,-1.1102427373386379,0.3453131460341019,0.24754456189802043,0.025442055798380672,0.02742691678199203,-0.13635864548807208
92.39122119140627,0.3266720089621496,0.3362549487088701,0.20601649139459408,-0.04058370580754454,0.03257311165860276,0.18245883472704263
92.41122119140627,0.8058817932878398,-0.18857970056982523,0.5156701919866937,0.05684507541734192,-0.07860711097589443,-0.008561260212544542
92.43122119140627,-0.3924098020324657,-0.04317847658723452,0.5374857840972626,-0.07726798743589129,0.01686680032208276,-0.10315137914633289
92.45122119140626,-1.1609272860574573,0.6659044376210547,0.16478423337026274,0.03841703717073234,0.04832420973161229,0.09670840019612732
92.47122119140627,1.2272565727732876,-0.21217241145261284,0.7677404616613467,-0.03059152057847063,-0.07859051693770232,0.1655706217509417
92.49122119140627,0.9591238721072421,-0.5697910501313944,-0.4363047142236729,0.017349717865929305,0.0014250513670331327,-0.15347431785150267
92.51122119140626,-0.417898449376339,0.03531155831203062,0.45688948757024467,-0.11049974366510314,-0.04140225758246872,-0.014677412198396654
92.53122119140627,-0.46994498796659195,0.4170730034697811,0.2922689272299694,0.10296206347416076,-0.08113227949330375,0.16792654736544246
92.55122119140627,-0.09791570654777539,-0.8865826362634549,-0.016175166992988557,-0.08167342520421422,0.020942889424093305,0.015593698993641726
92.57122119140627,0.0479086611757071,-0.4791648598184556,0.17681792568160115,-0.027845597309838807,0.0637737700797488,-0.1483371167340884
92.59122119140626,0.028868456796597233,0.6144944748197209,0.35315514652500757,0.013616685893781077,-0.11346460375005425,0.07204550765699018
92.61122119140627,-0.28751750488221967,-0.1829463305118846,-0.5502794746331525,0.010131536608352018,-0.0024042683120192136,0.13878170862990336
92.63122119140627,0.7652139448864843,-0.5005524742696995,-0.08530922582060788,-0.0146825403532893,0.028642179666244123,-0.032215075318082875
92.65122119140626,-0.34078284529533975,-0.10400265660058781,-0.1983600522093286,0.00579084211060192,-0.04368515409237894,-0.08179320225056211
92.67122119140627,-0.4091940706166952,0.1614381210428349,0.1622916413525289,-0.012223967477760759,0.049863899721742204,0.12731592932771216
92.69122119140627,0.7404879437565046,0.2288137648838317,-0.3006257372157472,0.07052599322968377,-0.07942623112835691,-0.02235066273047866
92.71122119140627,0.1482043988461082,-0.25993102336670687,-0.30990377447570233,-0.07273596369040522,0.032441444306725034,-0.05359819138654219
92.73122119140626,-0.40104755481688714,0.3788134189607235,0.07609981782716732,0.09565143053216012,0.03189252006291026,0.10191277603583672
92.75122119140627,0.25525110641228316,-0.14190458982032148,0.248229503492084,-0.0034376273045393134,-0.07888620794424071,0.054208375077931116
92.77122119140627,-0.549748662277495,-0.17629113673986233,-0.27813037865577883,0.00967927222971082,0.08195700313311355,-0.1295662277414269
92.79122119140627,0.21642691046490367,0.03459700560249175,0.5784526893321942,-0.0025922387425651987,-0.05758931690096345,0.058704763520777685
92.81122119140626,0.035368789360095826,0.10599273281907708,-0.2421997609493328,0.08848876835932669,-0.026970754157384196,0.09640098983462714
92.83122119140627,0.20764409792760397,-0.5763612413392792,0.6200872325694123,-0.07512275936510007,0.0063097604134021296,-0.03634950794745512
92.85122119140627,-0.47674223932611104,0.1971702721591067,-0.015731133129567358,0.07490870084194955,0.016605678584674356,-0.07722356934377093
92.87122119140626,-0.0020959317372318573,0.09626683422475331,0.4223406745456561,-0.04474309438897908,-0.07440015090762653,0.1366512775778398
92.89122119140627,-0.2190073239832942,-0.3170012376158,0.11171060495580479,0.07547347296460367,0.027188810732513745,0.02214746583258069
92.91122119140627,0.45807562298808147,-0.3025999767216548,0.3595912699505456,-0.06842334365074175,-0.07946301067926911,-0.08515620884864963
92.93122119140627,-0.2459170355717734,0.4255924529945342,-0.28105636409425194,0.048624625396802186,-0.0016501725963112793,0.03124859131287794
92.95122119140626,-0.593365945066425,-0.14410431474128835,0.3260496061755786,-0.02288671264324433,-0.004562833866635926,0.09721097366485873
92.97122119140627,0.3134502937727074,-0.298296684962005,-0.2619441863898851,0.033368367983396166,-0.0680842556538532,-0.06697805557807802
92.99122119140627,0.9317194253747837,-0.0728084174907743,-0.1625773611575562,-0.047720003778654714,0.019222199158070562,0.04008891243579214
93.01122119140626,0.10093965899862987,-0.05281092544223264,0.3272486664250681,0.04774967251507832,-0.015461925549448587,0.04400909003915776
93.03122119140627,0.12654853332439187,-0.051687498579550094,0.17479381621765244,-0.021279525336650527,-0.09109819853259127,0.004883739889900287
93.05122119140627,0.08487401546188304,-0.12547165989539522,-0.4671190441399809,-0.0007916260935186976,0.0846166902212795,0.03099151665524994
93.07122119140627,0.16671605888537017,-0.2424886900304401,0.34484748018940864,-0.002714561680712183,-0.054786556976481396,0.013986442244869635
93.09122119140626,-0.1100364995159151,0.163112640126902,-0.5017331688993091,-0.0025032005048519876,0.11987082868871236,0.0036731550854730713
93.11122119140627,0.05388755635034943,0.30163543728186315,0.4148978444354932,-0.024096074859198725,-0.03813587872654624,0.026482132670204016
93.13122119140627,-0.20267503606740173,0.1580315492734623,0.22337436047078435,0.0234526531444883,-0.03486546263196634,-0.007294384533473884
93.15122119140626,0.43635684293678534,0.32697345791803556,-0.13804722209950102,-0.023850447541197417,-0.02433161697812746,0.0029513004759122792
93.17122119140627,-0.3751022208821495,0.05814706275106574,0.4768844516636448,-0.007363810965345826,-0.021398132258901473,0.03131249310492953
93.19122119140627,-0.2618945476562737,0.5492788928107899,0.0011529966972303072,0.03979603507375502,-4.6594174673912116e-05,0.044269352971264185
93.21122119140627,-0.7478458311769348,-0.24885158055435502,0.46335537066570726,-0.06601309246033979,-0.0043337420893267056,-0.0007080951252872859
93.23122119140626,-0.19709686545822075,0.44752790835012757,-0.10512021461358532,0.04901316996985505,0.019073515722740922,-0.0387891177531783
93.25122119140627,-0.10856444032521793,0.0662247420940385,0.3403150132601039,-0.0722365204131178,-0.0014643721890666716,0.058187204015129404
93.27122119140627,0.15735922847317788,0.29729647970574585,-0.06152815716155604,0.05142829557500886,0.04200657005599066,-0.006488652717339593
93.29122119140627,-0.07422053846754788,-0.24467191133468022,0.7809001021170264,-0.09297822708413232,-0.07615548559274991,-0.05158781203613713
93.31122119140626,-0.3161039984311646,0.5814096836841727,-0.7412390221803632,0.06514976951221414,0.04031644130256858,-0.015899656671678856
93.33122119140627,0.3785446655088149,0.10143168529951913,0.8327677647945906,-0.09867141516073434,-0.03185141742069285,0.145405533482561
93.35122119140627,-0.0025244213134158052,0.16638097583867656,-0.27533090618262535,0.10364106835158268,0.00706287164648442,-0.05688062881073063
93.37122119140626,0.19695813859800365,-0.12616267765034186,0.47080189069579487,-0.16486884120184697,-0.05649398219456319,-0.022421250181488467
93.39122119140627,-0.604956143354218,0.6523824941212507,-0.4976499995965319,0.12212808654085777,-0.007545127974836196,0.007218065841327036
93.41122119140627,0.15962187752566054,0.11565272567236771,0.5081340530900103,-0.12587296592769967,-0.02815194497855711,0.11122760023047693
93.43122119140627,0.791511631673661,-0.0001735484129631995,-0.7648680100973646,0.09235966618031932,0.07021343595824286,-0.03140836893302321
93.45122119140626,0.08446953323833653,-0.3085882062094859,0.3309836251636162,-0.1189274001822512,-0.09956023845358418,-0.04279522854664058
93.47122119140627,0.08584855925695274,0.2823922183069262,-0.7341555730523635,0.08342580926052945,0.0707139026045305,0.0671837561521198
93.49122119140627,-0.6492922425789666,-0.2184785786781388,0.46551399240148006,-0.06599393607709966,-0.03427794971194146,0.015676555754091673
93.51122119140626,0.024887283002925014,-0.0947972255518327,-0.3975784753478543,0.04065401225249416,0.061128400882155896,0.008272073727925931
93.53122119140627,-0.3774939710790333,0.001556746726617508,0.2532303095398421,-0.04307708433039528,0.007456715541306562,-0.02263094715967356
93.55122119140627,-0.09115708273739767,0.33602501491134995,-0.1503825737360514,0.019260178954755586,0.005691181169074187,-0.020381625417323364
93.57122119140627,-0.3872566730287693,0.16947990001061877,0.009409980529559037,-0.014617195914627599,0.03190662856121296,0.04322727850608559
93.59122119140626,-0.1787000086629702,-0.1339750248927613,0.27567824600273694,0.006842546062204303,-0.03657200951743971,-0.002784410086231966
93.61122119140627,-0.7663673435303272,0.12094737668888372,0.23502925701159863,-0.01738390468745325,-0.014194102482959804,-0.09435190103255818
93.63122119140627,0.1453422566835028,0.6262210362460493,0.09545419801239047,-0.002853574970509515,0.022860110462036096,0.09399875540520049
93.65122119140626,0.5133764846276382,0.10619271087222293,-0.1831408312244636,0.049942184085533234,-0.020707577660762075,0.07885731032398029
93.67122119140627,-0.6001604791945887,-0.5878052320100369,-0.05121123116262899,-0.04592880420209897,-0.05289878327085203,-0.11710482186332435
93.69122119140627,0.18516441454381669,0.31307193831171315,-0.46484896157127525,0.019273078188706286,0.07611336215766717,0.03332905911380012
93.71122119140627,0.14584492882570424,-0.002436061274836284,0.5484029591910092,0.012906198570844367,-0.06619353404875722,0.12315251072493485
93.73122119140626,-0.22673881428000023,-0.4464232994818294,-0.23716437781071897,0.020922316737329343,0.03922587921956043,-0.05273979284111728
93.75122119140627,-0.39422592557533864,-0.22251757458477128,0.36049647939193386,-0.06934225030720428,-0.008712514748154184,-0.07725626212583421
93.77122119140627,-0.35932211327695274,0.5998280544860949,-0.03864560666002345,0.06508051723166135,0.016430459261093915,0.030395912094080546
93.79122119140627,-0.21924635029166098,0.16881891034935237,0.4936992192660847,-0.0554848049026582,-0.06225798066107603,0.022301386946889303
93.81122119140626,-0.9364298465838756,0.03493711142210049,0.23798910433301282,0.014049467361144317,0.06153568343530986,-0.0744133241319321
93.83122119140627,1.0773859645657622,0.13277991652707619,-0.3392184222278944,-0.011475218077170966,-0.06703580996303077,0.059811313162015434
93.85122119140627,0.14251603784826508,-0.7594060259328642,-0.8195693947734591,-0.006107498919177098,0.07686083558479322,-0.01844452165650034
93.87122119140626,0.6531538705416765,-0.1981390627923019,-0.03280604620968084,-0.05209656088339591,-0.01820249433855132,-0.16707671131484977
93.89122119140627,-0.5492189605078692,0.7071988344744167,-0.01476720006994896,0.03229068728370434,-0.061560761625702606,0.020070465866800745
93.91122119140627,0.8455187428614633,0.31339846375282376,-0.33068585158032443,0.026917779020399435,0.07339618827293927,0.28193468370153485
93.93122119140627,0.821879797002144,-1.1168439595548532,-0.0628272287551905,0.0008975397737083008,-0.09203307997822373,-0.17172869647573605
93.95122119140626,-0.291110803512432,0.0697556998118417,0.019547843976143963,-0.0784295538149611,0.05991367237288203,-0.15824713642395616
93.97122119140627,-0.7061006483888037,1.0291952398486657,0.46316743379699843,0.08274504312978644,-0.042384680498925346,0.2302415880179928
93.99122119140627,-0.1479769588516148,-0.2698669798364227,-0.13729825282440947,0.00014400474570164904,-0.04422311721572174,0.0905000646613256
94.01122119140626,-0.4135691872435712,-0.7178227062198119,0.11278330383359438,-0.08500810939107054,0.06790338300940331,-0.29741594273724
94.03122119140627,0.21357075005129683,1.0889363159128245,0.05430169751111269,0.0217625500097327,-0.028956392411410254,0.055971608837241164
94.05122119140627,0.1589942838310202,0.6227652305118007,0.01186936226375841,0.036384265098377395,-0.0660020720203976,0.2510675213717834
94.07122119140627,-0.7938896241651098,-0.5510284822505701,-0.27370204242829943,-0.05004592958315403,0.027863908735091994,-0.29308693047972434
94.09122119140626,0.04829630377499616,0.8193398343602408,-0.06890184995248708,-0.052538577542749154,-0.04147230955355766,-0.11524117813454056
94.11122119140627,0.6653526466150078,0.9263466195693365,0.02377244700075264,0.0741540035284248,0.13027322995927376,0.4115005237570942
94.13122119140627,-0.4814599134499699,-0.9102289575439586,0.9126333627322403,-0.023721173478636417,-0.13288364277970174,-0.16873350878523746
94.15122119140626,-0.12266809369137122,0.187273254804102,-0.5098372241615454,-0.09633075086916261,0.04225194032335314,-0.2531442572533743
94.17122119140627,-0.25473793692412716,1.411593636609594,-0.023448368010698793,0.05355934386978,-0.011747505028916583,0.2514985565491983
94.19122119140627,0.3641762113781442,-0.6186754749064395,0.45957097280989745,-0.01987183819366086,0.012893814524023127,0.18923686203335494
94.21122119140627,0.004084610534859637,-0.6044677292550694,-0.08870192988503352,-0.03671414757512343,-0.05140672122491526,-0.40893664655584505
94.23122119140626,-0.29195322875602575,0.9655945200398949,0.3129089990752344,-0.1100785636189859,0.024196142126335737,0.04719744244185303
94.25122119140627,-0.8463709696794057,1.3669964418993075,0.015408351741927668,0.14113183199211068,-0.06939185715375899,0.2468057360025585
94.27122119140627,-0.4017586488183919,-0.7896840031270586,0.5266076652982088,-0.1736048413301143,0.03628502577930885,-0.10313040459582656
94.29122119140627,-0.026799118228382556,0.5080980545700569,-0.39469916891154805,0.03409818402193713,-0.04870357120727423,-0.2694827072960198
94.31122119140626,-0.08696621603506033,0.8595978648923868,0.3445242911623941,-0.09709550315176738,0.07322607971764983,0.26034129296273717
94.33122119140627,0.8451307069253791,0.5758753813996182,-0.23504425051012656,0.09890703031010928,-0.07787420261259748,0.04127737218858446
94.35122119140627,0.4599866689969857,-0.4608582286625151,-0.21426517717440682,-0.17394111611135635,0.027477459991559677,-0.17000034509555997
94.37122119140626,0.0019848477193892865,0.879740529520919,0.023718805214549592,0.038578607793544335,-0.023137122051547516,-0.012575815831092853
94.39122119140627,0.7795125103415733,0.5441666624886704,0.25273050329029184,-0.02117069845949947,-0.053390425742435244,0.2499770337739723
94.41122119140627,0.06057883678147357,-0.37565694420876833,-0.37225765073765565,-0.01812293737664726,-0.007201708888975258,-0.13614541268815705
94.43122119140627,0.027507789273686297,0.09601461185380657,-0.2900873334514856,-0.09143385264172942,0.06281861139196311,-0.08578262265136832
94.45122119140626,-0.2400550280549797,0.6395032712172286,0.10990053992111945,0.04909961061303966,-0.07810927797021205,0.15729762879959766
94.47122119140627,0.5274607448725335,-0.2941937011413753,0.30801592937785216,-0.05775651508934589,-0.00327421900284181,0.04693223784754238
94.49122119140627,-0.43879400597671075,0.2931496829657551,-0.2131951200137316,-0.028695009264640334,0.015168692895975396,-0.2556784287670074
94.51122119140626,-0.12800565201195105,1.1478145856576134,0.6021890240657937,-0.07137152701412604,0.010059350072403083,0.15404027429408595
94.53122119140627,0.1556659917510874,0.7465131427272889,-0.29824055793051296,0.10694961962144199,-0.08919331595454755,0.14766379490751239
94.55122119140627,0.052085145122749164,-0.7950573824872966,-0.17489483090229965,-0.15129924499911773,0.013591440388558036,-0.11823648939727194
94.57122119140627,-0.017263134714111998,0.9375805418550285,-0.24664667223998785,0.022762186480061983,0.03828643643100601,-0.15241535889632635
94.59122119140626,-0.29579254628839036,0.8588478546084791,0.940684709639246,-0.04450279186916102,-0.09508827047574508,0.20911768866801556
94.61122119140627,0.024608347550729194,0.3375791608269042,-0.9061737749191161,0.070099103678092,0.07615758665769402,0.06269558923136065
94.63122119140627,-0.2267549526011297,-0.6014524063270842,0.8297898693648913,-0.16681608597481049,-0.047039266077691294,-0.15332236109369551
94.65122119140626,-0.3290569415089658,1.0159733887459372,-0.45534348174974193,0.09936429976270751,0.04126168394833186,-0.015104790701385644
94.67122119140627,0.1038802374097389,0.32246788769119733,0.731132166200107,-0.11165570230440389,-0.0698816715223954,0.19957837736475767
94.69122119140627,-0.29903124473242615,-0.1325194423466044,-0.4392798553917003,0.07550050970249826,0.08492253491917993,-0.11873334438525489
94.71122119140627,0.45615337381060306,0.06379010863719509,0.6763173376356959,-0.17722210219520662,-0.05892830951817661,-0.06140773757310841
94.73122119140626,-0.07195174928962078,0.553533338042774,-0.29542747739104486,0.12142488382001058,0.008839254272994116,0.11899784449353946
94.75122119140627,0.35115817447888353,-0.37403642061124387,0.3557487518446867,-0.12930289880290935,-0.04062454159903699,0.04617538988319171
94.77122119140627,-0.4925938073197769,0.03392779450179635,-0.5761602294931324,0.026826085765725705,0.030323311798416474,-0.19356524700692207
94.79122119140627,0.1533798012983976,0.8566214316990034,0.3479908635573279,-0.09926892489007565,-0.004569917122071,0.08350782025656836
94.81122119140628,0.08698781835542367,0.8159846136539598,-0.09485745036859823,0.09052445503183545,-0.0050747485724476965,0.11936252220231805
94.83122119140627,-0.3425471105558033,-0.34117520023559184,0.4288741823726825,-0.11109665339007707,-0.03788679505931527,-0.08067087899950805
94.85122119140627,-0.231072562504439,0.4656567346012935,-0.2168688931655385,0.004641563168171654,0.06868386432317927,-0.07230653171421186
94.87122119140626,0.014074099503673505,0.7011620859481181,0.4421492059215075,-0.026900986358358636,-0.09419547724054617,0.10855376987522254
94.89122119140627,-0.08719986105769538,-0.1440064494145873,-0.33014235244193935,0.022925257912462648,-0.0030273252644435296,0.02092882098217377
94.91122119140627,-0.5115833908429628,-0.37179093308942884,0.2060850468246875,-0.08716166745578596,0.03451819160982102,-0.11984852517017647
94.93122119140627,0.010786401212403898,0.5644417302379113,-0.05638348630015521,0.02768484025631236,-0.03640927761846621,0.004796448854016093
94.95122119140626,-0.8833254637063979,0.07945493190549255,0.031893811806417934,-0.028046079458678142,0.010149412295633474,0.04718078418731042
94.97122119140627,-0.4803245567213609,-0.013072650468842461,0.3217991235296698,-0.03741697086958505,0.04221490115897233,-0.09899695095611769
94.99122119140627,1.0837626390858168,0.763601335134454,0.03442978407682092,-0.005347543401035867,0.01480725781573974,-0.0011634496738567573
95.01122119140626,0.8516975137589455,0.35154775686608775,0.171863815895547,-0.02140940433760009,-0.04814430350568379,0.09058334391145009
95.03122119140627,-0.3778818513379989,-0.1058114304485566,0.3195195291661275,-0.015843209998257723,0.031323272917301026,-0.04650572081331763
95.05122119140627,-0.7814556604327904,0.4170990071519623,0.1663813850863643,-0.06978185018924427,0.018074777696964767,-0.12014577656653411
95.07122119140627,0.46167356035632917,0.9339637368055127,0.6600064965970457,-0.0258841154274232,0.007443260295015313,0.1278929351267031
95.09122119140626,0.7060697492332075,0.7156831954837897,0.10676734142549903,0.03945799645334879,-0.09545147090725684,0.030819443774059787
95.11122119140627,-0.8482422554224497,-0.04312471724521001,-0.17254114455566302,-0.14184953436291367,0.12883310961901506,-0.13948575302181293
95.13122119140627,0.11048680651093051,1.1711621994849024,0.8005771036193222,0.01897914232912371,-0.10852455972057462,0.004805212716200533
95.15122119140626,0.6226440018292678,0.6475094258587498,0.36532564615399243,-0.022814685378801765,-0.027504955788470654,0.16443421568341018
95.17122119140627,0.28429602335291937,-0.18844222176531156,0.13327683395951476,-0.06355812749051341,0.06625770523358285,-0.06252500652435557
95.19122119140627,-0.3160760502794533,0.27091084210814903,0.6892189894898899,-0.07043977261004893,-0.036557476336086706,-0.10768663166800935
95.21122119140627,-0.09173175339932828,1.31182771016022,-0.38815866545614486,0.0027045164239795244,0.03217432190768284,0.12914216261375971
95.23122119140626,0.04587245427173065,-0.03442266953909744,1.0860314617957774,-0.08803049567074538,-0.12280174660437722,0.09250421744273812
95.25122119140627,-0.5491227237402154,-0.004447980076794094,0.02362138009834009,0.006570809212420241,-0.006677876631611163,-0.16178763752570918
95.27122119140627,0.5191430229324554,0.7643478195663271,-0.19617563608107508,-0.14320323968936888,0.032227403843913836,0.06673679331688548
95.29122119140627,0.08219580873841412,0.5757351030497017,-0.12321177124011914,0.06891206352480625,0.005705538072225567,0.11392013996843052
95.31122119140628,0.3532489515998658,-0.459800985921915,0.4402859797435407,-0.13460572634922327,-0.08549645583645644,-0.0637861222275418
95.33122119140627,-0.05462115601929536,0.30596978896662325,-0.5041052697344817,-0.004812984857316192,0.02563274982473139,-0.1018160739416566
95.35122119140627,0.39772491835146073,0.8073329884926498,-0.08828830135924624,-0.047578792112313896,-0.025663500915164603,0.17647375574711924
95.37122119140626,-0.17711935969633125,-0.10834423733913479,-0.5578801954906186,0.02723855548200413,0.020961206355392777,0.03281028294894293
95.39122119140627,-0.881659252700696,-0.3731678159413171,0.3554988815171599,-0.1101479137546951,-0.005917491283649933,-0.1763617383922564
95.41122119140627,0.027082199219450993,1.2235186484008145,-0.34154646909061676,0.046369345218557345,0.017151107292812152,0.0464888041692753
95.43122119140627,0.06909967981929227,0.3255148651344882,-0.15239278006337675,-0.025558504276796883,-0.022539373786285958,0.13854928456867338
95.45122119140626,-0.16666506677447374,-0.43302246826836027,0.09860773851519648,-0.004305377383275603,-0.005171934492697411,-0.12719017050492412
95.47122119140627,-0.6706058658633068,0.3309278349169085,0.43398447899190357,-0.05813463878143432,0.05150654356859632,-0.09198707748249339
95.49122119140627,-0.032604074798169416,1.1147021712065188,0.28486726180551936,0.043671037397176864,-0.013983560261201934,0.13765632489812343
95.51122119140626,-0.3302372690487373,0.13138316192878902,0.4328934989025398,-0.020619124734628496,-0.04365094683058401,0.0026777572102562905
95.53122119140627,-0.1252800992896456,0.16538533787150483,0.29004859513962233,-0.04680443859477337,0.022949120962618533,-0.1338267043379448
95.55122119140627,-0.1827505816667475,0.7350395934292082,0.6135582391010219,-0.017658089965418355,0.008229418888776688,0.04498585736107832
95.57122119140627,0.12446115388219652,0.6170304730146234,0.31009154026003427,0.009696231460934854,-0.05002625429522437,0.06045508574943576
95.59122119140626,0.6129792905994661,-0.21044740829702366,0.18553299153331815,-0.08116347785686083,0.03181839698475979,-0.04406027145812642
95.61122119140627,0.04181818294584229,0.3655520742224344,0.10422074572107373,-0.007989098671410958,0.0010842133404663677,-0.047964388595461545
95.63122119140627,-0.753130679489793,0.11147825374280919,1.136395242483595,-0.08043234497475642,-0.08803032790754048,0.03152259844771436
95.65122119140626,-0.04117628582611533,0.4689502369865747,-0.06095952850354565,0.02756534103931213,-0.0037409503518131197,0.015904089256030818
95.67122119140627,-0.6405316181223377,-0.1390689553305887,0.3185642668258458,-0.12481070433765257,0.06094722652733113,-0.016544495940106898
95.69122119140627,-0.718089757769206,0.5997963281518266,0.2465593988231148,0.011141387899778555,0.0011140907111177024,-0.07215222613591071
95.71122119140627,-0.34954290298740337,0.6080875757302483,0.6096563069106457,-0.09959593577180983,-0.019547598901554414,0.04081615406043322
95.73122119140626,0.05346450877672804,0.6422297924736651,-0.021707446002475792,0.013123788892514848,-0.004323443261563405,-0.015873848247183145
95.75122119140627,-0.2167522089338161,0.3287528209927583,0.6662655796506769,-0.1273445030870223,0.002455538027553024,-0.07072440281533501
95.77122119140627,0.07868364515832306,0.8578642540641683,0.2685137726235368,0.010008367151575178,-0.05913748194954159,-0.027083663258737005
95.79122119140627,0.0019510234951497449,0.40104951649163617,0.3040966869270613,-0.08335064739912251,0.015784763546854555,0.06532071066305989
95.81122119140628,0.25884304617154935,0.3172519373361424,-0.243960982453128,-0.019856720180237368,0.04653812519495483,-0.0770451852825355
95.83122119140627,0.005164003952049918,0.5422322525038894,0.5391690068511866,-0.10376020179878488,-0.004467846991677792,-0.047011186425841164
95.85122119140627,0.12452062997786019,0.8042085856962484,0.05729880326248421,0.031627310338848656,-0.07091567955576723,0.06255094260113575
95.87122119140626,-0.27754997401730475,0.0036559972148698253,0.3201761896844361,-0.08905260889435498,-0.012188208309543735,-0.001726172794328153
95.89122119140627,0.10383875309592874,0.20640181752830583,-0.12425644023565,-0.02285005282992243,0.07485808707313187,-0.07487704786070656
95.91122119140627,-1.0193348612787965,0.49978172211335153,0.475274561790342,-0.04785042782713833,-0.13325768933940163,-0.06249753727954073
95.93122119140627,-0.3210536566614584,0.3225449440803127,-0.2895056431179929,-3.285577044228798e-05,0.0371473750338695,0.09892050761172838
95.95122119140626,-0.29109643265953866,-0.3908027169998422,0.5751114866465837,-0.04800341205042226,-0.02505088696979399,-0.10306530409865858
95.97122119140627,-0.9226892377875165,0.5919471262620251,0.5490278282936927,-0.04687705977496683,0.023891210551771038,-0.14654885456525948
95.99122119140627,-0.5213355867550217,1.2830411074864194,0.5964035924732373,-0.005440918590494557,-0.005521641700480651,0.08935719165631983
96.01122119140626,1.4478367017131908,0.36902361660645105,0.4300764736576727,-0.013191042547557678,-0.020630253682391256,0.07697835761175911
96.03122119140627,1.0595779193833135,0.13750990061397037,-0.2056703356697308,-0.041626265683093314,0.008481528220093,-0.18419508707388316
96.05122119140627,0.3260135199228791,0.9107738512898272,0.46617946917220077,-0.07016810771843392,-0.04729839709588178,-0.014823980221765424
96.07122119140627,-0.2640833677867176,0.8675236516251524,0.241617245160266,0.08085671405961413,-0.0031443302942287567,0.19473371115125057
96.09122119140626,0.34760860197314786,-0.45921154843617107,0.4986278194972109,-0.07637791500173945,-0.07330083621369457,0.0027265552527676925
96.11122119140627,-0.4270180576624592,-0.18487885007267996,0.28604854051715983,-0.010190382421001695,-0.026973107912971965,-0.18624548483928607
96.13122119140627,0.2506517470402838,0.766955531715689,0.18469644776633123,-0.02523398792584428,-0.022742912466342028,0.11842781999627615
96.15122119140626,-0.01787693563264711,-0.17332406680325876,-0.07716199159063439,0.041974136497440355,-0.0240372095741496,0.13473620229505562
96.17122119140627,-0.4600815334777628,-0.8704708979337786,0.44603379535647725,-0.06944498055033294,-0.00048066627550822695,-0.16694885268247403
96.19122119140627,-0.6880929571294131,0.16058177200738988,0.25937177540667167,-0.025427063312817966,0.058866072330103894,-0.07926990739946047
96.21122119140627,-0.13807876646179373,0.47930550304966435,0.3005049348853297,0.031958366170041615,-0.05570272214663257,0.18651397497322972
96.23122119140626,-0.3621633746400079,-1.0072807158354058,0.06207237389313609,-0.013468341975475575,-0.01930985413051589,-0.039448829375375916
96.25122119140627,-0.09918774581987076,-0.20522853455446244,-0.36626508594849866,-0.0443886657312657,0.09591091764401966,-0.15900488424634895
96.27122119140627,0.4064292066481552,0.7041366383464203,0.5384670727476453,0.024965053618432754,-0.13254341049515558,0.11619298485737932
96.29122119140627,-0.6281736479557594,0.04632483749206048,-0.042261902559177694,0.06828735122990401,0.012976534829830445,0.10421463659422887
96.31122119140628,-0.1440454940659156,-0.623136752657808,-0.10227601688058982,-0.03518717437677504,-0.04760218219314629,-0.10314538672703545
96.33122119140627,-0.6638744675470593,-0.2489557526667722,0.1135574804970804,0.02116001497144994,0.06795080403151246,-0.04574742669758908
96.35122119140627,-0.24141276932223435,0.14611170149538005,0.6157841489386398,0.052671027060887415,-0.13476357751298987,0.05665488275245875
96.37122119140626,-0.529900064712854,-0.453612465928407,-0.18981105522873348,0.019072822966251752,0.08314276360207952,-0.013323467926083469
96.39122119140627,0.29703689459898536,-0.1856753349752211,0.48178636213653964,0.0013079112328379864,-0.023705743887599346,-0.07759429937164142
96.41122119140627,-0.28668767027689185,0.1155973995742713,0.6222661302701415,0.04921322571702357,0.009322231958892344,0.05079289797131731
96.43122119140627,-0.49389396475165726,0.206909332884295,0.7649140296794571,0.017641099121982844,-0.06291746478734829,0.013110050662136783
96.45122119140626,-0.8492675289691097,-0.08546791735906413,0.874714702840328,-0.0043201653994719875,-0.04009115178890497,-0.06150952856254493
96.47122119140627,-0.18588413406502025,0.3420874425642763,0.23853744026277202,0.023537687943696622,0.06377572622606004,0.028945299358719184
96.49122119140627,0.7145239149867304,0.06520713612825288,0.5829454062361016,-0.009162649846203503,-0.06088026429057653,0.07460106380449444
96.51122119140626,-0.20318699181141395,-0.14680834157919853,0.5817812031896943,0.008449111567379724,0.0015221581880982477,-0.08239023689741636
96.53122119140627,-0.022817992743045728,0.19343921886059573,0.6422737632786735,-0.04003894272413862,-0.042555434805996696,0.033684443678357795
96.55122119140627,-0.7908188323660854,-0.08903625381877675,0.5321633067510864,0.04085380188221458,-0.034275766253414684,0.07322414487038813
96.57122119140627,-0.2319286365276034,-0.4655294203233061,0.4715595463702412,-0.057479718884221306,0.01054613171548007,-0.03912331269022068
96.59122119140626,-0.4833621024951382,0.07029706687849957,0.4161213771394811,-0.024164998630297172,0.0662213902675514,-0.08792401717685507
96.61122119140627,0.2767635116294778,0.5719051704266208,0.6194036880357203,0.007978840212604187,-0.1187334380357031,0.10619950868131482
96.63122119140627,-0.49165729815741327,-0.2534780004697512,-0.04301425303368516,-0.0049628171115143945,0.04226926808893765,0.0375454972591061
96.65122119140626,0.017470143957940852,-0.3463260514510778,0.2833861935440386,-0.06555537557948385,0.04495167050949994,-0.13081874234293156
96.67122119140627,0.42752807746560595,0.5640898675986609,0.1509574182144091,0.02398926924614452,-0.04711319855118497,0.07087322544056376
96.69122119140627,-0.0882113803169955,0.2613079017535159,0.3718378191740152,0.014993341638556222,-0.06488523972984106,0.15744471974259425
96.71122119140627,-0.4661466841831602,-0.4825371712583441,-0.09577448208338778,0.008366247763463697,0.001685472277745317,-0.045642888515929035
96.73122119140626,0.19637410274530118,0.05239645722395826,0.2421883489839243,-0.03802414118400464,-0.0073626208256476824,-0.007217222532673211
96.75122119140627,0.14231073873133324,0.47179354468732243,0.13825917796005371,0.08934760100253653,-0.07530259716614726,0.14345043376038072
96.77122119140627,-0.4569293491536857,-0.403479960082504,0.28503451727962953,-0.03366999752523724,0.0053537341047188965,0.01284720838129613
96.79122119140627,-0.3443435028700528,-0.27938859508142316,0.10937077844344731,0.01769171473451076,-0.010706604979265434,-0.09677523016551776
96.81122119140628,0.48295247542655245,0.11603944487510698,0.16426020562235666,0.008474586177985629,-0.07920439402213103,0.07896923672279196
96.83122119140627,-0.5926832122123228,0.09755016777580978,-0.0023563089211774807,0.04450638985117092,0.09423155440850438,0.06523461029391513
96.85122119140627,-0.5645618194986517,-0.2727236051369796,0.6744928366195581,-0.01965718935515452,-0.053617141345488666,-0.039139860777652774
96.87122119140626,-0.7880273815316101,0.23962467383392533,0.1483777592521136,0.026312602290867286,0.04277818164447745,-0.043700373267157464
96.89122119140627,-0.30977218626836767,0.31220748496241835,0.33751706360698586,-0.010580793683881153,0.03926061889301423,0.07458442572759905
96.91122119140627,0.2929111632469233,0.06167897205204306,-0.036652597851105126,0.043556872546669595,-0.03237214761962747,-0.022887468780553612
96.93122119140627,0.19373905401329916,-0.2639202029782307,0.22925470768904974,-0.033973869822558046,-0.031815493389021725,-0.024908338852096683
96.95122119140626,0.10259772325072036,-0.03447238397978034,-0.1879942477795587,0.06366149784243713,-0.03154173600451573,0.06706291821178442
96.97122119140627,-0.31116029702453,-0.35525535627869104,0.561406996580989,-0.001375032970093973,-0.059153466115411266,0.0990388504794396
96.99122119140627,-0.11159748973593912,-0.3817997463448369,0.2122662134843352,0.03584083364619332,0.057799153097945505,0.01997883523786389
97.01122119140626,-0.7096232616841494,-0.39377923044647,0.8232630773876706,-0.023466558827687084,-0.09769442362082287,-0.05565776322843935
97.03122119140627,-0.4417585466594293,-0.01962036340570778,0.06124022625857862,0.03422439218744263,-0.005181877941528093,0.07820016613664832
97.05122119140627,-0.5353097261296779,-0.04545071850893398,-0.1902092737454195,0.002563978941298791,0.05150397974900571,0.023220336838135642
97.07122119140627,-0.36032227721206,-0.7298038354650428,0.33798978883805786,-0.03026519380659916,-0.08376247505335715,-0.0748371855836866
97.09122119140626,0.44987484932119914,0.058336552013417094,-0.4927704502845017,0.04911035582774096,0.013562236698184434,0.04787258758604515
97.11122119140627,-0.9057707670450953,-0.2005810213451429,0.3881127636991908,-0.03303406954153894,0.004525727341208994,0.03148022208933922
97.13122119140627,-1.439993221494015,0.09216865734435375,0.288262704369451,0.05439157025798444,-0.13139152324612632,-0.10389662669982014
97.15122119140626,-0.7048510533967086,0.21520793358919232,-0.19687871963207615,-0.02764187122695355,0.032949238064966774,0.10893250583560526
97.17122119140627,0.3056880808615781,-0.1545693011931683,-0.24604786343674542,0.06545141685766144,-0.028518774015799917,0.035588210920519475
97.19122119140627,-0.43814570023382843,-0.3130029990610957,0.2102947319400712,-0.0550558481716785,0.02006859166577548,-0.1448443361095242
97.21122119140627,-0.9551647423841665,0.6304317857373518,0.2747343998638736,0.032033423422943325,-0.015441864881629377,0.00447166409328925
97.23122119140626,-0.36855871927098977,-0.1452022212056251,0.7528951887350703,0.047671369260889836,-0.15454152729400006,0.2254903523252555
97.25122119140627,-0.8184540958821244,-0.6588803715784644,-0.39518266338912317,0.017315691617341724,0.11508081243974964,-0.0870307221569486
97.27122119140627,-0.8103796484203607,-0.13940777238112478,0.39434962059177,-0.08801544118788092,-0.09669990047938153,-0.27942568420294744
97.29122119140627,-0.2328543567571154,1.029285466675995,-0.08710683705670112,0.08365670372195813,-0.038446683227920476,0.1452381974926891
97.31122119140628,-0.4853738088786292,-0.391551507200324,-0.002208501416844959,0.0027557593274765793,-0.010810001278053186,0.10671307078722427
97.33122119140627,-0.3657002829245962,-1.0355484466713702,-0.11221964530378724,-0.04363909702768827,0.06476072568166585,-0.2799173712635787
97.35122119140627,-0.18735606610627376,0.7164397683505869,0.37134531690187556,-0.019762413032559704,-0.0707930589104079,-0.09694156985591953
97.37122119140626,-0.21289831412081642,0.44292769123855597,-0.4621274564778046,0.08332699578027002,0.05070192206803855,0.25118258334597565
97.39122119140627,-0.5244391872832669,-0.9527596292245686,-0.5142992328452671,0.006293863407470485,-0.14604893721698578,-0.15280048460949033
97.41122119140627,-1.1587822245645285,-0.9953219422425653,-0.3134917240627175,-0.07086228924194604,0.1614317996745177,-0.15671260967145617
97.43122119140627,-0.28857358746775985,0.36574960256503125,0.4164461561612114,0.11832525566865536,-0.16764161486593365,0.033442659499607084
97.45122119140626,-0.6655608776703188,-0.7569219181789799,-0.28700510710006477,-0.021962447879691243,0.06018852648463792,0.07483716520410645
97.47122119140627,0.14923809647183517,-0.4460906394369045,-1.1412114745472388,0.07607693875314601,-0.023411866328199124,-0.24212510906529225
97.49122119140627,0.04327752684347799,-0.37003675980929174,0.06503722993033906,-0.07559376755921823,0.09765244237943271,0.03279731907754546
97.51122119140626,-0.7943676500274623,0.24010587540444386,0.052309388594359886,0.18781778421203432,-0.17963096915744428,-0.08792612567220316
97.53122119140627,-0.4542197004985653,-1.3094803707881393,0.0879503008217466,-0.10055656468253872,-0.02779148097766038,0.0520150262306855
97.55122119140627,-0.8448402563953955,-0.43237850900629843,-1.1634229081573648,0.17412788152304423,0.05282081679119482,-0.19809089612553518
97.57122119140627,0.5332641655988284,-0.4448409948031124,0.8900034775769881,-0.13479560342489197,-0.04378056849779117,0.030599336647174676
97.59122119140626,-0.7540294619247377,0.3646221701718968,-0.9072336292911601,0.28853022822049734,-0.16474435186259961,-0.006652305314506653
97.61122119140627,-0.09949859943949753,-1.4406939184970686,0.4075498647911457,-0.1789674648115518,-0.03762264997101227,0.07771601219605628
97.63122119140627,0.03993887644011167,-0.39356032750790737,-1.2514971938562236,0.2639513227778787,-0.01608740502423291,-0.2111109211915351
97.65122119140626,-0.10485352323104549,-0.6717354907891173,0.8163630293060605,-0.1552550152854042,-0.11405305563199249,0.11189466244282854
97.67122119140627,-0.7716335961343804,-0.1665401178728754,-0.8522063765435571,0.2873868260590168,-0.003174228632746284,0.054465618552737745
97.69122119140627,-0.5850810360942058,-1.2620435650091029,1.059774171992153,-0.17155489022624765,-0.10645545617286117,-0.08797549223416419
97.71122119140627,-0.7409804970702882,0.18766435206180188,-1.333049997649784,0.21233272814868606,0.02217128664637369,-0.14893215246512612
97.73122119140626,-0.16316514422410394,-0.3508192772902523,0.8939783185548908,-0.11372457238693315,-0.13226493304152806,0.16012975050562106
97.75122119140627,-0.45927515487172993,-0.3936485547644606,-0.5457989545926659,0.2077138243060042,0.014133602829123392,-0.05488314035765726
97.77122119140627,0.29685157759356484,-0.7266241840895955,0.2826116330901335,-0.14988530315229848,-0.11079533447291123,-0.13257655372125515
97.79122119140627,-0.6030637870644712,0.46611864669299763,-0.8638251321751663,0.1662655586909764,-0.006928962884732429,0.006775297540135602
97.81122119140628,-1.0171452554217901,-0.3299366810813401,0.7169073536246233,-0.059779948850706734,-0.11697502742670145,0.10679977201309014
97.83122119140627,-0.7029532529185885,-0.32946371353501486,-0.5529401841189088,0.11447595840708896,-0.08244239764045791,-0.09955056868018097
97.85122119140627,-0.586989960065003,-0.1986287274570433,-0.09676653735134388,-0.07273589798074152,-0.06339259272503736,-0.021838002408723335
97.87122119140626,-0.7664095322999167,-0.2349385220937984,-0.3573699330473714,0.1047004033030331,-0.005468930144309288,0.09042236372733557
97.89122119140627,-0.7975882011483428,-0.7561490291163532,0.04430036072523141,-0.0273477859746158,-0.10790900161549337,-0.07054800645211644
97.91122119140627,-1.4501505882412897,-0.3769736796315273,-0.5576786526131888,-0.01040205274563373,0.0713442588257024,-0.1291774919076492
97.93122119140627,-0.9894375589135487,-0.057359962291656186,0.0011348020943569162,0.018115168770109647,-0.058227849556517344,0.011237677364653547
97.95122119140628,-0.3739850512328137,-0.3693517137079426,-0.5717410326910779,0.038277648481999736,-0.10569448769445149,0.03785345061884009
97.97122119140627,-0.7619958570483186,-0.5866277464210341,-0.7203110005856395,-0.016521931817835695,0.020355226426535124,-0.1298007750664486
97.99122119140627,-1.0048531448696616,-0.4564481964513556,-0.11965460757467349,-0.002599169740274854,-0.1258679487757609,-0.08391714737408935
98.01122119140626,-1.1899634990724035,0.23432382358532594,-0.8522563942168018,0.07525552646400058,-0.01627393796604159,0.05362584413027867
98.03122119140627,-1.0135230931756436,-0.496492775045702,-0.5727579327656898,-0.012325556486786009,-0.06995594938171788,-0.04755101665797113
98.05122119140627,-0.645657810033849,-0.3742111269217308,-0.9200752901188748,0.0616910578923127,-0.008839187119885586,-0.09054010084959822
98.07122119140627,-0.9624334505243565,-0.2069234750455507,-0.5901139073872449,0.025741966532321532,-0.1273005801718839,-0.01712881616683902
98.09122119140626,-0.8329648759769749,-0.28687130787247395,-1.3565540876857238,0.08419797972809735,0.03323613599924288,-0.008784608102654533
98.11122119140627,-0.914354184532455,-0.4581202124959711,-0.2036670675788741,-0.005220666450776772,-0.03374185164722033,-0.11438934950772178
98.13122119140627,-0.25938081335961594,-0.2341298107770177,-0.7830386716922147,0.10756215566712202,-0.07579030822206012,-0.04672782920279298
98.15122119140626,-0.09031524081250714,-0.5829892773243223,-0.49532732679885816,0.010508012533826883,-0.049119620949485285,0.01081832079549918
98.17122119140627,-0.36704993400831554,-0.37221879213907183,-0.6057838628689446,0.07735719298941238,-0.02203405707109113,-0.16535433762069332
98.19122119140627,-1.2274129691718672,-0.10521943245277386,-0.6814245393833195,0.009936523599282732,0.0019586514208538197,-0.07673811050350354
98.21122119140627,-0.5795726768125016,-0.027217285311970173,-0.392052079382176,0.09030704608482727,-0.030190018833410076,0.05726984786722859
98.23122119140626,0.04024697869167193,-0.5557795600043359,-0.2219560765621281,0.028338917505302614,-0.011030695158822627,-0.10567428516327451
98.25122119140627,0.06328968779349198,0.0547846216993871,-0.5974809482595895,0.005978325069340125,-0.01572523420004421,-0.20467710807016337
98.27122119140627,-0.7737833803547246,0.6843308162927997,-0.10855348210815005,0.04699256060510225,-0.020490514193655444,0.045019242107097665
98.29122119140627,-1.3872150348634675,-0.046303521486348004,-0.540279391890477,0.07892003328064327,-0.07459639383342882,-0.017863510086113737
98.31122119140628,-0.5780487922513567,-1.0977105644670417,-0.4418157344374374,-0.04713627412548948,-0.03455935503189452,-0.12368899505694743
98.33122119140627,-0.23995176950865746,-0.4945964120788782,-0.827154273840258,0.09677410096316187,-0.11209410959134657,-0.095185511240483
98.35122119140627,-0.9817795709578879,-1.3646485055828468,-0.8602750215172627,-0.016492471027161587,0.001504779138444502,0.04409598178756082
98.37122119140626,0.11462953940834358,-0.973183763202006,-1.101631507808484,0.06079563113390347,0.038759442578214114,-0.12345328943899232
98.39122119140627,0.7281307091727014,-0.7987580052605712,-0.4827743277451356,-0.01096467950604638,-0.1413316410211088,-0.07739354469283613
98.41122119140627,1.347478969512408,-0.3436313041284189,-1.6060679879625663,0.11220001256410791,0.016854697373193974,0.14613837089132448
98.43122119140627,-0.009935948117978563,-1.3819166517578931,-0.48557717228810443,0.01562554503537291,-0.16166513980441044,-0.04598936512611199
98.45122119140628,-1.1742023252848246,-0.6663151369175735,-1.5752231009493947,0.061155504026507365,0.01120510862024316,-0.1272965435564274
98.47122119140627,-0.24007297120798984,-0.15212158057651654,-0.3612978915168808,0.01897428275052466,-0.06765521108454221,0.09766103121428041
98.49122119140627,0.12311584073072103,-0.49686556376920576,-1.110965640329211,0.15115969800445367,-0.08775578473753878,0.0320275349066401
98.51122119140626,-0.5091361341094363,-0.9264612822106458,-0.9605898366365804,-0.024788107156890248,-0.10300797030891512,-0.1486260198242963
98.53122119140627,-0.6378177721102393,-0.14159389714099502,-1.0126371616202312,0.1152507501437611,-0.034020245488176365,-0.007263354116347548
98.55122119140627,0.2341761215306047,0.022746316195836797,-0.7631295480712649,0.10441353235065017,-0.12164619520382951,0.16508933775017587
98.57122119140627,-1.477626655911279,-1.0895155503254512,-0.82022471403225,0.07005244912420815,0.013007878809312251,-0.07468879349351414
98.59122119140626,-1.2695554650238348,-0.1272221873753552,-0.6449270097978337,0.07790321387196959,-0.06882077240302346,-0.09114704933352846
98.61122119140627,-0.8987311358820885,-0.22748287465885833,-0.41503373939537785,0.07467255411106251,0.008739844677223966,0.1371071418559848
98.63122119140627,-0.19582985661621224,-0.5925985191748637,-0.5513418704185344,0.10197471532630381,-0.12151493018046194,-0.07856729700170148
98.65122119140626,-0.6059997804398186,-0.508847333745911,-0.5683390785333579,-0.014572802973305274,-0.0017311965387575637,-0.09433229187520703
98.67122119140627,0.29996992340436784,0.3752625094378439,-1.0507871107237965,0.13757861873802876,-0.06127110011511258,0.11756712757378375
98.69122119140627,-0.8099151250437295,-0.8709005657993265,0.27813807827575177,-0.007213167839725053,-0.1164734568014491,0.054573022166788956
98.71122119140627,-1.682235584004528,-0.5134939130388169,-0.8584103836751285,0.08677661332332454,0.0373414166466549,-0.17166988169509323
98.73122119140626,-1.3211706280476303,-0.07890629977230504,0.3851356110525751,-0.05383757369553452,-0.12950559247598004,0.06826647364098636
98.75122119140627,-0.6501158946990699,0.3048581331652671,-1.008886278548763,0.1695839049350813,0.013826622481743074,0.09453931609523193
98.77122119140627,-0.6943026314008075,-0.8653498415222575,-0.10276561817020144,-0.11529582308565664,-0.10992372284160712,-0.11519228799983156
98.79122119140627,-1.3436027784741529,0.1977922133282553,-0.9357006455249791,0.098332530105529,0.004528222219709601,-0.0973348207087233
98.81122119140628,-1.3592934873184443,0.25952340962040715,-0.08184277316187895,-0.03111800542111191,-0.17143856175553696,0.07634657434380117
98.83122119140627,-0.6164336099966492,-0.298449572123887,-0.9484041577363035,0.052993253984678565,0.025016025857934172,0.003779450487340178
98.85122119140627,-1.0365295727413133,-0.523658731505039,-0.1950782028329876,-0.04015292342423349,-0.13601532725133367,-0.16311226561040396
98.87122119140626,-0.5988160281567594,0.03896042446934048,-1.4281267852967414,0.034190553224722406,-0.045386346720840236,0.02940149868051172
98.89122119140627,-1.0487871590695486,-0.3707777425813678,-0.8003203371504742,0.004793457634583303,-0.07999089788072876,0.024360396422238337
98.91122119140627,-0.23391273147989217,-0.6332731463796581,-1.2070214125821337,0.007560174539985588,-0.04612016152933865,-0.07740572298148563
98.93122119140627,-0.5149612845198825,0.08604156669327813,-1.0776368605860875,-0.003143494826089486,-0.07875330002644408,-0.06342112827086997
98.95122119140628,-0.9033130318123302,0.1431376034669932,-0.8161789366540549,0.030645636605332253,-0.07770575798752646,0.06386356153388273
98.97122119140627,-1.1676594254273713,-0.17438610201982402,-1.0655113602178712,0.03308594666196613,-0.06904199210000135,-0.04395246320704492
98.99122119140627,-0.6045535449115718,-0.2019115162559203,-0.8507761202536964,-0.034147858109185684,-0.062018452909431414,-0.05070587059251999
99.01122119140626,-0.09329150650772747,0.19170490130829565,-1.288087543625325,0.10031103513707075,-0.1173258232886653,0.05292157252227477
99.03122119140627,-1.9691419288460128,-0.888411362145537,-1.041997489178623,-0.020520296491442713,-0.07994582841264666,-0.02715428126655897
99.05122119140627,-1.7586432759622854,-0.2701378720030226,-1.0997484357594103,0.03572721224458263,0.03912477426094988,-0.1283279364954976
99.07122119140627,-0.9407606662934315,0.25683384358179845,-0.27017481830832585,0.015950465526283448,-0.15958315154552444,-0.009827673171155436
99.09122119140626,-1.0711125598121476,0.08970980575918089,-1.6113310855541765,0.10930278995848632,-0.05652220735476507,0.02698160365286443
99.11122119140627,-1.4201331312082262,-0.6695860588382424,-0.9694704737450882,-0.024233007274921198,-0.1285687315709056,-0.11596361872950288
99.13122119140627,-0.8669077135474317,0.027174233172719785,-1.53392963883373,0.09381083214573287,0.0212468071449852,-0.07115733550943742
99.15122119140626,-0.7825814049134043,-0.15893785376620717,-0.11912758082055676,0.0022094593788742007,-0.11320711426132747,0.0026600313702999866
99.17122119140627,-1.8146843201937861,-0.23017547363916827,-0.9528409260040474,0.09570553413071632,0.006243630375047796,-0.11071298107011328
99.19122119140627,-0.30397385663281584,0.01979555145619595,-0.5476615872546596,-0.02074879955030051,-0.09303843196549404,-0.003973478483254559
99.21122119140627,-0.37403039015689493,0.19381601193132608,-0.8438871478952379,0.0971912335072039,-0.013737918314842848,-0.043432773651070226
99.23122119140626,-0.19067381178017567,-0.1488603220281144,-0.6694081394590714,-0.0014714793731590893,-0.15417866175552777,-0.0641256285516392
99.25122119140627,-1.3977519431548346,0.052695360622465534,-0.7950006007366471,0.03673709101852863,0.0700050479142603,-0.037075765631046705
99.27122119140627,0.5096030295403386,0.3806939812695139,-0.4948975454415362,0.04902272576754034,-0.15530684692650998,0.015272408359895727
99.29122119140627,0.37508420385449776,-0.09506866082952277,-1.3060640077928471,0.03637424430272873,-0.0208867996861696,0.04695975573006856
99.31122119140628,-1.0820716364191596,-0.7517383341802151,-0.28705811964927624,0.008379083599056824,-0.09107814974989058,-0.06484181589368854
99.33122119140627,0.0726597539294802,-0.5788139968027382,-0.6884157738503058,0.024936862851962602,-0.042106553435069256,0.0004397244009010187
99.35122119140627,0.30606986017620075,0.3465185086510213,-1.4654357346689864,0.037724855781592674,-0.022721195731364666,-0.01759135243346935
99.37122119140626,-0.7022056476426833,-0.48022922119945116,-0.15560009279715786,-0.042441392562740675,-0.05580011520153168,-0.010733622437522353
99.39122119140627,-0.11894823230241947,0.2032019945616573,-0.9092177054486462,0.11925737269562302,-0.11738840807380052,0.04052361387028988
99.41122119140627,0.08942308323986653,-0.5706195473487793,-0.5765007384420021,-0.0712296360825711,-0.028612541371407403,0.11888495775892499
99.43122119140627,-0.7303065595956338,-0.25321394482898446,-1.2419723455636997,0.08882592648485509,-0.005727901474014794,-0.16478652063180396
99.45122119140628,-0.4996621246521162,0.07033087675821302,-0.10966706216661173,-0.10315707006099421,-0.1721403556858473,-0.0028062155562094612
99.47122119140627,-1.9515893625836167,0.4058540620216608,-1.5145992490355968,0.16672630242198092,0.006022747728994193,0.0893702051940873
99.49122119140627,-1.1569567371804805,-0.8751490223005858,-0.19752745933382218,-0.11845823142997819,-0.12422052093601216,-0.004083334561684152
99.51122119140626,-0.453786358213363,-0.037645379082243,-1.8812329343926248,0.12033628897053304,0.04976201325232081,-0.13527708830929316
99.53122119140627,-0.9247102996861997,0.06479586018734841,-0.010558674588878852,-0.09809043859588806,-0.1657401256352196,0.03253478324272797
99.55122119140627,-0.9982377716951014,0.3472931273789155,-1.2427474784084547,0.18651272947030675,-0.11534400587091936,0.052970526871989734
99.57122119140627,0.2054640082848103,-0.4943968094441494,-1.011244125987682,-0.11099518341866785,-0.0007423142811084966,0.048337242420363996
99.59122119140626,-0.0948488241413685,-0.10283517761180509,-1.0111392852450354,0.12241584635553923,-0.09152826256827029,-0.10318971201350026
99.61122119140627,-0.23520723575339345,-0.0356983149104119,-0.2767317712561451,-0.06526401612662387,-0.084339089753919,0.07552593964648859
99.63122119140627,-0.20387615604329443,0.05558368231400594,-1.3974434345551863,0.13751049609591534,-0.0950431122436281,0.06126503421732125
99.65122119140626,0.9118460573851136,-0.42958691486512307,-0.6269946393433798,-0.07542366865093596,-0.09351749793869155,0.0655800442447289
99.67122119140627,-0.12594032969528232,0.045386396623267586,-1.3671214218389611,0.13658193015695427,-0.11991774710316097,-0.018474733617542014
99.69122119140627,-0.014411997289197167,-0.3624507105619921,-1.2034260042802647,-0.05326161030971881,-0.03964916746981656,0.13864734775063114
99.71122119140627,-0.6505227184770717,-0.4518886337243299,-0.5758627226739467,0.09498700025422707,-0.08710015346290978,-0.010734458181339645
99.73122119140626,-1.1215394577495643,-0.054264691753282614,-0.44291096535753616,-0.0022494823619515474,-0.16206412142232707,0.0030113697471538386
99.75122119140627,-1.8572025566596617,-0.053051195541320734,-2.0367035568345244,0.09695813544054582,-0.013041574063249076,0.10523262156070738
99.77122119140627,-3.1621160130937884,-1.2522009415856905,-0.4389828186236792,-0.011190595785312714,-0.1241630374885929,-0.06617150230941156
99.79122119140627,-2.124344460072902,-0.18109390100619194,-1.2561897934007427,0.059846764442011036,0.04137446666921081,-0.1821624950759759
99.81122119140628,-0.24952389601647446,0.7300134476545753,0.18784988228201316,-0.009780419769796416,-0.13631140204391942,0.08131861901746232
99.83122119140627,-0.6429463671076608,0.625371862412594,-0.9816519055347194,0.1529777120957121,-0.013926042266345539,0.054786957701096026
99.85122119140627,-0.6147843941489668,-0.5050407052772701,-0.21319135519590604,-0.10840582454550163,-0.11713847064561501,-0.13992253289952405
99.87122119140626,-1.1070959710589678,0.9024931662724163,-0.5064907640480245,0.08938659630732626,0.008736503536130327,-0.08438620563975315
99.89122119140627,-0.1341821173192462,1.0976567890417137,-0.054546859080239325,-0.011801548849792976,-0.13729990613387844,0.18817408797435348
99.91122119140627,-1.4292872621400037,-0.35624036897128925,-0.8475846203074959,0.0698571279006232,-0.07956733772640301,0.014559725301544058
99.93122119140627,-1.5096133880191993,-0.726527659315364,-0.5834167129093029,-0.07845091101112839,-0.06385111001128482,-0.15884677925271673
99.95122119140628,-0.3120519572487033,0.7940680781896521,-1.09669306401712,0.041413047537767936,-0.03183467242630525,0.010313229566697614
99.97122119140627,-0.19436604861882398,0.4442318292929575,0.1947273865932334,-0.02496169412579754,-0.11545068523925558,0.11138655904650673
99.99122119140627,-0.6828374805772998,-0.03379042000365605,-0.3191291557419223,0.018887117875602884,-0.06014101760223726,-0.0819511878022172
100.01122119140626,-0.8104107729092265,-0.0055151324061716855,-0.7385918076923533,-0.06457329535302521,-0.15890810875432929,-0.09542418463359219
100.03122119140627,-2.034621972925478,0.5251948721763401,-1.204545631676871,0.0050246081832549805,0.03749911070986272,-0.028483113911693395
100.05122119140627,-1.518169350642348,0.15106767035413965,0.09086568231658669,-0.05189052980484984,-0.10858513364177276,0.0015613720205000612
100.07122119140627,-1.133741395722064,-0.2867746241462566,-0.38224967113775304,0.00014260060569879507,-0.04845800700914415,-0.10136898265360778
100.09122119140626,-2.444947017299204,-0.1740788989651308,-0.428891255017775,-0.09000017758248265,-0.11595500734674435,-0.23396111420972254
100.11122119140627,-1.5928052333854636,0.7084964290677881,-1.3896742253309478,0.017462357197696142,-0.04365019779104799,0.018162866422084117
100.13122119140627,-1.1963263676368012,-0.0417468346835754,-0.9872695261690132,-0.00023058870661027457,-0.08225322348639795,0.010614867012067113
100.15122119140626,-0.023185972552160813,-0.8985016371170833,-1.4552359683342349,-0.01838052758727356,-0.0561879772375503,-0.18221698695756616
100.17122119140627,-1.4025407479925698,-0.5076422918098706,-1.6349171201227577,-0.011354418581533163,-0.051252331745970776,-0.20378396453575456
100.19122119140627,-0.7642037537957351,0.5772308150365955,-0.9368414633380895,0.02602201898428551,-0.07599934013873479,0.00920951296912934
100.21122119140627,0.211296125044577,0.2764318263733572,-1.163405458192514,0.08436712394701776,-0.05573677996248359,0.03625443568926794
100.23122119140626,-0.27482832927373846,-0.8164918946273768,-0.6577601483308123,-0.01468204138441222,-0.04718181423914332,-0.10914258910027005
100.25122119140627,-0.3043706636166299,-0.3311645638325214,-0.9588297537279886,0.06897386690528,-0.10209445317575441,-0.10400054177962137
100.27122119140627,-0.32677223899695534,-0.07674702522589272,-1.002545710102242,0.031446231103231956,-0.05047585642346961,0.03377217032128434
100.29122119140627,0.008595650850242633,-0.16201514831419664,-1.094079381389639,0.08107042005514858,-0.03214157224344613,-0.03874786929871893
100.31122119140628,-0.07670715863635917,-0.5361667355543697,-0.8400534654843546,0.025179432720143606,-0.062441586576101965,-0.09550555575389733
100.33122119140627,-0.5241620225710975,-0.5625880817443843,-0.8086185232323182,0.07797191719485912,-0.05669524376919141,-0.023193610750898753
100.35122119140627,0.026781931236740684,-0.39640097295011517,-0.6299918099819697,0.07052862665113199,-0.11208270481803158,-0.03323776051560136
100.37122119140626,-0.49896825667674843,-0.18586434151613818,-1.0283719744184403,0.05077188302773435,0.03359999464740984,-0.10832694928848821
100.39122119140627,-0.909749863834723,-0.003607977898359745,-0.0359405916277741,0.05380521446325622,-0.13797879315724793,-0.09150044786407927
100.41122119140627,-1.3121201538585947,0.27727230647846185,-0.8977389758814701,0.11815190835472965,0.007883874613286688,0.028106193115572598
100.43122119140627,-0.2572763219477595,-0.5939844798812731,0.014269856251050756,0.013981418261033078,-0.10797912477678606,-0.016451300557262835
100.45122119140628,-0.9729289994876664,-0.28530158933203115,-0.4623121634294534,0.08333491280048833,-0.0027213900220245516,-0.2570442369088909
100.47122119140627,-0.7061088646389743,0.3561920846724525,0.3254964316516937,-0.04424535288089429,-0.023042497736688393,-0.007324358600355978
100.49122119140627,-0.32938733420292104,0.4259115361422907,-0.3985642268591127,0.17168958660872274,-0.08450620507282255,0.08565991011755095
100.51122119140626,0.1655678180664281,-0.587212644614297,-0.19751128323767606,-0.07264157071064108,-0.12434046446279304,-0.1097192455419093
100.53122119140627,-0.18353084981663456,0.011077023241532107,-1.2534600344455638,0.0821862820900004,0.02451387404097022,-0.15559896570649262
100.55122119140627,-0.5477844111304551,0.21827234831679554,0.7245148308949309,-0.04641474410718456,-0.12400132506946634,0.07801852174432465
100.57122119140627,0.4469095317095108,-0.027357457115449988,-0.7460460934305229,0.12378108417478634,-0.02938870396055533,0.034993204380209905
100.59122119140628,0.5844037057766887,-0.7261020206307481,-0.558619371457495,-0.09803550785858073,-0.07750787164221841,-0.1082811292206165
100.61122119140627,-0.9452107987253356,0.1772929047446464,-0.46535172074962017,0.052918549130059916,0.01679425544321045,-0.02204828189536184
100.63122119140627,-0.8388621459219295,0.20084219722889737,0.1297355371449362,-0.01738044226074224,-0.12146016147868834,0.04626628292547531
100.65122119140626,0.5223924485133542,-0.3081582655486396,-0.6069737403435257,-0.010236398222807227,0.0023568274286460697,0.007606134034324033
100.67122119140627,0.7572219413722113,-0.32788269136873976,-0.30238680025149145,-0.008580658518149325,-0.15090202822626633,-0.06097903166134356
100.69122119140627,-0.4278284482311493,-0.1504662153110693,-0.9932860172631149,-0.017885090685039212,0.011113363078329164,0.04500472165748413
100.71122119140627,-0.5153520229353354,0.12027225586754045,-0.5218833202762944,0.006349380288437414,-0.14996140066019392,-0.0006485467831470762
100.73122119140626,-0.23394978259418606,-0.11735176184055598,-0.663370431034937,-0.01576537148672088,-0.015259564739819662,0.05552439800040954
100.75122119140627,0.16479286723862044,-0.06542278097181523,-1.048158080427237,0.022662341532670133,-0.07224469954240012,0.002415743112559346
100.77122119140627,-0.7020415125250983,-0.14125230880590214,-0.14282451199168256,-0.060187397583104055,-0.11694449401364355,-0.07074252505040046
100.79122119140627,-0.3131480440062341,0.8845136037361917,-1.2591346178415839,0.0738018918232135,-0.027177325548394173,0.04325421530524209
100.81122119140628,0.04711281667238082,0.1033966820638215,-0.2655033579574927,-0.04040411687277723,-0.05991364741992201,0.18930217293819684
100.83122119140627,0.004498457432955354,-0.45718142470348033,-1.1155466798250477,0.08506822895724421,-0.0748668522585445,-0.08474324316574905
100.85122119140627,-1.5093438137168673,-0.12122369212953625,-0.6989849317880971,-0.1123195325825367,-0.04492884724846472,-0.14512128073501443
100.87122119140626,-1.0485902071083142,0.7723032741812152,-0.39554147497190595,0.10269860189578497,-0.07794331472798652,0.12723798019864355
100.89122119140627,0.6462271129442303,0.2470131523122748,-1.081351208704758,0.02704516797569985,-0.05422666468006219,0.17107382832771825
100.91122119140627,-1.3462284781460254,-0.890911800051468,-0.21891550110356273,-0.04021690278706982,-0.016642298801343526,-0.19773191218897487
100.93122119140627,-1.2070022384348913,0.7503070950341735,-0.7434435979405711,0.04955056095401,-0.10178414689510319,-0.06855487996726504
100.95122119140628,-1.1378052597713935,0.5976637831296128,-0.3511520362893225,0.013140286028874265,-0.06742622009908096,0.2238278674666052
100.97122119140627,-0.07193270998897491,-0.10941050097541989,-0.8178289159017765,0.06812682410628104,-0.04132601693629468,-0.04464913936176867
100.99122119140627,-1.4382663108999407,-0.34464884977068283,-0.03291548696034351,-0.09141670684194045,-0.06501973238463327,-0.22791526493112385
101.01122119140626,0.38645955274135485,0.7995340533195192,-0.7015132437783185,0.09173229139897472,-0.07352407273406687,0.1539478171075472
101.03122119140627,-0.6656284522624245,-0.16040666671471815,-0.045702809948487425,0.006810572031309313,-0.10612022929613665,0.07629458252996413
101.05122119140627,-1.004967778628528,-0.25459653450630204,-0.8349429553872985,-0.02725278407224882,0.03953331047167992,-0.21645774320119301
101.07122119140627,0.025877582530213876,0.6195976518314347,0.05598331403578891,-0.0336426316229566,-0.109076737624365,0.011224720892010522
101.09122119140628,-0.10459082979350616,0.4240402068573554,-0.6899626840067714,0.08372478389743397,-0.08128043914780257,0.1371025903131035
101.11122119140627,-0.7571683578033434,-0.5085786136604569,-0.30414742064647643,-0.0838714433230733,-0.06544168673957222,-0.10289412250091234
101.13122119140627,-0.09443441477972814,0.27201346520806585,-0.6472436828041241,0.029029966603567013,-0.043465460499091224,-0.06552925560692828
101.15122119140626,-0.5472534549116171,0.25271250564366327,-0.5802136228333796,0.010739459404153382,-0.19288803089300527,0.1291578382193044
101.17122119140627,-1.7018183371936648,-0.6009349314054959,-0.708082785536823,-0.026209599162685143,0.16703569577322366,-0.024880422928667642
101.19122119140627,0.7007951116337034,0.19786993894796528,-0.01552619473469412,-0.02277366255156479,-0.25031366093106716,-0.16357082358185124
101.21122119140627,0.3571442051237555,1.3490390951392333,-1.1278161372230089,0.0373226467692383,0.013091902848500824,0.1552047234543864
101.23122119140626,-2.155023084635265,-0.5018051117553894,-0.13650176867907732,-0.023378748869557698,-0.03873592842693427,0.047789791612105614
101.25122119140627,-0.09276633432352048,-0.6679689113198203,-0.5954771357413614,-0.02626168215769142,-0.05655163297129168,-0.17932584205745136
101.27122119140627,0.10269970398126092,0.46599907239104543,-0.9632169912388168,-0.027541483809378153,-0.015643320391725182,0.0010884608839024223
101.29122119140627,-0.37231631839185586,0.4692582768191896,-0.58636819793649,0.046921105098835805,-0.07142519740300116,0.13373077258835403
101.31122119140628,-0.6402670563261978,-0.9433927195707505,-1.0293255286600584,-0.005069590291447043,-0.041787553161141515,-0.018980223340264425
101.33122119140627,0.11852430186878697,-0.5980092924307849,-1.7857891218987072,-0.008430888966601966,0.04133932036323792,-0.07154179441385512
101.35122119140627,-0.38752508380162554,-0.4887839055550438,-0.19820201843930452,0.010021320210873772,-0.13170694238079445,0.046422823719817936
101.37122119140626,-0.7530926489624317,-0.3109824765786343,-1.4395104987424927,0.10140644101346431,-0.06067355451873281,0.04095917098833155
101.39122119140627,-1.3019440536958315,-1.0351002107729717,-1.3109960869960824,-0.05358449640287596,0.0174962434525374,-0.0502122389960535
101.41122119140627,0.5735317202695802,-0.36248754703094105,-1.0019540633875943,0.08907247540304937,-0.042069759234538574,0.012188269268300423
101.43122119140627,-0.5080060274827296,-0.2550267544426205,-0.6810280951698761,0.05306094072372472,-0.17398485350020818,-0.0006476507911579359
101.45122119140628,-1.3572867074377943,-0.934725641436115,-1.403661373778324,0.038968365671978,0.0382792004903946,-0.0073961402517652534
101.47122119140627,-0.09667552120313543,-0.6514296282184785,-0.8378421306580311,0.07404683319273128,-0.09438762571348755,-0.024410016277231158
101.49122119140627,-1.2593880255075303,-0.1866332022060737,-1.1357260312105573,0.06254574196600575,0.02068659112152788,-0.024682484048641658
101.51122119140626,-0.10267198496709223,-0.09401298674374689,-0.09058326208963721,0.06702701226526653,-0.2146279229461603,0.023398115685363933
101.53122119140627,0.2597894114479283,-0.16271753502849054,-1.664249684455883,0.10637151946050283,0.05980368258493786,-0.0052792717396601815
101.55122119140627,0.2304381005768882,-0.22702911650571087,-0.7954763988848922,0.003542558917727625,-0.03754350105544337,-0.05984485199812372
101.57122119140627,-0.7184908897797306,0.03937128566036771,-0.5399604367130812,0.1465897409679797,-0.15111608764607948,0.014938202830810692
101.59122119140628,-1.122394781721407,-0.07916442061640383,-0.5592923108862824,0.04477427229987667,-0.031586373663057644,0.06716912195533797
101.61122119140627,0.28617434792320184,0.10155806489956112,-0.9183453174600716,0.09640406211196328,0.008055285593708848,0.0006280160248120682
101.63122119140627,-0.4466608226881671,0.13575594771651658,-0.25893807212553577,0.043885971811213675,-0.0789187552355339,-0.08010211552370823
101.65122119140626,-0.6186409489605685,-0.08899195846027666,-0.42376859052884414,0.07478572086160903,-0.0936237795044301,0.054134551636620176
101.67122119140627,-0.5130396668640498,-0.6681003782702271,-0.5560706619332254,0.07774339418892756,-0.05035729648846346,0.04795731619997404
101.69122119140627,-0.02175103171458433,-0.5721437734866464,-0.44840525858595165,0.022761108574342864,-0.08740745973550909,-0.05962078359564847
101.71122119140627,0.056045784314391486,0.02535837607464753,-0.8806052618444907,0.0698762439064672,-0.03214518765076793,0.00589926114793914
101.73122119140626,-1.4365041697840168,-0.6747315824708324,0.008167992671779143,0.011392396782458543,0.00516185480481902,0.0820953191587413
101.75122119140627,0.686741466374372,-0.041760535499303114,-1.1748436479582798,0.1133758080756496,-0.08793548784902894,0.015456186415385811
101.77122119140627,-0.8388082570159285,-0.7361536947765673,-0.31795724286177457,-0.08009133576716743,-0.05254732789338505,-0.10308396032182437
101.79122119140627,-0.4138448474009783,0.025402272755723678,-0.577639018678985,0.10957972737178395,-0.05036727320687804,0.03174835945221914
101.81122119140628,-0.2176567499429419,-0.26008324972094315,-0.46791913833760046,-0.018001251045887127,-0.037292459515556445,0.13569344065815273
101.83122119140627,0.2481336424217511,-0.17979068835196782,-1.1350169180399718,0.06931393497782368,-0.08814704785745636,-0.06641400740418185
101.85122119140627,-0.8914379384768495,-0.13611646384113388,-0.28673907175746777,-0.054998714304665026,-0.01844174775205226,-0.006155208139745682
101.87122119140626,-0.6467316074471644,0.3629239456532966,-1.0624271309213116,0.10791909070434204,-0.049444696878882165,0.07979755927692393
101.89122119140627,-0.36117916569943775,-0.09277575591878946,-0.12093181806602805,-0.05690636591865798,-0.12097309416465736,0.027799858719815197
101.91122119140627,-0.3565010318416031,0.2941652852871013,-1.0659993739959064,0.08592111134771202,-0.012278382778489543,-0.015401449379826985
101.93122119140627,-0.7643541106365696,-0.2600630387612756,-0.4058812297835864,-0.04526120551736359,-0.10213442543914956,0.061058103041178736
101.95122119140628,-0.24056953419218405,-0.014368441881946475,-1.243535440512057,0.0688470821959617,-0.023272916011144007,-0.018257686999411566
101.97122119140627,-0.19598538784797712,-0.14234999283893063,-0.2081262693438499,-0.06412264044238243,-0.08812192891190769,-0.017996460839786625
101.99122119140627,0.003961243295104165,0.29685003563538004,-1.1996388450989375,0.08886802126715843,-0.05855516089669707,0.014359098529971642
102.01122119140626,-0.16325972442658668,-0.013652048686544762,-0.22164796487325583,-0.08206122171000067,-0.03374656587505677,0.031361931653422936
102.03122119140627,0.7375762040859098,0.7352236711861677,-1.025565811643988,0.07607843395440422,0.025324101030629462,0.008523859418156284
102.05122119140627,0.3432572605877879,0.6546709955354525,0.03235392680521142,-0.0750101598000784,-0.14360522944344797,0.04530202313608507
102.07122119140627,-0.6726646975570405,0.7692666160932494,-0.9284357292503446,0.07145058101330899,-0.029241821362262558,0.04061279398884164
102.09122119140628,-0.8300449496542038,0.05167238199960173,-0.09070153250182822,-0.07855165788433038,-0.10685560625309984,0.06799670319618126
102.11122119140627,-0.3924736188974787,0.1406038843962889,-1.1809151603608294,0.05993046121029029,-0.021540273889729573,-0.004022215406990015
102.13122119140627,-0.4219788848795175,-0.13959649756938391,-0.4925516386584347,-0.08151945562466276,-0.08648290619252051,0.0183238000121996
102.15122119140626,0.16360053269764915,0.0541239609355753,-1.7088892147822476,0.08282852528487161,-0.003974367398833011,0.09682411267566787
102.17122119140627,0.25149144559477765,-0.521788781950123,-1.1264786511575091,-0.06465199452199423,-0.08357260987560508,0.015954808369089225
102.19122119140627,-0.6419674485687199,-0.01397885574744489,-1.3643700531423546,0.024638328488773086,0.04216411149234312,-0.09167611521105415
102.21122119140627,-0.4117813580514615,0.33512964870967504,-0.18549634388289862,-0.03781507375126293,-0.09711374624744468,0.07845824347892087
102.23122119140626,-0.6894368290334899,0.056826683011371636,-0.6865673212763078,0.08281759951889017,-0.039760208722084904,0.11242392291440095
102.25122119140627,0.08374753104847847,-0.5482619128221234,-1.153284478530211,-0.04706416794322866,-0.05192099774379845,-0.04959832435543966
102.27122119140627,-0.6198215817011534,-0.1461300227991037,-0.970225362507167,-0.0037516303163266777,0.010442808028511339,-0.07098821582694567
102.29122119140627,-0.8968168060555575,0.3230024777913114,-0.1802693206855237,0.010883929321707769,-0.04821196773699301,0.06458714386528364
102.31122119140628,-0.4744613416778164,0.24073840831283835,-0.7523066808316189,0.026330300388581303,-0.05759086255574819,0.03370984790319685
102.33122119140627,0.7738964628623741,0.16738283524703365,-0.517618317561907,-0.042614958828190136,0.010512179527989104,-0.007184403556759484
102.35122119140627,0.28950127255109437,0.27491473187141113,-0.49181369678712905,0.04534944462387271,-0.14564142566988827,-0.02515186866921587
102.37122119140626,-0.9547563657733025,0.13081889724043175,-0.9129082403103995,-0.013278151614225497,-0.051542591327156016,0.07014929019382338
102.39122119140627,-0.033169441767090455,0.26127127095273356,-0.7122411108715633,0.03526346418024427,-0.03895149405244443,0.08843712752121513
102.41122119140627,-0.10017454381830997,0.29487623993874645,-0.9796588698895216,0.032855458920174864,-0.07736236243457399,-0.007684005142222358
102.43122119140627,-0.23165808965439688,-0.11284121611219808,-0.6711439585428775,-0.011243042984493466,-0.07624341902796526,0.04884999880686718
102.45122119140628,-0.293949019331862,-0.007892857131367021,-0.9346868235848109,0.07742748200966798,-0.012470801281651244,0.029899130538670632
102.47122119140627,-0.3448205518355733,-0.05466987531124992,-0.4877547943051146,-0.03741465048841196,-0.03319124293842246,-0.004596755922880722
102.49122119140627,-0.8413870674574491,0.2697413844162317,-0.46193404214109784,0.08288140005826339,-0.09570851008359,0.0284928680171876
102.51122119140626,-0.09465721005869533,0.09417178705725639,-0.07037236668597498,-0.023851352335559635,0.0615251453232113,0.15922850071100347
102.53122119140627,0.021163346115664377,-0.1953178081717304,-0.2797744150474444,0.05219273965043707,-0.10594604982717765,-0.08217778827616544
102.55122119140627,-0.6228092626843961,-0.30281223817456904,-0.3131135767298779,-0.08004785957217206,-0.019239209250988595,-0.01650763010860763
102.57122119140627,-0.8303053966932986,0.09104246403091265,-0.4538969256881684,0.08202265503262363,-0.15219778252953292,0.07221088169779506
102.59122119140628,-0.647921170439863,-0.3592898096027698,-0.678768498892803,-0.03738982191262466,0.06832176745269437,0.09503187698251037
102.61122119140627,-0.6279104344586487,-0.691932067299245,-0.7318709718492288,0.014335021011102483,-0.0192117671023242,-0.09046921075363074
102.63122119140627,-1.1686010126002642,-0.3982467887386361,-0.15832710147531087,-0.03189287701584696,-0.11872781174206415,-0.038637517567084244
102.65122119140626,-1.2918889895753076,0.23420165062029888,-1.2010492542618856,0.07258667114006949,-0.049382087794968214,0.06166855084704443
102.67122119140627,-1.149403547670575,-0.44364753367259974,-0.29389266490974597,-0.06406459456761754,0.0012155434543115904,-0.02353877738984183
102.69122119140627,0.19500103655185913,0.3072496986854405,-0.49374735695400485,0.0714801716464578,-0.10549319537363382,-0.07924989731960659
102.71122119140627,-0.0744886517335569,0.27399447607407834,-0.7071129215219281,-0.030564110975514393,0.014943345843367572,0.05831682856945819
102.73122119140626,-0.3159157845186632,-0.15947175928055493,-0.1792808937762515,0.05797502304379516,-0.08868318967071097,0.00850868895848706
102.75122119140627,-0.7376629403100018,-0.11369276053904219,-0.6821023654045536,0.026101863948563453,-0.06504987631430788,-0.019606969646338075
102.77122119140627,-0.15351767865391958,-0.0127346046953774,-1.1889615271878722,0.012209687597770387,-0.03861693076351765,0.0002163380217791066
102.79122119140627,-0.7925929636619086,-0.2657312797785002,0.1768622385331972,0.010391741168356568,-0.015097982410335054,-0.04402975817661072
102.81122119140628,0.04215653695872196,-0.025005629865476064,-0.557850644960582,0.060612134299309575,-0.12437464327729614,-0.0176075868072363
102.83122119140627,-0.9947021086083461,-0.3552913821815034,-0.5027445266199785,-0.019510918859627135,0.011234875865753311,-0.019483096817982902
102.85122119140627,-0.2502818012708008,0.1369849933165161,-0.5474052033008728,0.05583872059222607,0.011002600445877175,-0.07207589337993328
102.87122119140626,0.2613657117873018,0.05871074596881842,-0.08873220494271712,0.00020167091193937505,-0.08038514142847164,0.03612542652752524
102.89122119140627,0.3032611290642216,0.21133770558919765,-0.5241322390279495,0.07648218993404685,-0.06968563112923525,-0.03382509865843016
102.91122119140627,-0.3551881868879257,0.059630210348363966,0.08455451436152724,-0.05450122159751258,0.020933396414718555,-0.06933921193113447
102.93122119140627,0.36819664723354945,0.6207464173733798,0.04338616866326333,0.07643015075749168,-0.11292856986797026,-0.0153742996492786
102.95122119140628,-0.49622608745542335,-0.278997228917623,-0.4487896621133947,-0.006778039746174805,0.009846216827773887,0.06265746815592585
102.97122119140627,-1.0031439542051188,-0.5700195157488493,-0.4288675319037803,0.024528567465768782,-0.02757825445466402,-0.07296502927044692
102.99122119140627,-0.6816200312060513,-0.1503655860641459,0.011321211340450298,-0.024784008587269476,-0.03161198475390974,-0.1018154301579702
103.01122119140626,0.17173501889492573,0.4474711800679419,-0.2896306344187801,0.03614167881713315,-0.0476349086811663,0.038717765617897956
103.03122119140627,-0.9435621786782543,-0.6578745866324658,0.31894378558069547,-0.007046021017264994,-0.07715934920117022,-0.008390144019515596
103.05122119140627,0.6039126275777292,0.014721136620536122,-0.7373036978033937,0.020072775446067965,-0.0014715512776294008,-0.0866539952405965
103.07122119140627,0.3286301387724451,-0.14501204937001694,-0.03766093206394855,-0.03153207955935177,-0.08438625505685975,0.009927906669539922
103.09122119140628,-0.2443745668825157,-0.07523328281029656,-0.5302107497573318,0.08904261434938304,-0.055387865230286916,0.020841566795883733
103.11122119140627,-0.18048307384262063,-0.3678621740398187,-0.38502187774569285,-0.054793303933534626,0.007177264683831476,-0.021137711725874104
103.13122119140627,0.0019429194394542345,-0.03688343079692424,-0.3691742696033406,0.054965166710675806,-0.0406590506141701,-0.06709905773755205
103.15122119140626,-0.425221966942757,-0.44415206355666864,0.24234009648063426,0.008866251429449305,-0.16979880703150246,0.05710113111344026
103.17122119140627,-1.2140893825231163,-0.5249230511534607,-1.5590420349241767,0.07460549388038894,0.0988088100210095,-0.043777755204924274
103.19122119140627,-1.0855092732090261,-1.2210651665695667,0.7591721054993299,-0.08974537479463712,-0.10399114915122522,-0.10691579451528371
103.21122119140627,-0.6054585420375178,0.18742825762137955,-0.6665597317445267,0.16806701738202584,0.025445429779603953,-0.044761728199848104
103.23122119140626,0.5892503856867974,-0.41622449786420407,0.02390059375837096,-0.07815066254182665,-0.08311738438599334,0.08112036559535461
103.25122119140627,-0.22739184105749713,-0.30162582436349905,-0.3243251614111385,0.13927224301868973,0.020830994225820083,-0.13259598391807265
103.27122119140627,-0.07636696601455562,-0.1995659796625315,0.7236293308818744,-0.056250083075257445,-0.16745865279583919,-0.03888663985814648
103.29122119140627,0.5718929411381803,0.2996394937317472,-0.9506587372652822,0.15204669070911966,0.052497950176211464,0.082587806088336
103.31122119140628,0.46610227324097064,-0.31966905554858077,0.2500014624622032,-0.02425546630753739,-0.11777894148569261,-0.04342753527994664
103.33122119140627,-0.26645014371492237,-0.18239305556796084,-0.21414854381761167,0.07589794386855847,0.06645986812840933,-0.053723605240356576
103.35122119140627,-0.43860006938046087,0.17511928930820225,0.5490058230025999,0.03785278008630075,-0.15026997473223155,0.029809902967046584
103.37122119140626,-1.144700668594426,-0.2478608743354268,-0.18479161228066923,0.06613328333571433,0.016220173391521788,0.03566049377003802
103.39122119140627,-1.235080251734388,-0.36436865075662905,-0.15226176741679315,0.021771330909026807,-0.03238386182761155,-0.1577825449935427
103.41122119140627,-0.32450930797272803,0.07483177795694228,0.18829324890188348,0.011126160737118624,0.013013822772819419,0.002566020175541966
103.43122119140627,0.4825363135896834,0.5162430407829032,-0.02519483390382306,0.1115771849345549,-0.07042309030192705,0.03454158986226335
103.45122119140628,-0.5320444254918623,-0.5997891966737174,0.6309490777574701,-0.04943180806601466,-0.03807224247334568,-0.0697205732147909
103.47122119140627,-0.23133089245931338,0.17864400269603758,0.19756653534502924,0.07636556293157971,-0.026434428631551748,-0.10000594718353037
103.49122119140627,0.6115956471568039,0.20115895493753272,0.4829122554443449,-0.019232209856245047,-0.09902609209085168,0.09192104292646137
103.51122119140626,0.2957051316780488,0.0556424581207578,-0.3794177362922837,0.0894686748848943,0.006771763421722043,0.0050967046111690135
103.53122119140627,-0.31310492084960156,-0.5923162163611113,0.7931422705043107,-0.08336135456835446,-0.06110958362804233,-0.054493161552330534
103.55122119140627,-0.8433193020015352,0.08627042889702131,0.3287325072227966,0.07164613905380808,-0.04047815402227369,-0.06041980128153789
103.57122119140627,-0.06545556314159566,0.08707989690107727,0.23848819786050132,-0.03857362693285296,-0.06077604688084463,0.09470159371987943
103.59122119140628,0.30911741554997835,-0.3644557100323743,-0.10905787519350361,0.03439250344732532,-0.06842603273674168,-0.023187738554289426
103.61122119140627,-0.4385713559806208,-0.32179666422250514,0.3054372086677078,-0.04765729529386299,-0.038311189281194875,-0.08286100090790874
103.63122119140627,-0.4280241728268469,0.007206312045119694,-0.7053923601387584,0.04744819441494524,-0.06549686633336668,0.05690200229439569
103.65122119140626,0.045204478833604636,-0.45089401847472094,-0.6394928858561651,-0.006432634335720739,-0.021333118962727427,0.07266526985926952
103.67122119140627,-0.19662069053113684,-1.0569081212750442,-0.31182779128974236,-0.004984260532624938,-0.029381902553006493,-0.14233803695581476
103.69122119140627,-0.24350322777924382,-0.001192402261605731,-0.12302660345686801,-0.00030666261489805644,-0.06236269311239629,-0.06476887690472563
103.71122119140627,0.05764370649069704,0.3659833512995957,-0.6836499375076365,0.0684582855910975,-0.02687887836660495,0.15425681697564472
103.73122119140628,-0.9365019343840055,-1.1241911780678437,0.029551524454017482,0.0032332745456433894,-0.09109577474692752,-0.061032831644002535
103.75122119140627,-0.015376557613661516,-0.553704198736864,-0.8360629313178826,0.03251831632668822,-0.018342000432858187,-0.1020663263985437
103.77122119140627,-1.0731583744381685,-0.482236740751262,0.41553287934155636,0.01523736800252177,-0.09176529400383417,0.05627668608159804
103.79122119140627,-0.49425547675395703,-0.06456612448359401,-0.9843674905034273,0.1230768704883194,-0.008229033176496902,0.03417723288132476
103.81122119140628,0.3644444230421982,-0.934673216035676,0.09499812419768157,-0.0672289389548744,-0.05760090692981516,-0.05102887446210591
103.83122119140627,-0.25105097498112827,-0.11649313053614219,-0.9041260710032435,0.1618864962008289,-0.04211332819723794,-0.0752749858395996
103.85122119140627,-0.2545538136431749,-0.3812251934820822,-0.15032986051079553,-0.038706351807479056,-0.0590117892364985,0.10542899836728097
103.87122119140626,-0.20968451994121398,-0.1950922663372217,-0.8389255600823244,0.16054397859256345,0.038313458958765284,-0.04270506161643981
103.89122119140627,0.027388312641329574,-0.545535459095703,0.5278924735817794,-0.05097031460205868,-0.09889825025409385,-0.05342704652610564
103.91122119140627,-0.0449408937305671,0.24545614075192448,-0.6048632678648116,0.16559282293032745,-0.03132718614137551,0.009107052985347037
103.93122119140627,-0.28288627192081334,-0.0019283759775220691,0.23315291584530826,-0.01358793333629553,-0.06927966281640853,0.04085461444040954
103.95122119140628,0.0005456038188718881,0.07160823924372867,0.05648344835219574,0.09432731756529551,0.040456771812753894,-0.0539189399171461
103.97122119140627,-0.2605921256734085,0.5119090825567351,0.8878135402238743,0.023647364708383294,-0.17481795651482154,-0.04239987705731732
103.99122119140627,-0.11547439925663547,0.28772632747800847,-0.38830217416558205,0.07442427572153934,0.05074631771771091,0.08080501755455068
104.01122119140626,-0.4153627643800054,-0.23564489358942495,0.6101177853419258,0.01036844841934502,-0.08800316181504082,-0.029618888192406653
104.03122119140627,-0.030296644499909705,0.0986687439522536,0.2348002839140548,0.03222006386504132,0.010323648651370438,-0.005054154697554243
104.05122119140627,0.510633704578166,0.34083087410091334,0.4122295620948613,0.01773052617780382,-0.1406349307875947,0.018236134440257245
104.07122119140627,0.3503540453793897,-0.09481899663077104,-0.10122050634458055,0.02211219477910457,-0.032639555348688745,0.07395910632907808
104.09122119140628,-0.8151448829450554,-0.29296843789326515,0.12590206885191957,-0.00710462542612473,-0.02339451432444468,-0.07042543996110917
104.11122119140627,-0.2530919415535687,0.29568233253997817,0.049237998602275596,-0.006868967535188,-0.05709680440748178,0.03806265570072051
104.13122119140627,-0.39957690659998507,0.15901264769195209,-0.024785353764335664,0.03583419110808602,-0.07992178008303594,0.10244961821868445
104.15122119140626,-0.9542091281331109,-0.7901909396801501,0.03952119898319327,-0.03627263043991644,-0.039803540703876025,-0.031893357601536616
104.17122119140627,-0.37478086953936546,-0.2631369042705653,-0.22618714857399294,-0.009923345359039345,-0.03727485606586598,-0.07293947188250487
104.19122119140627,-0.5301896162305644,-0.031751179430199415,0.053725396272874607,-0.0042209965874968735,-0.1080709827833907,0.07417819792973901
104.21122119140627,-0.2268850748635219,-0.6768749490251593,-0.8136196914133396,0.03404415085257309,-0.03946982593526055,0.0910750262856355
104.23122119140628,-0.16660697270706912,-1.309456022459359,-0.5907997862429799,-0.058997685093612154,-0.023977786800932044,-0.08511434277718197
104.25122119140627,0.21989499093120685,-0.5584820963470264,-0.8334932735596354,0.020700507959643916,-0.05765362790878063,-0.053445251761542856
104.27122119140627,0.6790130391314813,-0.1688545367953434,-0.690124952790614,-0.0009962379898772378,-0.019584336067584796,0.1276612612493811
104.29122119140627,1.2569926807585823,-0.40515501839506324,-0.6745741618895084,0.04048061551930743,-0.05536974090835195,0.06214066305106148
104.31122119140628,0.1588260654967613,-0.8463325166304435,-0.6321598387229959,0.0005553759040983811,-0.10064656106592289,-0.03601343825615904
104.33122119140627,0.09463633164533332,0.0198703147991082,-1.6835686212189986,0.07084885517395471,-0.06813250283092623,0.05461598525241026
104.35122119140627,-1.0703080281123782,-0.3059351982453405,-0.2876527616631971,0.000839562504596719,0.013283578488649963,0.08756908831196474
104.37122119140626,-0.8370262978093018,0.015392720805581881,-0.8998857046078163,0.14307176230441276,-0.12905955349718537,-0.046878951714461416
104.39122119140627,-0.17237814799241913,-0.7211759481430225,-1.0923758012572873,0.0007015366523531136,-0.037971840063197725,0.1522541147945273
104.41122119140627,0.294614328978711,-0.8271794603163201,-1.3902093481805324,0.18200025042334447,-0.03334000003888045,0.013673078770412671
104.43122119140627,0.03501944655842485,-0.9413337469517131,-0.6121709913342034,-0.021259686359507195,-0.03244105505865771,-0.09676033279676534
104.45122119140628,-0.6300035087317686,0.06339123272467925,-0.6299695681667282,0.1609594098021282,0.003263825449112513,0.030997749256188
104.47122119140627,-0.5171493619571517,-0.12737752628164667,-0.1302689260596039,0.08941249226236368,-0.12118205799115264,0.12782475905580984
104.49122119140627,-0.8461883700276641,-0.3981396600250423,-0.5300915293226915,0.09279977707020728,0.06148713157341381,-0.0722213444703365
104.51122119140626,-0.7832157580740515,0.09987560855177113,0.5643468011604167,0.04719856688908714,-0.11714857934518008,-0.0951557899705699
104.53122119140627,-1.250914439262325,0.6169516788101691,-0.24347058877084288,0.1329473499767096,0.027313161358136682,0.09958723289966305
104.55122119140627,-0.7793526503680616,-0.06420263395816275,0.24013963246934833,0.03307034234357586,-0.04499346662089802,-0.007333718601896204
104.57122119140627,-0.6266512504258788,0.28140057574620136,-0.045164373943773796,0.06649152868442444,0.022670589653713803,-0.13357652909725945
104.59122119140628,0.34569165617372444,0.6909789256508894,0.9930436203529174,0.0009327321768484572,-0.04102845709282039,0.07610072049591697
104.61122119140627,0.5085591382670166,0.5303885738959211,0.2897436874671759,0.10227793113452982,-0.07675775455863212,0.0552262788811146
104.63122119140627,-0.08304897197395404,-0.10018104116099405,0.5867624748414655,-0.09444383628336142,-0.007304320765318562,-0.07915712610240248
104.65122119140626,-0.06022721629192422,0.6899728187970422,0.24070733036951883,0.05807359060835992,-0.1296347702167519,-0.01600918255027546
104.67122119140627,0.6518591282422932,0.8012413370147827,-0.3395171508835622,-0.03969481718990464,0.0762296711017351,0.21972679093963035
104.69122119140627,0.6652156093986823,-0.2637814561851307,0.4981370104254818,-0.022798847016543784,-0.09731022064701961,-0.02724603013174345
104.71122119140627,-0.7290973370741061,0.15127270458271144,0.14701311826397948,-0.03861381030809388,-0.149198542731343,-0.09424300694487568
104.73122119140628,-1.1617466435616886,0.3525529960108166,-0.44149563508435913,-0.04954822216447937,-0.012627915019059426,0.1577691156269625
104.75122119140627,0.5019997547706568,-0.20632635299104757,-0.6866492747911056,0.0180658035991273,-0.09681785731379564,0.10012501220247813
104.77122119140627,-0.0483813274818245,-0.8526970674831924,-0.3944260506826565,-0.11052982775642561,0.0009778100842884893,-0.06364149165682911
104.79122119140627,-0.0970753506188839,-0.20401482452666267,-0.2804268237486708,-0.019534770946558814,-0.06899326290251312,0.0067108724768373575
104.81122119140628,-1.0339956764279838,-0.29760087488883147,-0.4222448209352368,-0.04860234943886768,-0.09045415118986025,0.06154487758000333
104.83122119140627,-1.0545806771732384,-0.3776904246037,-0.8252322325413062,-0.05947984659052865,0.0008171752963670607,-0.0234770981633346
104.85122119140627,-0.4331310351316485,-0.5315681457939292,-0.5178369278859001,-0.03316352723558138,-0.1301638048385044,0.0050076977392356755
104.87122119140626,-1.2950101592802705,-0.37861355595641927,-1.5919539413991406,-0.006625840304623696,-0.010833143767703822,-0.024694384617542097
104.89122119140627,-1.437313305235413,-0.5814165745049849,-0.7845051661668913,-0.06959650790384722,-0.05271159626927054,-0.056731122539029746
104.91122119140627,-0.9447630141979394,-0.2194906022009373,-1.5203811674073278,0.07577779596123445,-0.06784933104653564,-0.015154498343324304
104.93122119140627,-1.103644620701796,-0.6427438996599532,-1.3069257942747743,-0.052612294468791586,-0.0008496397483094651,-0.034783523562989145
104.95122119140628,-0.9448562332298776,-0.3574342710271825,-1.2133376333915593,0.06721751343317266,-0.03063047544136939,-0.13557408211180644
104.97122119140627,-0.700071022089092,0.06396710260006526,-1.3838509323016275,0.044425279757388594,-0.1109267304522292,-0.009125505677291897
104.99122119140627,-0.2918515985359961,-0.47326175934741765,-1.59066428932473,0.07849838236329237,0.051643510243027144,0.04898681650088638
105.01122119140626,-0.30327492730025435,-0.6840450645979422,-0.8466999213369562,0.08580045005170862,-0.120259854896537,-0.19547817858653727
105.03122119140627,-1.111839010262696,-0.05785867386593752,-1.4762850755585384,0.07935944162351133,0.008397741875935387,-0.06284865226246225
105.05122119140627,-1.5002812167476138,-0.1221616549540161,-0.21021284601958493,0.09807770403918689,0.06250294856838619,0.02833399173991798
105.07122119140627,0.7566423115631893,0.05386165887066701,-0.6458038851787686,0.18696040229003036,-0.19838110263811903,-0.08752639710217519
105.09122119140628,-0.43457832812324626,-0.7169079295084779,-1.0700635719087441,-0.0060651141898196885,0.21224369039615215,-0.10198698327023913
105.11122119140627,0.3708716854402305,-0.07626176494389901,0.40397000906314073,0.20167837932463462,-0.20041123889600757,-0.08015559426644044
105.13122119140627,0.029034247058470044,-0.035077963956699834,-0.4316348181253248,0.07484169359579404,0.08468431765212847,0.05256165233484268
105.15122119140626,0.37909686654170593,-0.26074986077209356,0.2356686457089826,0.10035395631409791,-0.03492064332490228,-0.10059301736176264
105.17122119140627,0.183374896756308,-0.4569828844698859,0.5271550316275236,0.082288905644892,-0.0855475547605811,-0.06294880563485199
105.19122119140627,-0.17821197355681073,0.15204173567357002,-0.4538179662558108,0.10948403277296823,0.03528648398215342,0.020563187000159435
105.21122119140627,0.21388867436424863,-0.5505114256872266,0.5273116228781484,0.03847201056928436,-0.08538873945911588,-0.007306202579553546
105.23122119140628,0.2538878168350455,-0.32626687309956864,-0.21223736321875492,0.1217874390921605,-0.06484911453894578,-0.0968779470454685
105.25122119140627,-0.11048967859537283,-0.5416897175732015,0.534555188981648,-0.029131161501827884,0.02046322359201046,0.013090723819485997
105.27122119140627,0.5134274783527841,0.0051520701159437935,-0.17053520038294936,0.16538178842849194,-0.09791699664882215,-0.009533830958601339
105.29122119140627,0.3094945154935857,-0.6053313097932609,0.3242795063657817,-0.062611976475961,-0.024210700556288937,0.016625550679552244
105.31122119140628,-0.44116279039465844,-0.4470893016219551,-0.014911224466756866,0.12039348334395887,-0.023893846288711367,-0.08120373779169299
105.33122119140627,-0.2419637404208392,-0.5131980445824185,0.08852667315551392,-0.020419063839188855,-0.1383745256833933,0.035027313681702095
105.35122119140627,0.052573823683657234,-0.2377948093271709,-0.7758692749036059,0.07183631205338356,0.10210912818306825,0.011032890213043121
105.37122119140626,-0.3890401505417755,-0.7048662219798632,1.175055075561856,-0.045545312318744265,-0.13145685819627845,-0.11604835914378445
105.39122119140627,-0.8046095082073912,0.2620873729790308,-0.2416792463706713,0.0798644701889819,-0.006551385296057047,-0.022805755168489487
105.41122119140627,-0.7117745330870529,-0.057284356872564314,0.38308843492952277,-0.04432067108126305,-0.02816391584487565,0.07061907587144112
105.43122119140627,-0.42530859850025177,-0.17639640356488825,0.06165631336371023,0.059523960687695006,-0.049335035234240654,-0.10942279807319322
105.45122119140628,0.162488870500153,0.108343954413028,-0.10445959655884964,-0.04138380597395358,-0.0941250294866669,-0.039808187226993634
105.47122119140627,-0.20379786056360272,-0.10842121701555577,-0.25941948507459595,0.052151465858005494,-0.004949707344022801,0.08260274525690653
105.49122119140627,0.05232665982739357,-0.4507044216489076,0.07189245248306443,-0.0007415386554913539,-0.07764234461525799,-0.07086074044925779
105.51122119140626,-0.18426502197904837,0.005459548786127239,-0.16398333915196606,-0.020745592951737415,-0.021435607399138683,-0.10920606046198224
105.53122119140627,-0.1262200993065834,0.6990989449172484,-0.01287691798565081,0.05313987483956415,-0.0486463262856402,0.07836863111651597
105.55122119140627,-0.1215281781210068,-0.051488500627782076,0.08523668676245387,0.024964565132542693,-0.08951252348411058,0.06471932123330301
105.57122119140627,-0.04111521886913275,-0.23213743440023216,-0.3037018971278545,0.009584397347463847,0.014110124970801309,-0.10311098735687275
105.59122119140628,0.4516518733565886,0.09646420842907012,0.40700742981041577,-0.0024881824356798223,-0.10511819251208934,8.768343054173446e-05
105.61122119140627,0.13446191682062078,0.4525152268330524,-0.1599555484656347,0.07534917187444308,0.006271135348799574,0.09784441048332088
105.63122119140627,0.65812162557068,-0.14483313142011892,0.36461095519699344,-0.027110822824807448,-0.06885898726071303,0.0068758548412519846
105.65122119140626,-0.2213432984745263,0.003932888358559304,0.16190321872783536,0.03332283130855257,-0.01817091543373066,-0.06352721907679901
105.67122119140627,0.4603452327036714,0.2660526934248643,0.14073089894849364,0.01454710544728779,-0.12243160345398274,0.12572263654332938
105.69122119140627,0.0309097769852436,-0.5017974660388439,-0.15312906160775466,0.037085908521357173,0.032566334575136836,0.10807545829695756
105.71122119140627,-0.037084795304862965,-0.8826745226153457,0.3391565537064013,-0.01790153010609297,-0.0995934220709215,-0.11561229689703954
105.73122119140628,-0.36185193630343915,-0.0372102869607196,0.3173170335600479,0.0016838718317604604,-0.021243554421191708,0.058625670944623516
105.75122119140627,0.1933213353737972,0.10349455090435895,0.18260610461059112,0.05682707307585501,-0.10643199476432653,0.14464134883931334
105.77122119140627,-0.6865281001566432,-0.6520776473361402,0.07993978721790546,-0.029674290286337137,-0.051928783296998945,-0.06862317013939088
105.79122119140627,-0.8562080575605829,0.029405113497369677,0.19956255842006804,-0.01874753360612197,0.012356528398352684,-0.06740468874200346
105.81122119140628,-0.024212431609115032,0.35133538211492255,0.2956881236295416,0.05435783244178732,-0.14987435359575163,0.1417852169201916
105.83122119140627,-0.7544234862621507,-0.3653122478362295,-0.36887968185285885,0.006750020038081943,0.00411178297196821,0.023329215325148894
105.85122119140627,-0.2628405559987261,-0.5117683029082183,0.17224701864113762,-0.04387759476580466,-0.022831560106997495,-0.11032269640162363
105.87122119140626,-0.5065080447932802,0.45238778928135476,0.7419484615133569,0.03198015363849971,-0.07056265738860436,0.043910406219846515
105.89122119140627,-0.7219158056695845,0.17423687784203673,-0.08376390283654143,0.03737458054378507,-0.059397890340049726,0.11146641290715603
105.91122119140627,-0.5497901293368099,-0.43361601281094453,-0.05217361240592974,-0.020768300073225523,-0.03959183945694627,-0.030151802455434463
105.93122119140627,-0.4013021306848908,0.04219123018082753,0.152741756923037,0.010093677817258465,0.01680182953929371,-0.033196434498598
105.95122119140628,-0.9145925696155659,0.3250284512925713,0.40288406290743145,0.025221115897799587,-0.1238519964219261,0.02877093035167711
105.97122119140627,-0.5581261754259538,-0.04989159935855846,-0.04371297321498977,0.01985517397744835,-0.01616777977033625,0.09126710542899501
105.99122119140627,-0.24788814197052944,-0.34562948565067386,0.05251722521277437,0.021924518151276665,-0.056672272681369464,-0.07427128425909435
106.01122119140626,-0.5635795945522721,-0.006196914041332066,0.3381927859546071,-0.034395339013237027,-0.004747992716520992,-0.06734793305958982
106.03122119140627,-0.6692681190639843,0.33602088670641184,0.23281038983082178,0.08078916822983312,-0.12407005409122616,0.04335627973912545
106.05122119140627,-0.7537222110550402,-0.4167224473881869,-0.36937915165376495,-0.004133344334818823,0.009746179996701111,0.043709437982679275
106.07122119140627,-0.3603866952715717,-0.6455308827460577,0.5193468372592556,-0.009463575233049805,0.011666505116661102,-0.13131922160892376
106.09122119140628,-0.320938737922683,0.2224502484210073,0.4247526086067618,0.033453277982702354,-0.0932144791753105,-0.06690530331322807
106.11122119140627,0.3429813800236721,0.27975910814015553,-0.11940532219413687,0.020226575409694664,-0.01975460375533152,0.1481123067847344
106.13122119140627,0.004978936954420641,-0.735219674377875,0.372055692910027,0.011333657926926624,-0.03446988520568962,-0.07132049831422557
106.15122119140626,-0.34678504722536946,-0.2795471080916195,0.2740799124590737,-0.023590853035643747,-0.060628321397973986,-0.16788403869933524
106.17122119140627,-0.12400333616567746,0.40883002052405704,0.21086472650047197,0.03004363319762422,-0.02523565299451583,0.12821308468269352
106.19122119140627,0.05371822728975635,-0.27308186774324594,0.15515411656717581,0.05959096547861469,-0.1157217207157079,0.09507077104788751
106.21122119140627,-0.46089573899220637,-1.0419588962499768,-0.04772078727671717,-0.038603857726677626,0.007135966429738774,-0.1467620328575725
106.23122119140628,-0.4441582099082641,0.15723039670968839,0.2928354133590123,0.01972700676400213,-0.04560147000716259,-0.02845035423145692
106.25122119140627,0.11764669801731101,0.24774695687279807,0.18286967608380547,0.08030625075256277,-0.1506498675756462,0.18469200717565207
106.27122119140627,-0.6631586301582217,-0.8246001445013521,-0.18320692918810547,0.0008792657733421226,-0.002103983467582166,-0.06515236639131691
106.29122119140627,-0.18755743876189415,-0.16435336650158966,0.4242954877792318,-0.017038181284468105,0.0009255294536762795,-0.11258763986859588
106.31122119140628,0.16383173649823693,0.497976160306568,0.300994527609515,0.08273038587477344,-0.13377988317327125,0.12186721546209503
106.33122119140627,-0.6492767250916109,-0.2930526609115343,0.29422555547617996,0.0034710975930936686,-0.060239569462971716,0.03655555968694983
106.35122119140627,0.08395353828000794,-0.19601783957763116,0.10041845426325943,0.004539906250481757,0.04040433432443291,-0.10960549762025938
106.37122119140628,0.1566751462827463,0.3604014816632911,0.9676253496513181,0.011372531164061242,-0.1640729273226802,0.03772824377129126
106.39122119140627,-0.3248066396257304,0.08862642833079126,0.15506581347395298,0.060421634759807885,-0.018892049382718316,0.10267870815171017
106.41122119140627,-0.5292519121383142,-0.38826608459462547,0.23513178886199934,-0.03068619407251263,-0.027260395055040118,-0.08770400751560287
106.43122119140627,-0.021442276797101954,0.19775150947333425,0.47184263581838987,0.00121043850303249,0.02077777482308049,0.018864851697912993
106.45122119140628,-0.3281309576330166,0.450271862423522,0.9409332732461517,0.043799246624343355,-0.1594614802171307,0.06757875653905092
106.47122119140627,-0.4022678320770847,0.16802434928899157,-0.4624258783289472,0.008850394378542901,0.006892895096646507,0.05165798773667666
106.49122119140627,0.029378167649128706,-0.6281631257540318,0.6299200937420877,-0.043136412608385626,-0.07837898252080061,-0.014205332102940445
106.51122119140626,0.060282995851018574,-0.07865753216192875,0.2878389954672719,0.051106921104033115,-0.10529629006565294,-0.030310250927918427
106.53122119140627,-0.4879354147602375,0.1919636920165432,0.1081602250287931,-0.04154927138835078,-0.014509469472981285,0.09339782411370312
106.55122119140627,-0.6637078066023328,-0.06233665281423989,0.17947265182883645,0.07469721066509197,-0.15567230746673008,0.06027737530851106
106.57122119140627,-0.34128768243734314,-0.6714573222984959,0.22649722153077662,-0.05392483587172027,-0.00918961621475,0.02676020181338732
106.59122119140628,-0.7948917809822008,-0.2553217275162991,0.10163553935256961,0.027883872103115163,-0.035213709843819364,-0.09386406981697352
106.61122119140627,-0.5581474358380565,0.30013954991359837,0.7379705667305406,-0.028395158483146454,-0.17728388113946517,0.052667911711340554
106.63122119140627,-0.9396477443566723,0.0596966807082774,0.12292810687380136,0.05377137240819694,-0.005415341709294454,0.08225931081987915
106.65122119140626,-0.7872867618604561,-0.8306906637244857,0.6884122664175555,-0.04976548318073006,-0.12342088237973398,-0.06700056176056453
106.67122119140627,-0.48529006646017203,0.2592634815697249,0.0854104879080346,0.016407537515412726,-0.009418219885283607,-0.023877740730509123
106.69122119140627,-0.7997720823089839,0.312866649270745,0.7377000050109884,-0.01022765118292478,-0.10713873302612248,0.08121886419435961
106.71122119140627,-0.3146532200305196,-0.2901975398805771,0.03953350216846949,0.04130611704228835,-0.05085637151412548,0.08213597162702814
106.73122119140628,-0.39232483170079896,-0.5529049578416926,-0.024476902800453833,-0.0331340151622855,-0.04699223559710376,-0.06848621554568173
106.75122119140627,-0.439679558937028,0.049467533028415445,0.29082612943273684,0.0017207288966619894,-0.07467435119195019,-0.03230421459121813
106.77122119140627,-0.6257333807069161,0.18464503226671952,0.5000646428305043,0.03567576151238913,-0.08375134844969262,0.11084600476275479
106.79122119140627,-1.381567286952588,-0.6219270233947529,0.27861029479024846,0.010423522112428642,-0.07008351166594683,-0.027271655156370946
106.81122119140628,-0.29350337786452785,-0.07210869956249585,0.23325331440948127,-0.004307843706556876,-0.08830137368871523,-0.04861543213806765
106.83122119140627,-0.6768147911243951,0.2623851105087021,0.5036086850466315,0.05105227696951853,-0.08816590754421433,0.07510665490697017
106.85122119140627,-1.1308696829473976,0.04386006259971723,0.4824600510964736,0.04998153471233757,-0.051857946719303286,0.0889478491253704
106.87122119140628,-0.4016555424621048,-0.6641412789041927,0.6886865840406816,-0.010345220512135158,-0.11918354950084782,-0.06825058379300583
106.89122119140627,-0.8559401886563375,-0.1757542230478389,0.5116338823489548,0.048807277844846876,-0.13883731277858896,-0.05840488655314936
106.91122119140627,-1.6628862036032772,-0.021315507379123202,0.5140553891510576,0.016451986931569004,0.002760298403397955,0.09506534518198476
106.93122119140627,-0.8078373137756932,-0.38058193297904314,-0.0072031780977068385,0.0573631533788577,-0.0690957178510618,-0.027276946469018702
106.95122119140628,0.7044497626148742,-0.0975785251078247,1.081907806759753,-0.031011894244389104,-0.1597429983570996,0.0021294399107950933
106.97122119140627,-1.6033321753684933,-0.22381821709683128,1.5199726641936686,0.05885109003018166,-0.036777479028784386,-0.06445053726059843
106.99122119140627,-0.03279392874428524,0.3516502324577502,0.35071961989076456,0.012116123168785388,-0.14326102582078695,0.05725718507058145
107.01122119140626,0.02451616462336339,-0.26566903651903945,0.09489422050820213,-0.0049039305763320775,0.04866228792779604,0.058329028102889945
107.03122119140627,-0.24855367835559247,-0.32108544670727257,0.9616034796050446,0.025972542876202438,-0.19381025752403952,-0.1372599546324825
107.05122119140627,-1.0998680472823805,0.335596318697461,0.7304960474100897,-0.03740980769278315,-0.022861569776675694,0.004521911413593616
107.07122119140627,-0.21819385753996232,0.30988276992970143,0.7696114322760101,0.05861587457064626,-0.10839362378466223,0.09630996194938161
107.09122119140628,-0.6455143681364274,-0.5034309431402243,0.7741258409450325,-0.016091501492923637,-0.13374577619811065,-0.015914613588197464
107.11122119140627,-1.1179610950473073,-0.2967866594903121,0.62016721996482,-0.0077718048767762525,-0.07087481283351539,-0.048954350259466616
107.13122119140627,-0.9737832956589805,0.24828816626896388,0.5498459027584729,0.019475113348671063,-0.08916161605463636,0.05160715598424699
107.15122119140626,-0.35296012880213895,-0.1032577050850607,0.8215642393851611,-0.02864686909695801,-0.09416330082842624,0.0040903065977456075
107.17122119140627,-0.5490431285836233,-0.05215464057440056,0.5112046100184925,0.015106709266296817,-0.04197985183845741,-0.05670170560585358
107.19122119140627,-0.680760047711485,-0.004686788275090511,0.6919761772429175,-0.030520492230204522,-0.11731167941837069,0.02134265752001419
107.21122119140627,-0.212938976775544,0.3985939332937435,0.4121747092024763,0.02505469486751925,0.017203522143477035,0.05927831883667047
107.23122119140628,-0.4873647373596034,-0.19305394659992298,0.9469807466083141,-0.016941717022281505,-0.25961351502674657,-0.0648187923327564
107.25122119140627,-1.481639231392549,-0.3097878399552053,0.33931889360091744,-0.007735296705601869,-0.043632370498283286,-0.02052038340499907
107.27122119140627,-0.5556136028346114,-0.1810277870264328,1.16504631589931,-0.04405238370084387,-0.05201776412612561,0.009048459652307586
107.29122119140627,-0.9434701996405542,0.38031771842341006,0.4933737827836538,0.024853031363025586,-0.02737937997727058,-0.06955278328604947
107.31122119140628,0.31595208712140604,-0.0876506799526435,1.0433179345960635,-0.046229168426667216,-0.2844443053364347,0.1247102179835036
107.33122119140627,-0.35665445091470427,-0.031122229223491372,-0.3879732859232672,0.0633970345275111,0.0999602809723982,0.05066977588847485
107.35122119140627,-0.3517508147245335,-0.26404663790349425,1.4694371453845028,-0.12291464766927919,-0.19275604019833967,-0.1591757586523707
107.37122119140628,-1.0719258264703058,0.7228197320419864,0.1471857292228436,0.07606719610879184,-0.01448308453983366,0.0538245148460603
107.39122119140627,-0.3485418252927851,-0.11137681474643091,1.1278475020848768,-0.05033279635950067,-0.2314276402590681,0.13744508667801847
107.41122119140627,-0.8287311486044949,-0.5070696177686155,-0.058662776339478445,0.01881884332662082,0.035096559493259086,-0.12280458982890234
107.43122119140627,-0.9611830189387226,0.37504510159406407,1.0822182242957252,-0.08306792035007166,-0.1566061287925356,-0.08576849334357624
107.45122119140628,0.04603875096169856,0.7943621572775174,0.4588224871472529,0.07096447843739981,-0.06777583052620724,0.171552745559714
107.47122119140627,-0.41427618107606085,-0.46592244288381107,0.6028146711947707,-0.022292511681591562,-0.18084020610166132,-0.01746954805154702
107.49122119140627,-0.9376435580098375,-0.5222945086488918,0.7668367100235398,-0.08972882552121027,-0.009128714878151603,-0.15563731174637463
107.51122119140626,0.6096465311934581,0.9726158380267681,0.37742603080723297,0.05698718277426774,-0.15234201050899088,0.061645386164955476
107.53122119140627,-0.552480167708411,-0.12462451625627036,0.9750059186799365,-0.05423748422105251,-0.1292637052224455,0.16931387566383985
107.55122119140627,-0.15341490933895902,-0.3126085562215578,0.5144504239817123,0.03567730754960367,-0.11769336700434659,-0.0846434261331761
107.57122119140627,-1.293254153527512,0.19107826366123976,0.8206706617438313,-0.10573518613928384,-0.029431262608438136,-0.04232088663359338
107.59122119140628,-0.9929205056748115,0.9018880485605003,0.07066120378577359,0.06578999722378116,-0.021283501919800257,0.12756381647238177
107.61122119140627,-0.10456980192168146,-0.17923892488159482,1.1716699441606466,-0.07874891489106653,-0.17428316620376824,0.1014551119128326
107.63122119140627,-0.2466470472339921,-0.2103481229451885,-0.5370115092058443,0.052435176551316014,-0.08719037661524605,-0.1442268941857129
107.65122119140626,-1.0078313868832227,0.03474830107763309,0.3377193749520051,-0.14733756485377977,-0.030677744035523806,-0.009634810973587603
107.67122119140627,0.46171673492093945,0.9924875491300608,0.913189082739757,0.11286289481504436,-0.18383759606303524,0.18266154421653027
107.69122119140627,-1.6695660219043504,-0.8066070018708079,2.094695626186164,-0.12344421358908367,-0.08081169906926287,-0.06937965658068097
107.71122119140627,-0.9878296972678242,-0.048128412294314034,-0.3185501061454534,0.012923070505038287,-0.024447494707684717,-0.17909772615388628
107.73122119140628,0.34252871198802687,0.594393499365194,0.8342552849450108,-0.10184716684705986,-0.12640243666574094,0.18599016230627832
107.75122119140627,-0.9526052227831423,0.33322281667150744,0.002737294220341297,0.09554437288621839,-0.04136271400015453,-0.007865182981619678
107.77122119140627,-0.8172896624949657,-0.5718427276974501,1.606205844817678,-0.22239665538168402,-0.11573738491864928,-0.1123588021182518
107.79122119140627,-0.17833462727344002,0.9083428856284157,-0.0798602331481639,0.12773350845007156,-0.020098126261162877,0.03101105562211429
107.81122119140628,-0.6768427985057932,0.014970017857009351,0.8832695699746076,-0.1557667610318047,-0.08478063116168354,0.12389019523489747
107.83122119140627,-0.3043345676945971,0.28135952309579104,0.1024372119413819,0.07721893315860766,-0.0620804574665402,-0.03315031979689817
107.85122119140627,-0.7294152210693987,0.1948384425303829,0.8123355173405865,-0.10482634179067576,-0.18176038966580582,0.019536555509618237
107.87122119140628,-1.2492506878090874,0.20816363330369725,0.03978251846560403,0.03756990619810956,-0.03482786503299518,0.007932754377082457
107.89122119140627,-0.10285273312616232,0.12004175450069623,0.7720524789818511,-0.08081366210599364,-0.05474407391467359,0.030247165360092844
107.91122119140627,-0.8601389636811699,-0.007529170235975625,0.5107917380480494,0.015908032499006946,-0.12516110355958363,-0.0641478111181219
107.93122119140627,-1.4122229927266647,0.10775320657527805,0.8506777891197231,-0.06552414412765531,-0.07798198254631564,0.015688110012103837
107.95122119140628,-0.9585812182834725,0.369139863706763,0.44801164322411274,0.044273524409900185,-0.11267700977256712,0.055536614169201574
107.97122119140627,-1.1694541378098817,-0.2563507870715171,0.5553935185144611,-0.07316719989671848,-0.011603226261535106,-0.04067548448118452
107.99122119140627,-0.5255161574738018,0.09368026023315959,0.26483187557574,-0.013163774199782962,-0.09459269599950354,-0.1188941535051197
108.01122119140626,-0.9013242346539021,-0.027252781011873468,1.5472046125380443,-0.05132913001978844,-0.2141351631168094,0.02858825688556731
108.03122119140627,-0.14146858821498617,0.2352364453337434,-0.4745761087678844,0.05755453180054271,0.02641272221672219,0.030133748645246466
108.05122119140627,-0.10359054266641034,-0.31922382605007604,1.3674405520188895,-0.13805155965194654,-0.10799726570971256,-0.09598394375266096
108.07122119140627,-1.3601198716755405,0.803034553990907,0.39704238812064513,0.10842860464568711,-0.0970482410903918,-0.030925166677943698
108.09122119140628,-0.7949963099058872,0.07701142149105834,1.3606018709408048,-0.10150183990874655,-0.18032566589140217,0.1816082143901395
108.11122119140627,-0.4617493438694475,-0.12966662704939869,0.02249432356132477,0.10165660296976055,-0.09726343565628809,-0.07984154944689986
108.13122119140627,-0.41459518019140634,-0.23521670618095541,1.1651338707555776,-0.1624054132638745,-0.07525616762191178,-0.05367701839716818
108.15122119140626,-1.2069163757995767,0.6072763297126043,0.5091105882333085,0.13641195671035986,-0.15761097388773565,0.007124803695366126
108.17122119140627,-0.9687970579851388,0.032570451903626486,0.6395368534715201,-0.09508392213730583,-0.019727497375062304,0.1468572139294327
108.19122119140627,-0.8212011166029883,-0.2852001151042861,0.8464299221351602,0.03766803243451053,-0.07479797505116269,-0.13466846450301903
108.21122119140627,-0.3316625042311713,0.007080587650787924,1.2462012110079548,-0.08030047272448351,-0.13515008828887082,-0.042120052604229685
108.23122119140628,-0.9351536134186285,0.7102880746416622,0.1820109533888094,0.06367489334515891,-3.0039787831276174e-05,0.09646059689631968
108.25122119140627,-0.5353986857587185,-0.46375158520854354,1.1509490447680475,-0.073899440978604,-0.11140007043148124,0.0425504922638568
108.27122119140627,-0.7909308835767922,-0.06243761222766211,0.898476507973683,0.012713634041513868,-0.07996787666966057,-0.14580205355080314
108.29122119140627,-0.4526131017389182,0.7049968993138956,1.0077361377866623,-0.062431479232067544,-0.09531418644488618,0.055817739400725715
108.31122119140628,-0.7106526664079293,0.33008978968366676,0.7210724765568682,0.03171081670104946,-0.05144373382653077,0.09302809280296154
108.33122119140627,0.3467587764976369,-0.1417454533527239,0.9009007087250426,-0.057845999061278304,-0.14507560755254922,-0.060818736483330645
108.35122119140627,-1.317428714775372,0.029775455237092994,0.6329822794346646,-0.061148247766382266,-0.012151829406767994,-0.13424863228849482
108.37122119140628,-0.25677902122963875,0.8831682176992889,1.2414035428454735,-6.84433155048948e-05,-0.20712715773031015,0.10832650768547418
108.39122119140627,-0.5985655237200658,0.49152799533591807,0.5480855824122807,-0.013315335019089816,-0.006382311598859195,0.06698752094026557
108.41122119140627,-0.6795943486489707,0.2115647112822456,1.1969559990846916,-0.08388911214068737,-0.09197630502750241,-0.15879625320823326
108.43122119140627,-1.1707340946083458,0.872805006062806,1.1864417439195398,-0.021938667825200972,-0.04670697805497851,0.024657120410132086
108.45122119140628,-0.9678582872280014,0.33566440164162825,0.8989268566354769,0.007779619637630331,-0.1581079670980182,0.13502156377806893
108.47122119140627,-0.17178234546259705,-0.08711509542594432,1.0792965081027763,-0.10762426441825843,0.01705309895007508,-0.07134075005163326
108.49122119140627,-0.5882259618523433,0.7417143320424069,1.523692647659329,-0.038837562973819025,-0.13518865418750253,-0.1620102728748899
108.51122119140626,-0.6012777087398871,1.0419019152590148,1.5397706696290232,-0.07213063692727446,-0.046435536897742616,0.18730802532899346
108.53122119140627,-0.7441058754447636,0.2090056216009221,0.8353103040352294,0.0032946223748477666,-0.09507520300589255,0.02760789490059207
108.55122119140627,-0.11684464608798897,-0.2313068221486684,0.7583606387735637,-0.15339241464757908,-0.09904574342042878,-0.11442168317469352
108.57122119140627,-1.4364234227830732,0.6698353711019188,1.1137662167453668,-0.038797627141576085,-0.04683937694686093,-0.050164186293898336
108.59122119140628,-0.8534648175873678,0.9781207043329737,1.4282634616775767,-0.06491053323676979,-0.12135266130920946,0.12330194927554114
108.61122119140627,-1.1265006155186188,0.30073437840717937,-0.06076198924677699,-0.02437307540675739,-0.08482206629485274,-0.008882297462027313
108.63122119140627,-0.24917732113690672,-0.5285062976938963,0.7312711663122605,-0.13296298000851522,-0.1216663031643426,-0.03495974639454688
108.65122119140626,-1.5690507865493968,0.1960918201420759,0.252293041466207,0.014731648256718669,-0.054074674438889796,-0.09571565401530993
108.67122119140627,-2.2098447539084334,0.20663540970770874,1.3524678850875371,-0.1539981771137351,-0.09450205277404333,-0.04911857041909047
108.69122119140627,-1.3465864430143162,1.2218724823805003,1.065649209524973,0.027519276068450962,-0.06845633308958048,-0.06576903736454195
108.71122119140627,-1.6255836466485378,0.7255471214889262,1.8173947121428118,-0.1385705082791854,-0.15489509086621353,-0.07204849914868204
108.73122119140628,-0.9240787912825109,0.8056653539806489,0.3221284567549965,0.04477072463118141,-0.11229519703275868,-0.007799090655412904
108.75122119140627,-0.30147711163403235,-0.2718660418324848,0.6603911838754333,-0.12008744263055159,-0.10593929491940068,0.003469530465928162
108.77122119140627,-0.548524686324415,-0.4494676269828804,0.3167895665073122,-0.005994680297506344,0.013858872846894403,-0.17374666424331567
108.79122119140627,0.6289034077180389,0.19354769212898865,0.49202088893727197,-0.0628115109646492,-0.1748461593476162,0.04837609639398352
108.81122119140628,0.7446401213499991,-0.13209967539575018,-0.27120860542550346,0.06788678032598526,-0.11465709143496211,0.13659377315245622
108.83122119140627,0.025518781212466545,-0.9671521643561337,0.4607119278808907,-0.07696109195330543,-0.05356502583623392,-0.13965218464310425
108.85122119140627,-0.8290939053615652,0.1237858153819707,0.6855324912869224,0.0062899242471161345,-0.09247643899951227,-0.10486604040211979
108.87122119140628,-0.07474327897181826,0.6396620841798596,0.7734715397163183,0.04610106907322687,-0.10615034691833354,0.22813535087309733
108.89122119140627,-0.4244708837389032,-0.9037188558355133,0.5621530839118363,0.026413128658362477,-0.11423683748074982,0.030772870910188935
108.91122119140627,-0.5799613084917129,-0.8429797684402867,0.43157659058883113,-0.019334446865705755,-0.08266229611956528,-0.18518594324867296
108.93122119140627,-1.6188097019712362,0.4450584102913321,0.8509876756804714,0.018240272220575615,0.012962937774218865,0.02147442979610712
108.95122119140628,-0.6984162627287088,0.13029658547152928,1.6399302330720413,0.056914190389379046,-0.1314340173201255,0.17856897025839247
108.97122119140627,-1.8761402047250522,-0.9200166876959868,1.2652845907193033,0.00031806468377195205,-0.09559948757639042,-0.1881204576999574
108.99122119140627,-2.0974160662800223,0.04043451452129218,1.3461036910677657,-0.06711845828657975,-0.06702089398175477,-0.18597283251610375
109.01122119140626,-1.2669771637719178,1.2366698321475478,0.7284390725610487,0.11052592644734778,-0.150109452475003,0.10819911715984286
109.03122119140627,-2.8122306863069566,-0.25023579634102566,0.9413294493282311,-0.035458211074190886,-0.03186028584049761,-0.09630643158704819
109.05122119140627,-2.4200687159411816,0.10048500068083013,1.236086048383578,-0.006132710325527552,0.014649230840263379,-0.277808920639208
109.07122119140627,-0.9233392555990098,0.8702914514292258,2.0285664904235507,0.028028372576864267,-0.16833073792980982,0.05425018265303823
109.09122119140628,-0.5219792483368785,0.38752957072977284,0.9938868866551166,0.04670751444186079,-0.017983682352674675,0.030263873263832314
109.11122119140627,-0.8852998634115224,-0.6733040329460098,2.0429562623664808,-0.10740872914067172,-0.08776318089649732,-0.25645935827867483
109.13122119140627,-0.31743456184513313,0.787181794011489,1.864720585490097,0.004799448016758358,-0.07041859525566502,-0.07130697945816142
109.15122119140626,-0.3302862285086872,0.7662505596422214,1.8917507411960155,-0.038201416410948125,-0.1346627596195738,0.10331824067837223
109.17122119140627,-0.7632612454947655,-0.1812198270194845,1.2027533724885802,-0.06077030253303217,-0.04422537722389503,-0.14051411546723117
109.19122119140627,0.03198801784501858,0.3714306208827047,1.8731138521717148,-0.12149235710119526,-0.12022840072527549,-0.12846522256093895
109.21122119140627,0.538273758984171,0.9649753137479593,1.4015753149639816,-0.0151935516320057,-0.05003706000836956,0.11647197735871326
109.23122119140628,0.3414117256496111,0.05207561081869961,1.710323797397495,-0.10743497902565761,-0.17762716143722423,-0.0022803329312488384
109.25122119140627,-0.1781568817893434,-0.1083034132010501,1.0122153105606322,-0.09147884645580602,-0.09645161587620915,-0.13781017552034663
109.27122119140627,0.3508808660760567,0.7395011253802295,1.1610986700690027,-0.10356878213692308,-0.09856476927538566,0.08470616897763615
109.29122119140627,-0.004948115634624005,0.4877649683598218,1.1427318975618364,-0.031151381297311147,-0.14969042533142882,0.09333123032600824
109.31122119140628,-0.39545530316260774,-0.009193950263917627,0.8627438537996877,-0.11149686458017376,-0.10936271087478172,-0.041929314012479374
109.33122119140627,0.4597937023680422,0.41346192096256507,0.9468844398752481,-0.08454732336992679,-0.1045824308195574,0.047103588321812384
109.35122119140627,-0.39211086934161743,0.6873204214746267,1.1008333322909944,-0.03438987830400686,-0.16130544002873518,0.055313162098645556
109.37122119140628,-0.5611397887928244,0.31194075632092577,0.39241703000076333,-0.07942560093179248,-0.10765720553880029,0.04996106675551823
109.39122119140627,-1.177443999920031,0.28529925404778067,0.6962557739637718,-0.05575517635470544,-0.053746623986185654,0.005788910674835568
109.41122119140627,-0.33563693483063856,0.7222203425464006,1.1021381344711974,-0.04287019190288062,-0.13493828923468534,0.07357773867396485
109.43122119140627,-0.578342121320862,0.8076133177979459,0.6411904139984216,-0.018223321448986154,-0.07843566418309306,0.06327589117354085
109.45122119140628,-1.4095519656905469,0.329560693293281,0.9869165602246864,-0.04703847158443227,-0.13020392658286975,0.011868140066089012
109.47122119140627,-1.5606545437595682,0.45532879731318465,0.869398681094625,-0.014579387238537004,-0.0687197800343,0.02951175433945063
109.49122119140627,-1.0959239936787482,0.6652730336662096,1.2100023473780293,-0.02647541306045503,-0.11221238105383241,0.030924763666044294
109.51122119140628,-0.8402536753168738,0.4986800337348355,0.9470393427349982,-0.0035008320610376534,-0.10361647057883153,0.03503296326135914
109.53122119140627,-1.5753363778779916,0.37270509085588643,1.2286770942783882,-0.03151230463709529,-0.09722560288933299,-0.015096208730163974
109.55122119140627,-1.5322827276128284,0.23145029195517175,1.077247724939693,-0.005487571428229022,-0.09478418819480518,0.013046432558173915
109.57122119140627,-1.397204850166128,0.294176678640359,1.2412289688720552,-0.02676346907719934,-0.07651409723908857,0.0007869613955509219
109.59122119140628,-1.1798420894996777,0.28312922717965633,1.2257631623297431,-0.022057851411539833,-0.05279612958962527,-0.026768363646308378
109.61122119140627,-0.604834986978993,0.10551134560099931,1.2494193641337568,-0.016057695333374908,-0.1203964967778675,0.03771222424320971
109.63122119140627,-0.6549340579303111,-0.6797406775910791,0.24005426675460825,0.018571406217855347,-0.07514961846812682,0.03212107825650422
109.65122119140626,-0.8803258402702748,-0.9801348580748501,0.5267948070780532,-0.06985560031112792,-0.029210464621977565,-0.0864285295943617
109.67122119140627,-1.1822157644179005,0.055241704306202004,1.5582987232874497,-0.02158645237030976,-0.045953592207889984,-0.09961985124303106
109.69122119140627,-1.503850096562353,0.5630288533663501,1.5928065514851153,-0.009684112181369386,-0.11337656355603416,0.01729736649363419
109.71122119140627,-0.8167148377125166,0.5278712212738643,1.3171057288499182,-0.03242390334555805,-0.07782426028043361,0.012989694441138974
109.73122119140628,-2.626985556760512,0.12498403842340643,1.8745474281453403,-0.06711053297698212,-0.046815269301732104,-0.18459957170443247
109.75122119140627,-0.723165824802784,0.8389271083619921,1.3440095844313682,-0.02117007322897269,-0.14175455079380633,0.06280473339164733
109.77122119140627,-0.10801537236678017,0.3467144405815036,1.1049957577203506,-0.023956214657409956,-0.039725674158126174,0.10011170936826781
109.79122119140627,-0.9663628426510315,-0.3242480408406004,1.2646841726552625,-0.07481714890343204,-0.13905175442535495,-0.25721325049739024
109.81122119140628,-1.223835937720873,0.8555234915445679,1.3993296201756988,-0.09927701209798706,-0.017125282881958085,-0.07120692747252948
109.83122119140627,-0.29204369795992513,1.0735257650883105,1.3907571229818312,0.04586629231320939,-0.19510290692580728,0.18281650954509282
109.85122119140627,-0.8197833973318678,-0.3454604077660985,1.1236251715679355,-0.09384575003922174,-0.09045107638955052,-0.08441052644238055
109.87122119140628,-0.8634194102856201,-0.15878575955989274,0.6953326018996566,-0.08871058049684387,-0.024827915252194764,-0.2377374639086272
109.89122119140627,0.11636417992324319,1.1932895865102457,1.3165850374599994,-0.03206291226215357,-0.12372685881650168,0.10016013193389084
109.91122119140627,-0.06727157407455044,0.2604730860193321,1.116902824059111,-0.03833753419994228,-0.021666688524975587,0.13475453178544974
109.93122119140627,0.2877280447361497,-0.7702424671968923,1.9534082198390006,-0.09956707105373547,-0.19921490034244682,-0.14470830216243588
109.95122119140628,-0.24863914804416243,0.3726243593771703,0.42524916526455153,-0.0795616614790497,-0.047945057135233664,-0.09320592338377312
109.97122119140627,-0.3170916309259393,0.7428083073294649,1.0886657301356737,-0.10346067991564438,-0.06374137380743768,0.1199170622016565
109.99122119140627,0.2966662032196698,0.30263580009724816,0.8793792913192716,0.006580060472342331,-0.19431638559532552,0.05387498652550293
110.01122119140628,-1.6812513967809564,-0.014287582102787397,0.03855645547478165,-0.11265545408110103,-0.0552976026937074,-0.1491215012038811
110.03122119140627,-1.3054861874665893,0.8765957858378669,0.4839832859123506,-0.062217808735255425,0.06470304410787675,0.03828029752944003
110.05122119140627,1.0195155870433474,0.8622675120477058,0.9851668623549747,0.050201883172694944,-0.19966120924586797,0.2333045098162354
110.07122119140627,-0.49083131371399913,-0.6423458540539162,0.25935527937250835,-0.06992088078912444,-0.06453213969827636,-0.09708192225908997
110.09122119140628,-1.6068289193360084,0.11264235870805996,0.4415324217650684,-0.06450443102408676,-0.06268959439481957,-0.21042411821307694
110.11122119140627,-0.6538486993753415,1.3703731711338358,0.476883699357327,0.042727559916237584,-0.040525588981665,0.22805819244617523
110.13122119140627,0.16214630502565427,-0.21034921052165642,0.9021148712066258,0.013683323766187487,-0.15276891130368767,0.14582237857616756
110.15122119140626,-0.7191173801433979,-0.784556085056407,0.44317491423021815,-0.021744976048986623,-0.0725149825302685,-0.2366529572677741
110.17122119140627,-1.0858854360133527,0.6836824127250634,0.9305057822333582,-0.039503281567371304,-0.09638488595690185,0.0057162946058379365
110.19122119140627,-0.7463583301753236,0.8132325263491099,0.6196298625513315,0.11140253533211135,-0.089429353166589,0.23501610160533462
110.21122119140627,-0.14148611904391054,-0.8147858688773216,1.1220926517011036,-0.06755928421500348,-0.07985084915690996,-0.032965383937153
110.23122119140628,-0.7174134484231148,-0.402205578673855,0.7295714101291971,0.023666220860663938,-0.07091030055819625,-0.1709591497574213
110.25122119140627,-0.677261144471495,0.7294506332467886,0.8998498914526164,-0.017501093635711843,-0.10622335933500987,0.1195281781800457
110.27122119140627,-0.07093846096723841,0.04676651378948402,0.8945351017148667,0.04481047924184018,-0.043491576240650066,0.1656052863462467
110.29122119140627,-1.0430581893166944,-0.7311557955297091,1.2609240499313374,-0.02533633879464385,-0.1592059555277365,-0.1662209666953055
110.31122119140628,-1.1822412166413205,0.302591977446221,0.9991808309377901,-0.048786025720692835,-0.036591969884444804,-0.026537778013412807
110.33122119140627,-0.06462333169530728,0.851277433351784,1.0002847120506986,0.07030481441593911,-0.11422562369536549,0.2343462155465711
110.35122119140627,-1.081756403138264,-0.8895905519426482,1.3107744717539647,-0.04920371453090778,-0.12812337588638648,-0.009809100806354186
110.37122119140628,-0.9734978890098198,-0.18571449497202686,0.596856991392619,-0.04196546175917038,-0.010219756405208008,-0.1843672067085631
110.39122119140627,-0.8326894519573729,0.6747674887383516,1.4428769138638489,-0.03432871125256034,-0.10706183983429488,0.12969968144101754
110.41122119140627,-0.8745708506907369,0.07940602322558948,0.9099471737341134,0.04308207723679596,-0.1212648234717129,0.13596260061545642
110.43122119140627,-1.030731933357219,-0.7146811902223695,0.8453140849818414,-0.09737550342270526,-0.08349105046475061,-0.14184942395365605
110.45122119140628,-0.37810411621552265,0.1370340257073932,0.8866807513990752,-0.034137564000106785,-0.051581028293645324,-0.008851069155810149
110.47122119140627,-0.795418586381933,0.4928223808917637,1.383213510106278,0.006730962167182363,-0.15578002046227105,0.1267984342310228
110.49122119140627,-0.410898826416879,-0.1625218799699065,0.5512168978006996,-0.04866294741618069,-0.048581285740758526,0.03752560308538184
110.51122119140628,-0.4856777731286064,-0.1531101975151299,0.8027415413608,-0.051781850363903016,-0.06374022314020855,-0.07549060705420593
110.53122119140627,-0.5462167955198083,0.5207626039954513,1.1535119625848222,-0.030235714177936315,-0.14202725632233867,0.06661523073989552
110.55122119140627,-1.305001753537026,0.5555247680610021,0.7017633339633265,-0.013286387713749643,-0.0574988836846782,0.04239239161271158
110.57122119140627,-1.3269514376626441,0.033881326024679095,1.0679763348739093,-0.0751127283441356,-0.06395506409449228,-0.016042360237426653
110.59122119140628,-1.1032496947157466,0.6818423419921169,0.5640662300545914,0.0036707083441167142,-0.06874134444074527,-0.047886296704084605
110.61122119140627,-1.1190663474454223,0.25215867124498487,1.3482169184737336,-0.09172048669719449,-0.08807080927568123,0.037650440034666714
110.63122119140627,-0.772530380506484,0.56902831453167,0.44970890991821166,0.03712228094723835,-0.049017814501002226,-0.061938360079296366
110.65122119140626,-0.5390141545730474,0.38387833829967083,1.1516039039906283,-0.12905500316078145,-0.12106302948174008,-0.02552859729924282
110.67122119140627,-1.0127463476589769,0.7233240102536098,0.6733094538772133,0.06172463782226625,-0.06089671263344866,-0.011775521237968465
110.69122119140627,-0.7280940730366335,0.14896427771101997,1.1367661574628878,-0.10509874003069578,-0.1021089141847138,0.039910175219458305
110.71122119140627,-0.32562858452187776,0.23972372476138945,0.671559669385489,0.020110219127224462,-0.03289111176551652,-0.0429925381384737
110.73122119140628,-0.11493747430726349,0.4023541772997648,1.0018765072858367,-0.092996421947738,-0.0833088029915616,-0.044100160625384036
110.75122119140627,-0.7071226114501042,0.46370141139763965,0.6447377545909354,-0.002475965855050379,-0.03672588280997038,0.00352690407957421
110.77122119140627,-0.44872215317697967,0.3881794724861744,0.9719686574274582,-0.04768167141329468,-0.13955947226460208,0.01067278258189074
110.79122119140627,-0.8265064334296828,0.11193451332964609,0.5357413583219921,-0.03710884600829109,-0.014105603207177598,-0.06642939185424346
110.81122119140628,-0.2806972599852731,0.48994717429284906,0.8400466290004013,-0.055905639303527495,-0.06802069630918414,-0.04007906846956505
110.83122119140627,-0.4285624684380164,0.5194981144604417,0.7063707035668412,-0.0006995329516496778,-0.10655928486173437,0.01905801999944058
110.85122119140627,-0.7916637315194207,0.0005544000221899235,0.5994159200179241,-0.04380824042860274,-0.049833344475593164,-0.00951510236213518
110.87122119140628,-0.8212218018123154,0.12437694506878655,0.6797848070907099,-0.028431187132305268,-0.07850992561014229,-0.08425689229400771
110.89122119140627,-0.34295946050501924,0.36520941019856473,0.8120749988404199,-0.029836305835034715,-0.057482703174143585,0.006053589859166984
110.91122119140627,-0.4034626676700252,0.15653016358373467,0.6290360783977461,0.0016983420433246631,-0.07168606445273648,0.02080018195553505
110.93122119140627,-0.6020527412625863,-0.29921410563579676,0.6203385990390932,-0.03945755794939113,-0.0545215857811676,-0.07019832515228049
110.95122119140628,-0.657742649047835,0.1807530722323155,0.4345492798006327,-0.02690505528890789,-0.01904450199489145,-0.07932409345295571
110.97122119140627,-0.08158961847270886,0.45907101719387605,1.0669404443593258,-0.021805238662460376,-0.11356032398441264,0.030656822353230175
110.99122119140627,-0.6095625911015098,0.2187874869466884,0.42773299268563525,0.007822223509998106,-0.016790570817983182,-0.04909645597702602
111.01122119140628,-0.6916284194987538,-0.11931435782772142,0.8238356930996718,-0.07409176301144896,-0.06678133014388217,-0.06958493821758246
111.03122119140627,-0.7926102555429974,0.4222888268130426,0.7201554485280874,0.028457895838650858,-0.07644423170003316,-0.04354423294672503
111.05122119140627,-0.5982378725533282,0.19613029414121255,1.025189795082988,-0.06413973048560397,-0.02514240938319269,0.011918685500777734
111.07122119140627,-0.017578681631616633,0.2566044301443575,0.182591367217413,0.029998167806278824,-0.03436068165535467,-0.07832765235644855
111.09122119140628,-0.15088560282264973,0.12657525048195703,0.9849634650373575,-0.10494468504271942,-0.04308531864993678,-0.057916595351019666
111.11122119140627,-0.5174300265959485,0.43147896696828153,0.869079472531416,0.051581543219233784,-0.05545057399696077,-0.009533853351751812
111.13122119140627,0.36265205611566076,0.07627847082528104,0.8904832538204569,-0.06143951545646437,-0.1068276355754916,0.06785771082959692
111.15122119140626,-0.904699437225256,-0.22580579932090292,0.5077094020919888,-0.0013633106136906649,-0.01059040760621255,-0.14205891770919282
111.17122119140627,-0.25647602717526324,0.4341574865894547,1.106053497781503,-0.08210439166143745,-0.05543773339793617,-0.013223372158139346
111.19122119140627,-0.49115856340583863,0.26496618835958946,0.7032969751842479,0.04391508064226802,-0.02164528621593239,0.09931555995704
111.21122119140627,-0.5533087954525218,-0.18507311774303162,0.7931673652717047,-0.08703686291941701,-0.06454250573820469,-0.1513044385431172
111.23122119140628,-0.3643599641438097,0.47629547010162526,0.4915613750528702,-0.055352994837081775,0.03848142500549805,-0.10958247755920118
111.25122119140627,0.11258067616599392,0.8242443282407922,0.7805439356246963,0.013139063242652842,-0.11016948412290466,0.11001911153006375
111.27122119140627,-0.8313905975356789,-0.31591438114583087,0.6876456696423895,-0.06174264573184784,-0.011578938626270484,-0.06345177226251053
111.29122119140627,-0.30472872938802004,0.03860956986040586,0.39072759314824973,-0.04400368249980024,-0.052270150981028135,-0.1847310764874661
111.31122119140628,-0.01680296160008824,0.4540399080251835,0.6764931163745098,-0.03491304638575544,-0.058823939033292826,0.0769594605057409
111.33122119140627,-0.5461137948348519,0.09306020140891932,0.28826562062971844,0.019619026572112713,-0.003271395140341891,0.0012633171098372683
111.35122119140627,-0.5778141178738478,-0.4879956172662404,0.4874606573227585,-0.09063182826918058,-0.07299280856938319,-0.16855016026873312
111.37122119140628,0.14287476303433957,0.6084419473707001,-0.00022440383018099456,0.024181934083334623,-0.0022407484949693354,0.005726091207062027
111.39122119140627,0.14361887820998218,0.03499076971848102,0.848779339674872,-0.029179201133271094,-0.0414371552777383,0.09395229076806724
111.41122119140627,-0.14563129819755963,-0.07236219928318394,-0.12081613299710144,0.015274604874123368,-0.006334910868709106,-0.15574457662797017
111.43122119140627,0.06084767335689109,0.17571916576640964,0.7302754060338957,-0.10075803605575426,-0.03509826235242359,-0.024809222259459373
111.45122119140628,0.20483890196941898,0.6488463269937111,0.26101409839808587,0.10381365401857662,-0.02655749925678739,0.06987772083871027
111.47122119140627,-0.5315532870496612,-0.3266360879371215,0.8663700539502956,-0.08871995508122192,-0.13237279745478875,-0.03510989527443503
111.49122119140627,-1.170140603640634,0.21818186713915236,0.11993722319717104,0.03766307123765044,0.05476051510870275,-0.08944175280655663
111.51122119140628,0.41909212112102706,0.771573166332117,1.2530162122443433,-0.039749435670004996,-0.15555172512949167,0.10400169971757622
111.53122119140627,-0.24251793293308596,0.4626300659860232,0.3125115704831525,0.06514896911453297,-0.018976051936358755,0.026402888694745098
111.55122119140627,-0.8027070617341053,-0.03196494725291483,1.1041068732991786,-0.09765290232362323,-0.09675237768411492,-0.10070496258236357
111.57122119140627,-0.22188309096251804,0.6709965580408143,0.3523259732524796,0.03476696657825128,-0.0065026486828954335,0.021548216290575295
111.59122119140628,0.07308030902467223,0.28706935631492775,1.1429359644376176,-0.0639555325073252,-0.1297810686744176,0.019786437825111875
111.61122119140627,-0.11706843465842748,0.32339315334224805,0.40460439103062185,-0.021572459802009857,0.013439228268646075,-0.09352442591744876
111.63122119140627,0.01807796522891541,0.8649088219931165,0.7009698743515522,-0.07472866771145052,-0.05041008298219182,-0.009641798427336156
111.65122119140626,0.005030894391445047,0.5719443569602708,0.4992757671794513,-0.009499438297484003,-0.041998001482059795,0.08488487057714453
111.67122119140627,0.7270032293291296,0.09869924305625376,0.5963921490999884,-0.06169948913312484,-0.10456516498665933,-0.004874340539492006
111.69122119140627,-0.24008271696084332,-0.0030069735301313477,0.1462640648760036,-0.055571932325427884,0.014109331547987453,-0.026524206253524207
111.71122119140627,-0.587324412671716,0.520668754131681,0.7135087660799885,-0.04664444618228696,-0.10701280415466446,0.06331264314783167
111.73122119140628,-0.7534914214172095,0.3211136997773045,0.39478652489239685,-0.04234242592854729,-0.011416427415770794,0.03957171892612383
111.75122119140627,1.2565842267329588,0.46278138951465175,-0.43740176829484706,-0.03632518079445143,-0.06629479277891749,0.044692022759460034
111.77122119140627,-0.02266136202641926,-0.31578475896700503,-0.13059134433519123,-0.07040430538684754,-0.03579988053142493,0.026351648861550916
111.79122119140627,-0.5477079758874835,-0.042930728654527205,-0.07484649476515559,-0.015396201982369252,-0.06855413292441777,-0.03404472896523456
111.81122119140628,0.11237250422796873,0.07201774647163531,-0.03193223953600523,-0.06544236195110971,-0.060167080978877845,0.07851960476463452
111.83122119140627,0.043855276645489986,0.3444192480787359,-0.5750222955856242,0.035310843170915894,-0.050741209090500734,0.019190324148897032
111.85122119140627,-0.7211674891491398,-0.2607797028502955,0.03461074114558685,-0.08781641094829971,-0.035339085789616094,0.011941552879672813
111.87122119140628,-0.24148325605104373,0.602400130598666,-0.9300606002110221,0.0756403002527953,-0.053984457892944586,-0.0004637677503428458
111.89122119140627,-0.25014179891020466,-0.11296865358118456,0.21251605649777322,-0.08018205833054133,-0.09110610428787905,0.09246175614367186
111.91122119140627,-0.7380778802290728,0.18795589602926446,-0.775034075975611,0.10059997225861449,0.06502886580996675,-0.04661539438042106
111.93122119140627,-0.7132508533322806,-0.3116624431944799,0.5533893538143967,-0.10066862684497621,-0.1457989694253005,0.016431648037747718
111.95122119140628,-1.129749745365677,0.43072402291196304,-0.6940708205809364,0.12497556937170662,0.08604651883231357,0.012520778621544645
111.97122119140627,-0.7177935699861029,0.031000043292213977,0.7712792328202668,-0.08991407702751555,-0.114767365235181,0.0054843989328872324
111.99122119140627,-1.3564890880688005,0.009190278435271199,-0.20634047815114054,0.10499063881956318,-0.022512229661438107,-0.06547765770640586
112.01122119140628,0.0903838042620634,-0.041537203925262,0.8138271969331218,-0.08653797718028412,-0.09551816317803628,0.030871377500364294
112.03122119140627,-0.7034911775713225,0.13551904490596461,-0.26486051097065333,0.10297060705625911,-0.03025363715144217,-0.07807426299220244
112.05122119140627,-0.3405939545483093,0.23431873239794368,0.6402366736033687,-0.10107804343980131,-0.05847787985788146,0.050652933275226
112.07122119140627,-0.9338695438866924,0.06723993056697311,0.3147437585981732,0.10275305537765893,-0.061771737732255895,-0.011079569670480863
112.09122119140628,0.0227398577264957,-0.4616199547788731,0.31134088898122914,-0.09835307653340024,-0.09006214696114777,-0.03214660852355532
112.11122119140627,-0.34042377795603224,0.14281052227660243,-0.39985559707524915,0.04190326145882405,-0.016460933569286053,-0.0580845421493985
112.13122119140627,-0.006024537799494395,-0.06566903570133018,0.3944449928543393,-0.06423708905207309,-0.08410788241559004,0.0551005215459798
112.15122119140628,0.2032252333964026,-0.4169844149054836,-0.45867266561556613,0.036584381254699046,-0.04568601480011523,-0.03370987542419987
112.17122119140627,-0.1835720465916904,-0.5808730792128686,0.18893229143814566,-0.11760908576698255,-0.00621071697498571,-0.10088115241875527
112.19122119140627,-0.4430947624145643,0.3428891062291885,-0.1299966642775224,0.04905835155930734,-0.15362311306537121,-0.05522942288068127
112.21122119140627,0.26502894624250084,0.39772963187256233,-0.8897643971603955,-0.061033802039778824,0.13439543132396659,0.16672630312750789
112.23122119140628,-0.1657266654206355,-0.38000435317001025,0.2680217074282633,-0.017238253799982776,-0.09952059611306925,-0.16082887794456335
112.25122119140627,-0.6496002649204481,0.28045131177111815,0.15618975164974452,-0.05835374155552487,-0.12253953578189057,-0.13251272201470657
112.27122119140627,-0.6521515949461533,1.0805912227604053,-0.50430249787451,0.004444117559255676,0.027574835661683166,0.07822144386824413
112.29122119140627,-0.053943253708496314,0.1809385204199393,-0.07167079976520499,-0.024418700063928385,-0.0517916884150767,-0.0034623220140337224
112.31122119140628,-0.18887516861631634,0.3590537632686741,-0.4222243073658396,-0.04033485037670233,0.01642036926884405,-0.15059409274076888
112.33122119140627,-0.6635116699584962,0.8724032678810187,0.11924278337476477,-0.026512225431975858,-0.05308463065227371,0.011614161670041902
112.35122119140627,-1.3137616565120662,0.3902536287204963,-1.1102391488903938,0.05489226059809741,0.07625583346644173,0.06690387643635422
112.37122119140628,1.2774699564248329,-0.622377784359233,-1.2085280504571654,-0.0760202945594803,-0.004198410559075839,-0.031507028745123684
112.39122119140627,0.004877510144549311,-0.6792186307348493,-0.19936189905419527,0.018769709345207917,-0.10232664214875549,-0.2083649567267032
112.41122119140627,-0.9839389602851214,0.4072517589699161,0.0658975690246331,-0.03354868322546893,-0.07855016534622981,-0.07888359572232687
112.43122119140627,-0.5199173599160286,0.5868829877716193,-0.22999332707476539,0.022012390613022525,0.011796043725313869,0.03696192980085636
112.45122119140628,-0.19453607926062916,0.14110740323142473,0.2915689252213333,-0.022734132569759598,0.007967203613711957,-0.09318565942492293
112.47122119140627,0.3495062014156148,0.7973089938664916,-0.5763933145988517,0.007667883168317618,-0.053500651185346026,-0.09085891538401579
112.49122119140627,-0.29188727468692605,0.4660968022246237,-0.3637613047576676,-0.01675419610964622,0.0011839730623126909,0.03694420756645553
112.51122119140628,0.10247902122377511,-0.042861748313615,-0.7950973559513557,0.04026858046828922,-0.039978347759848876,-0.08228503200419239
112.53122119140627,0.3445115398288027,-0.32198108789869195,-0.7883386934767278,-0.06222885765502176,-0.022921039707945776,-0.12430145045194713
112.55122119140627,-0.2840690263558304,0.43378012020206647,-0.8907596632654438,0.07577192080601923,-0.03594598388004591,-0.021038059254654972
112.57122119140627,-0.0639852700932997,0.09119936670117337,-0.7609981164763836,0.010941397869621321,-0.0444654864812678,0.06565230288160974
112.59122119140628,-0.9863910062299531,-0.5521844213032847,-1.0052582399091683,0.004828524168323451,0.2772826052179359,-0.11254608019472041
112.61122119140627,0.5335375346191827,-0.461212397682133,0.44890817248354953,-0.012123728955100914,-0.17042249554843905,-0.12754542197762234
112.63122119140627,0.0945647850381838,-0.5053398320969367,-0.7397390108476555,0.03568480548684876,0.04170834581921037,-0.009241205920398498
112.65122119140628,0.3691227341013888,-0.3873747718160091,-0.043538869127084275,-0.02392818434960807,-0.022465703812625866,-0.06221642948379159
112.67122119140627,-0.012122792209726011,0.186550456549734,-0.7223145144027359,0.018585867971709323,0.12122226783476203,-0.12049076235676924
112.69122119140627,-0.13009592045667173,0.5848165925759443,-0.0154388543379739,-0.0059988551181238995,-0.09282487117521071,-0.020319598725033527
112.71122119140627,0.4461346827407475,0.47351791476038707,-0.8992301946634916,0.06364993035283292,0.048607367993455365,0.034289962041878896
112.73122119140628,-0.042059624768221726,0.09763674537207594,0.112990904752353,-0.047162383177734746,-0.030607280895194357,-0.1587088580764729
112.75122119140627,0.2723252851448344,0.666114872352987,-0.030976461327904575,0.0017650120960716069,0.057861898703541165,-0.07429798809340712
112.77122119140627,0.7488717189739934,0.6267569648346831,0.2590093380778986,-8.724197301357068e-05,-0.077498245053863,0.04525413711142902
112.79122119140627,0.31287855903907325,-0.28093880487277584,-0.20924208350143855,-0.01223129745431737,0.009499947986270192,-0.008693843050125367
112.81122119140628,0.5238988396014891,-0.47502801574764925,-0.4531819862770589,-0.04322212853936817,-0.02089627960281005,-0.11973114568731856
112.83122119140627,1.1885739248703424,-0.05054721651399151,-0.5829797083372763,-0.03961410341484824,0.03619656502952899,0.032026800122282456
112.85122119140627,0.8336296228081451,0.0668961675199959,-0.6213762321329589,0.013418674047510605,-0.06740734958289128,0.037716540038749406
112.87122119140628,0.2427815921353885,-0.4897637801862539,-0.4526542066087941,-0.062296097898797136,0.01719664097662829,0.017399806154168408
112.89122119140627,0.3742440929412974,-0.1169553638695702,-0.7513676469185856,0.017991017002177444,-0.06263408924259824,-0.036785740692392294
112.91122119140627,-0.3778968832972548,-0.04313722625297543,-0.5701632336913424,-0.04513873457736297,-0.0498461286672804,0.04361630575898091
112.93122119140627,0.30762981364427094,-0.05594224013566994,-1.2420384289362887,0.06160856228374977,-0.016083711969265797,0.07471810515671494
112.95122119140628,0.09238397634885687,-0.7484637882535032,-0.8045950253290712,-0.04565397670183255,-0.021886406428426163,-0.023605996924274737
112.97122119140627,0.12604785624639758,-0.2163831481906553,-1.53602286291372,0.06022926029092893,-0.03876332816520551,-0.07449047134712175
112.99122119140627,0.6889325071476993,0.17496584403048215,-0.8929856626859022,-0.01269696585584346,-0.015364697200172577,0.09330548766479681
113.01122119140628,1.1106433626846552,0.4287593573191251,-1.0136940005402217,0.12170423870432498,-0.05748960847010047,0.040750133514025746
113.03122119140627,0.7114530585846565,-0.12790155912901083,-0.4732276694265991,-0.03042211066016271,0.01640959129698874,0.017907465516687118
113.05122119140627,-0.5780379024840938,0.3270088073353894,-0.5851933947707003,0.12700752772444956,-0.05477246911499091,0.005191376938578131
113.07122119140627,0.08939321640749347,0.02479648530737723,-0.3130737429306361,0.0031483951260612014,-0.04092352566030273,0.14547734132653173
113.09122119140628,0.2665937827352337,-0.19814622720822184,-0.4083253294238804,0.10105822220331165,-0.03635165314965971,-0.009947682522495685
113.11122119140627,-0.5944123881587453,-0.4697327782564316,-0.05455547838071764,-0.023830933193885847,0.009331784621185656,-0.029698205664639564
113.13122119140627,-0.6948842915619416,0.35672443707186263,-0.49026363876061096,0.09705710795494493,-0.05791034190830728,0.030835492498885727
113.15122119140628,-1.2073198874891242,-0.27192316462868704,-0.13096469080445347,-0.015392821774294662,0.04856714288696025,0.055438645869368655
113.17122119140627,0.41629802754861545,-0.2842188011745613,-0.492889100869122,0.06869468555167509,-0.036128063159587595,-0.020766397146485722
113.19122119140627,-0.7080941876920818,-0.5291992595147623,0.26955969051303114,-0.03691504586386153,-0.034106132753294494,-0.02797402673546973
113.21122119140627,-0.7110371336987555,-0.09817203540773288,-0.606127949193518,0.07246602526577066,-0.016703075493799173,0.022905680617592825
113.23122119140628,0.10239814740711138,-0.6306106238763618,-0.14017191467243284,-0.05356262618352563,0.009259830280710427,0.06071433520348363
113.25122119140627,0.8714988597079313,-0.2605883684446302,-1.083344210046259,0.0851361223621557,-0.09246175333136467,-0.07970946352084468
113.27122119140627,-0.5391000591933678,-0.5213928422425433,-0.809637613954198,-0.06751975038107462,0.023292584498629924,0.03155028952341058
113.29122119140627,-0.34400615083724806,-0.218194931229108,-1.4415721929190668,0.11663799136133104,0.02532767100107947,0.0315909799280656
113.31122119140628,0.009558405680093108,-0.850268122808913,-0.08378001886306792,-0.06900804162479354,-0.08317574991822901,-0.024842898813553317
113.33122119140627,-0.7211862727871075,-0.04650762391351481,-1.240861663919951,0.10694821364093691,0.0411560455273551,-0.10769728207819011
113.35122119140627,-0.42658143777001967,-0.20894845895910252,-0.2509583981878219,-0.04292256047576421,-0.0643061714890959,0.09739592867501762
113.37122119140628,0.20322870432709142,-0.2258562999622839,-1.5451114139043185,0.14698143258921728,0.014455526239139177,-0.004352036514860657
113.39122119140627,-0.4350779686037673,-0.9487980333092192,-0.1699938611582146,-0.10641158388134897,-0.0056985215618782946,-0.1737545408973499
113.41122119140627,-0.978349218276647,0.20883386999019365,-0.8700427351615135,0.1231230983095281,0.06221109781215356,-0.0628268821952215
113.43122119140627,-0.09132370819283413,0.005300718160917355,-0.5288346151489801,-0.00941629168943791,0.005437728790759601,0.09606755843442308
113.45122119140628,0.2503820142859323,-0.6284595789123101,-0.9413098765708358,0.05656838489917194,0.03558542038750748,-0.14635651275448064
113.47122119140627,0.13826789735399445,-0.20144437729109577,-0.6025871815857909,-0.011824898625936362,-0.06224809922794437,-0.16420793488257301
113.49122119140627,0.18431056548396818,0.23587564011948187,-1.0060147914803101,0.06892140029825598,0.06656732427353558,0.09555685335242997
113.51122119140628,0.16628180650245028,-0.16549474291404576,-0.20192258333296015,0.0304344161698543,-0.011388116832916621,-0.021483388689721643
113.53122119140627,-0.1466180470387255,-0.5535060635016501,-0.1604919859661365,-0.0038172087273712877,-0.027060395320882585,-0.13871483137778642
113.55122119140627,0.34832347257661683,0.1376827285948987,-0.49797562967499526,0.0351450767958863,-0.04419715921438476,-0.0011513152462823057
113.57122119140627,-0.15116010902500945,-0.2604230916794361,-0.7034289553520061,0.017984554973572438,-0.04066361195075809,-0.005449468820881373
113.59122119140628,-0.41383968346725736,-0.06848888176581555,-0.8414625091003435,0.0027020350088127025,0.06261364046842308,-0.09260440083987732
113.61122119140627,0.7835501713695806,0.08195442431564674,0.11931263872712904,-0.005068221718246153,-0.09836982195846469,0.02336403582790642
113.63122119140627,-0.5508969811701937,-0.30488840314212123,-1.0313567967727337,0.07785029130819114,-0.046711322347923835,-0.043458768478180115
113.65122119140628,0.15264419211387062,-0.4799325556547532,-0.9682822856847193,-0.08187237991897874,0.03143110819670353,-0.03096646703802768
113.67122119140627,0.02454829960480331,0.014824175963992867,-0.9163348736982204,0.09439947247462803,0.005814997802703362,-0.045404939189607293
113.69122119140627,-0.30450389694332275,0.01811112724169516,-0.8332697589364139,-0.027855473557661468,-0.04300338410271912,-0.01770758968134464
113.71122119140627,0.14129471056527607,0.004023907714838404,-0.9842377380812201,0.03645980127785504,0.04938086377315103,-0.03818417646829738
113.73122119140628,-0.06807190195949561,-0.13296304118847174,-0.5084123500551565,0.030187305479670946,-0.11118820179303737,-0.050022661079429515
113.75122119140627,-0.49054900412584884,-0.2958650850261572,-1.7095114120101949,0.02664191389918931,0.10566267460153186,-0.020789547406622335
113.77122119140627,-0.2523737488745837,-0.45284671914586844,-0.9595667290073862,0.014715235190050635,-0.029501783506112628,-0.121710566285512
113.79122119140627,0.5031863476158053,-0.30392805200556894,-1.3478775258683193,0.05962053298612948,-0.014982166925450999,-0.006425729931885843
113.81122119140628,-0.16586050012497586,-0.5986567684411248,-1.120304052095085,0.054882113903322705,0.01732789644843819,-0.009052040249996136
113.83122119140627,-0.6153742377283152,-0.9886122140976412,-0.9164510296717358,0.0424762449887084,-0.02178603380606229,-0.11004206157525824
113.85122119140627,-0.005207232193077386,-0.28182701185594045,-0.8954354283536785,0.059174602913742894,-0.0309078862616955,-0.06934460827874811
113.87122119140628,0.28690419394963335,-0.25776885634004976,-0.933389823840997,0.07298088973157492,0.01808102300819609,0.03550251973148356
113.89122119140627,-0.3334343211544173,-0.31115659488170205,-0.7449185242715404,0.05644838117672523,0.05655926331884688,-0.10598320035885464
113.91122119140627,0.2922216764081329,0.03861718412966545,-0.2150717766867513,0.0161216321452141,-0.04942602325703116,-0.09987208900526784
113.93122119140627,0.5048690982320756,0.350052969296094,-0.6899082789137759,0.0988981570841717,-0.03540099295799323,0.027327858141049884
113.95122119140628,0.9113666623961395,-0.49955606587855367,-0.6665108628256282,0.012061378184273037,-0.07618848933968779,-0.010940974564525894
113.97122119140627,0.7826763350010445,-0.2682489013409783,-1.1900578064550655,0.053305799386388394,0.06257222304331937,-0.10880568954615608
113.99122119140627,1.0254467681234818,0.05751845880861533,-0.2767485293953954,-0.0003904044339401946,-0.039869180309909866,0.05022147360151582
114.01122119140628,-0.005370196190100763,-0.35603021585159467,-0.9238918909948473,0.0979658819345658,0.013387195834116749,0.04940016147499533
114.03122119140627,0.024594048190753975,-0.8518743332743869,-0.7246747454977757,-0.035427450795591814,-0.05475442358298763,-0.04088740524496028
114.05122119140627,0.22782680581394804,-0.6472351286183662,-1.0880645118885535,0.052106403971056266,0.04004835284914047,-0.0024364876048131386
114.07122119140627,0.6040985514110455,-0.3873948559423193,-0.7250683998181642,0.004265208200717087,0.006732308089188137,0.039487312882233845
114.09122119140628,0.43029382901295565,-0.5941475068862526,-1.0434907146089603,0.018844156781693284,-0.04263407237081486,-0.05977381186183704
114.11122119140627,-0.2651318833909633,-0.3906548612706183,-1.1330086726788842,-0.003796930411288441,0.027550021714872835,-0.05005831816299983
114.13122119140627,0.4503859993074391,-0.22717225390310938,-0.9465101842231168,0.040683268343690536,-0.08064648307516308,0.07682294308102841
114.15122119140628,-0.15540591542521953,-0.4123541027986994,-1.9889748935957483,0.072256302349007,-0.05412932747309213,-0.015145189518080833
114.17122119140627,0.3567922559063061,-0.7468333945809748,-1.859429504736225,-0.022883449054139887,0.04842419512734787,-0.024096794365816278
114.19122119140627,0.9264734442879962,-0.2901091889399723,-1.4777423079596865,0.11284690724987775,-0.0013855934112584208,0.02767134962212352
114.21122119140627,1.0355721801467686,-0.33518770966753814,-1.6409481755488213,0.04746576483291205,-0.024863534867554382,0.05347981181132113
114.23122119140628,0.6436771355037644,-0.5362849769067695,-1.2982245471148166,0.059889530634981446,-0.013842807671433113,-0.023442968753300774
114.25122119140627,0.3968969071766958,-0.21184731160782555,-0.8409466592867577,0.08739424391734175,-0.09399637977058704,0.00802499057058192
114.27122119140627,0.046147197358441853,-0.17566378541749228,-1.2371852509790902,0.06838437267457322,0.07961769937094114,0.13868352037713846
114.29122119140627,-0.040978928828917065,-0.35239374067373036,-0.3344490419921567,0.06681585362318943,-0.11045254084666604,-0.055478592247511845
114.31122119140628,0.027680972984564404,-0.011518722359799184,-0.7389481851871776,0.03830057989558021,-0.010097898263047399,-0.001676182046928316
114.33122119140627,0.4026910507336561,0.4390146547968421,-0.8370589017106957,0.06375667542231106,0.023650367229338286,0.08884455619623562
114.35122119140627,-0.18952454062127047,0.10531586299145276,-0.293180291285331,0.031216910869941328,-0.06429899639276271,-0.007407428356183104
114.37122119140628,-0.6534045824099776,0.3913095768974992,-0.783117226622192,0.015996506183622174,0.026904976759547016,-0.08076415107451741
114.39122119140627,-0.6824522958394387,0.378240088720814,-0.3321946617012299,0.00010676053761134889,-0.02337055618158157,0.03863108583756019
114.41122119140627,0.11131217336580677,0.3426014510951108,-0.6030393569499691,0.035719777234710606,0.03767839235615436,0.08115279108552186
114.43122119140627,0.18946125311308876,0.05175510302389528,-0.13244115172575735,-0.06516125485113702,-0.05955445987892151,-0.13790607680916567
114.45122119140628,0.26929133235212155,0.7098832731848341,-0.5413436740749031,-0.03853155077558033,0.04854910227782262,-0.0004625118263989909
114.47122119140627,0.3078885640168506,0.7282159612895746,-0.08538173506584422,-0.009521762375024133,-0.09767304576412585,0.15524675366009763
114.49122119140627,-0.2512632233105754,-0.18770999338506125,-0.9772484100766333,-0.049272274325215526,-0.025623946695434635,-0.00685091639352238
114.51122119140628,-0.5493414079535119,0.05456858793379381,-0.8904411355917227,-0.12179607096685782,-0.0318040555923988,-0.19025479421783406
114.53122119140627,-0.05736910164133442,0.9625617687687642,-1.1558685279165342,-0.03593850585770581,0.016070502818536392,0.08423055413050493
114.55122119140627,-0.0116804445796175,0.6902032642728342,-1.4918590271224612,-0.016809419316018745,-0.037716062416593234,0.13302268238382786
114.57122119140627,0.08331478133552148,-0.5246325757014376,-1.3481866316936195,-0.10439492186578586,-0.03325947879425496,-0.10835439316859892
114.59122119140628,-0.25504995917580214,0.5085541859060714,-1.7301118707764882,-0.029527406810833774,-0.005080585364694184,-0.13497836383153405
114.61122119140627,0.38191857892865266,0.6966665940188457,-1.5249929866771526,-0.040904467705452814,-0.049461005784594884,0.17984827931441627
114.63122119140627,0.1237089800818429,0.26146134162389567,-1.95462814086507,0.035898192316432785,-0.010211769993153296,-0.02578941911817524
114.65122119140628,0.7097242805481633,-0.28833691845691345,-1.458441581097328,-0.11233381962864823,-0.04494283276890568,-0.09884715977314938
114.67122119140627,0.286417251434422,0.5376447931772987,-2.2468462453230305,0.09579622133491499,0.015163538939138018,0.06548350759383574
114.69122119140627,0.8323943329450822,-0.15039547114358479,-1.9322634777184193,-0.046457860081625696,-0.04743864596219899,0.07507037860045965
114.71122119140627,0.34893304503202127,-0.09059839188863256,-2.3383800315185366,0.05173033561732151,0.055431377866838105,-0.13659434219338928
114.73122119140628,1.1226598059400827,0.5854280119972565,-1.6603708488160753,-0.0005499651453569527,-0.04734952482199083,0.08092924147934089
114.75122119140627,-0.4637629828550459,0.13948462263270017,-1.5398942063113588,0.10466490343288894,0.004556551481625296,0.08527142765529112
114.77122119140627,0.41829422650282905,-0.18384438674456632,-1.6179238855099145,0.0051603953027505,-0.05646263945087372,-0.07975627211647318
114.79122119140627,-0.04720911456999713,0.13585413675441546,-1.9166677708230722,0.05308157641777258,0.09698401688987561,0.01454035237904286
114.81122119140628,0.3675106812888252,0.16477848410622295,-1.1686235219654515,0.07422885561569965,-0.06563180461975818,0.06699653856624353
114.83122119140627,-0.02197160904605487,-0.2614382344583156,-1.2965021395807168,0.02925863353646283,0.02678468640037861,-0.05602901865427757
114.85122119140627,0.31668525869089537,0.2079888527285288,-1.2258611463260827,0.028919900426865555,0.037424603396881875,-0.06311065972007797
114.87122119140628,0.3428356247801783,0.4651422956811198,-0.8905796664046636,0.05752299552780961,-0.048671279456308385,0.07786017303434399
114.89122119140627,0.10130599430397093,0.12341597246418319,-1.0438128577510752,0.030074279364161138,-0.003914891521478816,-0.032719494038596454
114.91122119140627,0.46113317759123656,0.24578738297987057,-0.9104475004648913,-0.007649462646026809,0.02429487131002482,-0.03082471869965138
114.93122119140627,0.5915639897728928,0.29443064116508627,-0.8735080863207103,0.041880024361091124,0.00029671272161663345,0.08413208016723421
114.95122119140628,1.13429417523585,0.020458823418066575,-0.7620719469967635,-0.015237002886109139,-0.053507502670416165,0.03812619139750352
114.97122119140627,0.30776070638703346,0.18594739162124593,-1.3961552841974028,-0.013365925601023874,0.048709701732131204,-0.09737278800071164
114.99122119140627,0.4470120485686328,0.45188202534574023,-0.7972191658438648,-0.04429670790670643,-0.06289178420848376,0.08216470436620323
115.01122119140628,1.0052792177913124,0.44479145782311774,-1.370121026642886,0.05878243009711792,-0.021316331239106433,0.16667897025395823
115.03122119140627,0.668158735450983,-0.6127689606112795,-1.3152971027468003,-0.08757054786651765,-0.05265088881726978,-0.044681544688327586
115.05122119140627,0.02012747457394246,0.14811499195940736,-1.5330951458965403,-0.025925005241102403,0.06519671718081729,-0.03910786438852223
115.07122119140627,1.0167367997551018,0.3775472323023774,-1.0359796738974885,-0.014444406298396219,-0.11261611165346942,0.21821023452365546
115.09122119140628,0.08757254890044744,-0.41838067276656454,-1.8118228176140525,0.00024496261509889265,-0.0197725824571585,0.04394477715942767
115.11122119140627,0.15566484452722532,-0.27082213499575053,-1.590549468232957,-0.1007395232166879,0.005971855859808584,-0.08989714569726319
115.13122119140627,0.026855963661781033,0.543589151322311,-1.5908243177246075,0.03297380410545994,-0.047489818868905735,0.13634946940546247
115.15122119140628,0.22387621733924,-0.006493960779280652,-1.7536259686321887,-0.015348719566079985,-0.0719444179312751,0.13755634446545936
115.17122119140627,-0.29685192668254556,-0.4631510977983323,-1.8526159746720972,-0.03912900856252208,-0.02190945981336552,-0.12836784679634974
115.19122119140627,-0.008613118555746103,0.605310054053512,-2.103750537086691,-0.0075629040461472445,0.017794037422732077,0.04130677671355365
115.21122119140627,0.42627974709939226,0.29919757851095014,-1.8824936719199734,0.049290182639761856,-0.07918021580607598,0.21872026515570958
115.23122119140628,-0.5958980495494405,-0.5069159443563878,-1.7329984394017486,-0.009037264996691965,0.028148715285555494,-0.08960221306806558
115.25122119140627,-0.317326527317771,0.3386951026424034,-1.8107405593139574,-0.013548633237242477,-0.05594347392811685,-0.09350122851114008
115.27122119140627,-0.17539115464292535,0.8069195887675517,-1.8989566886886418,0.07261028257641666,0.05151589149319754,0.22626294426184498
115.29122119140628,-0.3710591722952939,-0.311972208094949,-1.6736868959602835,0.028717827328480425,-0.04349848345286273,-0.010665128962552714
115.31122119140628,-0.4287415174281093,-0.11320562306585094,-1.5844502976180301,-0.027182215342060088,0.05150754945582858,-0.1445393453004546
115.33122119140627,-0.20711187039521703,0.9387255218597831,-1.4685860276021532,0.07528508099408944,-0.07267325496732159,0.06128683438964505
115.35122119140627,-0.0002798354672709543,0.2512820255563978,-1.6306872041527531,0.03448136158452469,0.0388726315318556,0.17583288526392363
115.37122119140628,-0.04749422052797244,-0.5570966131973285,-1.3075425814228792,0.02244424500033717,-0.04405245873906958,-0.1441459638868432
115.39122119140627,0.2517442149279688,0.17442593278741267,-1.4504325598133818,-0.007543586736613277,-0.011862618327533068,-0.03634956641263246
115.41122119140627,0.27324549028059314,0.5234113835309225,-1.6823447717006208,0.0777279200198448,0.02637912574593455,0.13554866818636685
115.43122119140627,0.040577701179799475,-0.332924945934524,-1.280202251694634,-0.00949205836649691,-0.02628605359583934,-0.04153654380647282
115.45122119140628,-0.4779299002267351,0.29737992650074885,-1.7832599640634021,0.02421418950367857,0.00596085131750801,-0.14458903896384492
115.47122119140627,0.10780630372664624,0.4164437251191096,-1.3953867496734755,0.008999444669274157,0.01422362407908042,0.1521382464903124
115.49122119140627,-0.33462109532072176,-0.35473476531665693,-1.3642316981887068,0.06167281427640863,-0.021097004900558415,-0.036906338818695685
115.51122119140628,-0.09455973796836882,-0.18775239066785185,-1.3962379204745934,-0.07229446925751397,-0.025951764350687374,-0.20723366576615584
115.53122119140627,-0.050173006937450464,0.7302596348812217,-1.7297844807755482,0.0634165148142934,0.08689245151471332,0.09743284081886458
115.55122119140627,0.6963535716065341,-0.1237010763117816,-1.3950750886687235,0.0190719863563621,-0.09137205728808621,0.10755882231647053
115.57122119140627,-0.09975467212096659,-0.495792243573315,-1.745702833400266,-0.020219317888007505,0.08087953999866634,-0.2090521271763433
115.59122119140628,0.23381828881973982,0.38610327240211173,-1.2044101693834781,-0.027582137372075006,-0.03833412288083563,-0.04876279371544893
115.61122119140627,0.42279908764256663,0.6666014300504985,-1.8558250180031954,0.08505744846192137,0.010519142914401099,0.17598388983522775
115.63122119140627,0.7324332467627148,-0.544769955764448,-1.5086961461434472,-0.04059316850836404,-0.019963338096309815,-0.020566239738267808
115.65122119140628,0.2280472780922183,-0.3029614634532134,-1.6846365125003568,0.008333731095246806,-0.01624934563621483,-0.17398647598905262
115.67122119140627,0.904615437860695,0.5426865369532832,-1.7665294075653557,0.008763057758119707,-0.008666606908530524,0.15390483914253794
115.69122119140627,0.49804348624874595,-0.3971188429298597,-1.9702579845904944,0.05412497737403208,-0.01251339457692469,0.0881260707677666
115.71122119140627,0.1318409239574897,-0.6406330200023099,-1.5240069082487342,-0.03928108884737902,-0.04133742509385542,-0.1844769354099532
115.73122119140628,-0.05910870290775206,0.5813435855047191,-2.015861175660928,0.03304386602332566,0.0022709372517228277,-0.003538911075563674
115.75122119140627,0.11822627237639036,0.23348524848693566,-1.678252707468186,0.0581652347445455,-0.019179197246566023,0.22059031258617356
115.77122119140627,0.031497017858557595,-1.0557526111801425,-1.8090516406698016,0.012423449477220789,-0.003270183784598791,-0.09813299975744391
115.79122119140628,-0.1838400905216954,0.012107930949152218,-1.9792216685925899,-0.023392992322568605,0.013957742731344631,-0.23316863355854056
115.81122119140628,0.2756417315441931,0.7959052402236247,-1.6863739531807638,0.05862712358565073,0.02235091404433934,0.19639341726552031
115.83122119140627,0.5703244146147239,-0.22497248445265952,-1.5843831044496801,0.07404331971320498,-0.022698076527850913,0.1024430993027539
115.85122119140627,-0.020555546476530233,-0.8693026284279138,-1.594511251676776,-0.03570288361992284,-0.0181417764371455,-0.24516691003628877
115.87122119140628,-0.33475592969996637,0.5968035099791089,-1.8881301607831071,0.03375023690366259,0.06663768778303412,-0.031388472742098376
115.89122119140627,0.7420173209992941,0.4998682757225954,-1.4163274397634271,0.0788251219963178,-0.09753102032165017,0.2327630720112341
115.91122119140627,-0.3219405059245761,-0.7070534593428184,-2.0708334323655833,0.0380527357667352,0.026693564535322584,-0.14111803405266196
115.93122119140627,-0.1510862209380208,-0.07274952560341251,-1.435293934651381,-0.05728901481578111,0.04262453055793742,-0.1830508036783245
115.95122119140628,0.7334060357536478,1.125287104588894,-1.717545379916367,0.14558624804195927,-0.02501628954794455,0.16866262762050296
115.97122119140627,-0.2090612673291007,-0.15702403423990477,-1.210405470402748,-0.013172223976850403,-0.005055075746844261,0.048177301897414704
115.99122119140627,-0.09693058738394772,-0.3073365690844118,-1.4262700967968567,0.017256024997050715,0.057523910008506346,-0.24035414681870867
116.01122119140628,0.5384680732393509,0.7986490374900563,-1.2797631713360036,0.0038251205483830503,-0.04293141051124682,0.021160272029090373
116.03122119140627,0.15647174841631317,0.28182186138078097,-1.5709220477347576,0.06986751256605073,0.008366971583731267,0.11400774402222248
116.05122119140627,0.06780054487375724,-0.6314640090214766,-1.4998303695106951,-0.0043954050908885005,-0.05043234801383867,-0.12411079306479297
116.07122119140627,0.5114997004306127,-0.3067732329905388,-2.229920477342977,-0.006858535914803832,0.13254444668840534,-0.03879599212962816
116.09122119140628,0.25012692340790865,-0.023676669555951973,-1.5393794755461712,0.052242792802668254,-0.07900129570076594,0.017207779673187245
116.11122119140627,-0.16928864544387615,-0.44932315891521357,-1.569233499823516,-0.011318426339531234,0.002713716002971154,-0.081972287309679
116.13122119140627,0.8768667559355067,0.3477399283989164,-1.2443894503940378,-0.016410960122896875,0.11274502043578287,-0.07697316427722806
116.15122119140628,0.7061058492865185,0.8378512167420983,-0.831904904061435,0.019044829626129977,-0.04085716774058516,-0.03152635747861294
116.17122119140627,0.37341616947496126,0.6227908394786916,-1.5654837509091444,0.018057316168889052,-0.052892939916059784,0.04398243220324406
116.19122119140627,0.468131838463159,-0.12400987547143964,-1.835345759534924,-0.023019599160884138,0.12854000201045845,0.014573222383148995
116.21122119140627,0.48435486433904207,0.1860856810023131,-1.1176589854954904,-0.020941728606126774,-0.019365467303977254,-0.16277858774938642
116.23122119140628,0.3871752113247815,1.2318431558905465,-1.4306377920519306,-0.022015155256941223,0.04002931819054043,0.002707099815649622
116.25122119140627,0.3471160280660305,0.6455619683344584,-1.2406405783304812,0.01952016888546714,-0.01979753605276953,0.11786018024733685
116.27122119140627,0.6253795010126669,-0.0038489620623232772,-1.8120999005549914,-0.018923079933732344,-0.009405754046641743,-0.08992985601983917
116.29122119140628,0.021913732341535826,0.46229317497828226,-1.5963025621254319,-0.0683808410193982,0.030229111640010665,-0.14121357648373536
116.31122119140628,-0.009409295202607278,1.1353389210945612,-1.0773475729124344,0.01874454585834747,0.03128909501170344,0.08877711092501267
116.33122119140627,0.17736028597130848,0.737703664610599,-1.1123132503980082,0.0011404207863532603,-0.08854967846419465,0.014027931270608853
116.35122119140627,-0.13725993349601623,-0.12728797010916737,-1.6655506683981833,-0.060185488904473325,0.06813520949713975,-0.10351898956213296
116.37122119140628,0.23117702866352594,0.23807226006863197,-1.2971222748910471,-0.02574682922630917,-0.01223602370261487,-0.060666033220931406
116.39122119140627,0.229858123315429,0.4124397586588978,-0.9087407747529227,-0.03871589590543826,0.05980858733896746,0.05911525334356103
116.41122119140627,-0.0953199601334446,0.4111657887628136,-1.0641972049507156,-0.03460512332910022,-0.0013282570917634842,-0.09159992027412513
116.43122119140627,0.052392122621546716,0.4199825657761821,-1.054710143033117,-0.09189676826696634,-0.017296720109764116,-0.07997010268286091
116.45122119140628,0.8800192079318276,0.9003480748840638,-2.1055670561334607,0.009879014264835199,0.02904310366565279,0.02059527893818044
116.47122119140627,0.37467998574746975,0.6198398771107633,-1.9579623180744699,-0.05953874917893163,-0.004976485504728605,-0.022139708916951106
116.49122119140627,0.3658080168701267,0.01741266297790924,-1.6136567636849062,-0.02775082681369744,0.0450445791579017,-0.024950779896441077
116.51122119140628,-0.18774430575203832,-0.0755127960633392,-1.2957940027553707,0.009566625881578564,-0.1696439482812446,-0.057391179619543486
116.53122119140627,0.1964787310238251,-0.13897722711904392,-2.8079803959493304,-0.02706963588044233,0.1626125102083633,0.048129848579913814
116.55122119140627,1.1254208033453332,-0.1581059986189964,-2.0323087002660385,0.015783658009210322,-0.02458008952158693,-0.04678867930517184
116.57122119140627,0.45303159004629184,-0.5562012014064395,-1.8994662963114437,0.005454639367655038,-0.028009265699605754,-0.025742235422704776
116.59122119140628,0.15298429037479344,0.01037309579914702,-2.35377975867138,0.05116011090185453,0.01505728327642288,-0.007638408023500962
116.61122119140627,0.5127458623973189,-0.821817551553417,-1.843486177078237,0.006955745513755166,-0.02728402674060178,0.03525866484383129
116.63122119140627,-0.2808475870550991,-0.637592404347892,-2.33801314244048,0.08060571414409674,0.07935460922608781,-0.12926369533395127
116.65122119140628,1.2177998947083228,-0.31673760940906076,-1.7600975091656026,-0.008947020441589335,-0.046779221581377435,0.0076378136239821865
116.67122119140627,0.3917796681210146,-0.24017621727764382,-2.143298020224519,0.15039319673555843,0.06622695028533006,0.02702532305676993
116.69122119140627,0.6407482688514902,-1.2135607163142745,-1.3596604001826675,0.02460289517125937,-0.14774329837370836,0.04025671110197108
116.71122119140627,-0.06320736222924796,-1.0715311179551181,-4.305295678985416,0.20791579641867952,0.08783737226199362,-0.00253898194158249
116.73122119140628,1.9561469917930543,-1.7113755600427798,-2.976883924472203,-0.01909237013720843,0.05535094804051616,0.06699685381748215
116.75122119140627,0.5371660275518756,-1.463592623222966,-2.4749385574500877,0.24499634977301077,0.0024979726930782474,-0.21245812151732502
116.77122119140627,-0.9661088500534042,-0.8223421646790828,-2.2020864580509705,0.06441282364024678,-0.08769642183262014,-0.0394651447556228
116.79122119140628,0.2249046741239404,-0.8384095186456756,-3.1470051910837546,0.2468002224289776,0.23817608792210096,0.18982170409204185
116.81122119140628,1.750590860915958,-1.7663683721049048,-1.1921364528247478,0.11604706355427853,-0.06559312232023214,-0.19395467467783256
116.83122119140627,0.12217367072716147,-0.37835459618726974,-2.0793573564076047,0.16377931356162423,0.13161199555352107,-0.22340939976277807
116.85122119140627,0.175113503488966,0.8206983548630592,-0.6318488034114389,0.15343494745416747,0.03266738730049961,0.19559632892111992
116.87122119140628,0.7151404691479837,-0.2730188635323278,-0.46211251750805493,0.23514162419771562,-0.09667130180643257,0.08557602950989295
116.89122119140627,0.2371526604841611,-0.18465693767518185,-1.0164826880819757,0.03821170722503526,0.16108514976830876,-0.2632268080464315
116.91122119140627,0.3737794710406934,1.1458527298664054,0.30504477585195217,0.09711683744033833,0.018626359388567455,0.009984709599618691
116.93122119140627,0.9221940744216756,1.3857722373241521,-0.4998514840682751,0.20776927758558061,-0.04626424498157181,0.2633498448834495
116.95122119140628,-0.7027891577137263,-0.425735422665233,0.2591119813262261,-0.05620858630326373,-0.0073838078600467465,-0.16430975653413113
116.97122119140627,-0.25700394616507244,1.1119792110272888,-0.41007878951965576,0.06064320510719985,0.07776455771485298,-0.23075230693030777
116.99122119140627,0.03696988394147503,2.062466061264042,0.2817421604366131,-0.012802554578448713,-0.05808661330095963,0.19227387823484188
117.01122119140628,0.9658174649422829,1.3772283633952076,-0.7655514239482886,0.08355924142600517,0.0413056119781384,0.10339801147068751
117.03122119140627,0.9115682473839689,0.3421842870507295,0.17688574780850733,-0.1384983278363314,-0.08475671664258934,-0.2112741154302976
117.05122119140627,0.06477978004024443,1.8412843023126566,-0.21802216561547594,-0.06100315199761976,0.2508109396811788,0.019906435326651154
117.07122119140627,1.8381579008102629,1.3840271478158948,1.4449922424924881,-0.09335299858405827,-0.2409955851179993,0.24328903288001757
117.09122119140628,-0.41706196188697464,0.12334339771653752,-0.9696032783574716,-0.11098529062711461,0.06449188703507082,-0.168479516627959
117.11122119140627,1.418102778733798,0.8899495954259304,-0.03065717949537739,-0.329333708027189,0.01917544289756073,-0.06580145496028222
117.13122119140627,1.346053113324154,1.8226401326011699,-0.037218834543182436,-0.040927026686229606,0.04728457540567493,0.21724549922922476
117.15122119140628,1.4030520652317395,0.5763445601586324,-0.146208802933316,-0.2929671116072004,-0.18979959782728242,0.06272043345882096
117.17122119140627,0.10885280704852518,0.8809877691494116,-1.7921963731701205,-0.21821344148417754,0.14473511404948824,-0.17466516252344458
117.19122119140627,1.5295206328150162,1.540757347585406,-0.47319921768841905,-0.2529020221341162,-0.11968273961856137,0.23463905436949514
117.21122119140627,-0.3000948539314725,0.6085508574115555,-1.6855672285237804,-0.09777367053785592,0.01603263615411448,0.17216615362660306
117.23122119140628,-0.5872913301433642,-0.519416303029162,-1.687585861388496,-0.31765150939716513,-0.07680498415576083,-0.1779591167664659
117.25122119140627,-0.5449752730622114,0.8392155997262268,-2.2972551178674667,-0.13042430308008188,0.11954530605778689,0.03153769600013099
117.27122119140627,-0.6441833757456615,0.679735557683895,-1.3795887764474786,-0.12245234181283467,-0.12324690027464157,0.19206904390615293
117.29122119140628,-0.9411335532616325,-0.593220533135001,-2.6472195506268674,-0.10465035574142519,0.04123183453006437,-0.06743004855476742
117.31122119140628,-0.6859178623042,0.30654208300899344,-2.2844814099713133,-0.15867286169413658,0.0734494530794003,-0.1825851315182624
117.33122119140627,0.7552063526510272,0.5784572307660364,-2.1590129133241964,0.021384716105467907,-0.05234344430434431,0.19543539562958023
117.35122119140627,0.5934371151945477,-0.2093747149069219,-3.017471533478952,0.0004158208203000742,0.05031275656600728,0.04128064648125387
117.37122119140628,-0.1622784587380625,-0.893318999879825,-1.1817720824089015,-0.10770339269795665,0.02946963024466978,-0.28575919163811014
117.39122119140627,-1.402435318721076,1.276312340240254,-2.2367365512398503,0.1449138704589976,-0.07936868337553926,-0.09970366372599967
117.41122119140627,-0.5029139947277138,0.10394587442389464,-1.96150528874241,0.010222489817592138,0.06399401911968226,0.39489112344054617
117.43122119140627,0.3607165645636336,-1.529701567251045,-1.7721004293352016,0.18880724452460224,-0.00717757310957635,-0.2151691684929992
117.45122119140628,0.13859591660206577,-0.6048912137471235,-1.7393686452738677,-0.05460950165051182,0.03922031429378909,-0.3267423621482272
117.47122119140627,-0.19825839711376933,1.1996149091130721,-1.9260740619895484,0.22906843486795378,0.12040965886087932,0.16623629079113522
117.49122119140627,0.8089950732358986,-0.394073715988627,-0.772391355527293,0.12829438997789508,-0.10831344712719013,0.13044351555994
117.51122119140628,0.2772233051723287,-1.1799772601472198,-2.311548560288803,0.1370373882882764,0.15814265015025633,-0.3324323075289878
117.53122119140627,0.6983339511333823,-0.013407401980339921,0.029580521951388824,0.03247523516963226,0.007370312918248667,-0.11037789029131279
117.55122119140627,1.1532785739383817,0.8254370832016824,-0.8904110334876993,0.3576531406310609,-0.07368408970259585,0.22036057758837785
117.57122119140627,0.46663901724124857,-1.1442907960480038,-0.4579992158760763,0.016165589694818655,0.038251359586874256,-0.008886546092941369
117.59122119140628,1.1095047026983849,-0.7440553352844707,-0.2112056334736734,0.1943616618892867,0.03608825902637831,-0.23102584255408018
117.61122119140627,0.3611041144560769,0.30464498939157547,0.342140759406733,0.1238062533964476,-0.09827286226087743,0.07463931138640251
117.63122119140627,-0.30392594887835334,-0.26686065126035174,-0.4419744756744402,0.17831247434852063,0.10319739970749303,0.1438772898520205
117.65122119140628,0.46048115881766444,-1.1735400489535066,0.8675330342803783,0.0757841553586882,-0.012640559105579171,-0.12385510679575458
117.67122119140627,0.9985634404453051,-0.15767132633985065,0.0939637961448835,0.11475577206366999,0.019687474637738858,-0.05196633598994431
117.69122119140627,1.6870812081107607,0.017216707263897887,0.4575127825993471,0.07358672308768968,0.020527976262065543,0.18338975322913093
117.71122119140627,0.956197363610028,-1.2955831885777096,1.1464425554488542,0.05727855434103166,0.00782573010613581,-0.015437260230624129
117.73122119140628,0.40349853872507324,-0.41344426873151785,0.19751974305620304,0.05161577852336252,-0.11254806313170604,-0.16006707764809852
117.75122119140627,-2.472874357697704,0.176272565372227,0.25446144818927174,-0.02168029396634473,0.1830162032114919,0.07583963444360559
117.77122119140627,0.7889341451998072,-0.10868080776429487,1.1313826391300776,0.10027422578147963,-0.1102174735014288,0.23175344860948618
117.79122119140628,0.27490740293629873,-1.0510783051566603,0.3471507828267227,-0.048659128276510394,0.07022686261651716,-0.16768339696637413
117.81122119140628,0.37979030803166985,0.06442944302313172,0.44407530567403514,-0.07881714992970791,-0.019246129871963537,-0.16192420125241908
117.83122119140627,-1.1980927059167603,0.4503279861601229,0.28743466218047253,0.05449914646810025,0.03521645309120573,0.2030147447924135
117.85122119140627,0.7331033096326768,-0.5938083146928587,-0.37568383659132404,-0.04828629827863225,-0.028035290979610564,0.12912259357652764
117.87122119140628,-0.08697647686081848,-1.1862440207049123,-0.10040659829865105,-0.07273118548402425,0.0048129322988773,-0.2788387791207891
117.89122119140627,0.6207948571676075,0.7020387499474244,-0.4468174167138695,-0.041832638638718764,-0.029027758338136353,0.03281118249140135
117.91122119140627,-0.015249966842930627,0.10643362463299648,-0.7948515286896268,0.04376236998060732,-0.05867085570064685,0.24060230684549658
117.93122119140627,0.5066551535822499,-1.2924865996668422,-0.8622219015950877,-0.056436190827455844,0.0008036858522152981,-0.11428806541293283
117.95122119140628,0.44037337149128386,-0.48109367751122384,-0.785977126483956,-0.05779895432136682,0.0584157368285817,-0.16529823719982567
117.97122119140627,0.9056121335243033,0.7448302128933532,-1.0175352444368044,0.06212876549677521,-0.02772291676416317,0.19600371842095493
117.99122119140627,-0.32393965098026695,-0.6650604656496841,-0.9164233168039261,-0.0028141060430000643,-0.005800905161239078,0.0476040987521794
118.01122119140628,0.7110799930480779,-0.2627209224995054,-1.156778166346699,-0.008108406805903329,0.06710319015452497,-0.17649336647430325
118.03122119140627,0.6778214297486358,0.6841207773581865,-0.19324096237512542,0.013491772997442907,-0.06165594578844766,0.024658154661742523
118.05122119140627,0.1401749485617388,0.7713509041224441,-0.9055166491164511,0.09118742824550588,0.055390954426722705,0.1179576496664817
118.07122119140627,0.6464506074906117,-0.34407309885670945,0.302032702334063,-0.0571364549543403,-0.0005995118816992576,-0.06724065916133844
118.09122119140628,0.19866339564714272,0.7330921493979944,-0.5722194245291119,0.10654176251156043,-0.02623415748329373,-0.11654350202858375
118.11122119140627,-0.6375032223727493,0.7522948080864543,-0.2557206868748349,-0.02335064289612888,0.03368337874056089,0.14018326802390318
118.13122119140627,0.29720014172282944,0.34433361298202736,-0.17742684670013084,0.11750939219438818,-0.033617687946140166,0.021688647315605224
118.15122119140628,0.2907574894070462,-0.09154246217958863,0.10999887242104588,-0.05354658394386097,0.03764533876297934,-0.147463747089485
118.17122119140627,0.7777721697216425,1.0840097928268215,-0.18896783820692897,0.07337303537616588,-0.01434665895873768,-0.00892429500910112
118.19122119140627,-0.5365171867769418,0.6811241026281589,0.1959997444635537,0.02595304897940191,0.03735580029930256,0.10591025896597664
118.21122119140627,0.4139636343214152,0.379713363950702,-0.21341082645258855,0.03575116034002122,0.026191872452330817,-0.042589277939634816
118.23122119140628,0.5816423810524078,0.27770998944787567,0.45381817648386275,-0.04242111787354408,-0.0003869858838033679,-0.08578181833565587
118.25122119140627,0.687244579591583,1.0983233514501654,-0.011404228457709137,0.06645676878565634,-0.02520646444390831,0.03747106836210181
118.27122119140627,-0.31617924866465014,0.12890080038599852,0.6387484041754895,-0.055105524678188605,0.0008996563844201849,0.06728592976892822
118.29122119140628,0.2956811487602273,0.06386384416237584,0.20232722430401467,0.029845556123496757,-0.016753897312365037,-0.07966727808508672
118.31122119140628,0.02126778439540724,0.0324801203668703,0.23120956446406354,-0.09571647446713762,0.013429961108002037,-0.019816446685905317
118.33122119140627,0.906015041605841,0.3621499945199608,0.0878539870792452,0.02089977826370242,-0.006961993752862753,0.09799273323784671
118.35122119140627,0.08356736118476923,-0.5277908312124717,0.47773974668566815,-0.08841862237307516,-0.033962867040875554,-0.05690473624622308
118.37122119140628,0.41381048854468006,0.047686852509407775,-0.1704525594701982,-0.07128675497779381,0.014003020920310798,-0.09984723170746214
118.39122119140627,0.638314726575837,0.44745007438884205,-0.03307603631011898,-0.05033923583364674,-0.05031895934750355,0.10379366474620061
118.41122119140627,0.3741805829053193,-0.1338397849925453,-0.511020610926183,-0.03766342244089435,-0.02683818881802727,0.05828762092488257
118.43122119140628,0.7181975168738494,-0.3304542001731059,-0.5765612729585664,-0.10754791151823166,0.051863592908182966,-0.10014022722329277
118.45122119140628,0.11286935805565429,0.5251531644048592,-0.4795405542261951,-0.041255531048753624,-0.05957113242811411,-0.042977219782844064
118.47122119140627,-0.8691377043510832,0.17932837032594012,-0.4488577255710605,-0.0363853538187233,0.013919984997683552,0.14339870725632795
118.49122119140627,0.41102556393042217,-0.32525330293217947,-0.7540966567427514,-0.02674150739601327,0.014176898812973624,0.011299032405053066
118.51122119140628,0.4801161739212844,-0.31262191538199235,-0.8733053850987162,-0.07182131300250613,-0.005407944735387067,-0.15169612395490828
118.53122119140627,0.41045638801142853,0.622077527228487,-1.0435615414463386,-0.003447920421118765,0.012682801195723384,0.04704650805826484
118.55122119140627,0.3796410396558153,-0.22621354777201733,-0.8110821924528856,0.007442212358722529,-0.07121885691671517,0.08914140409802998
118.57122119140627,0.6844917582015495,-0.4643201072883723,-1.4727410335302438,-0.0038385455724145364,0.09125320979579139,-0.07181126573410795
118.59122119140628,0.8708535060159421,-0.3357350265223267,-0.6627487991215597,-0.03140497406652766,-0.031221411945961616,-0.05749466313912956
118.61122119140627,0.3826239863743148,0.24766301791771195,-1.0845580471043097,0.0971041403362635,-0.013983063166043447,0.08745332757509827
118.63122119140627,0.31651070560127464,-0.4715824857086451,-0.7559765168229162,-0.008943120453509278,0.0006238270554940014,0.07750937087790831
118.65122119140628,-0.5920654376381055,-0.5093312667620369,-0.8591187073696862,0.08060662100736922,0.03026366556846536,-0.1180845394776384
118.67122119140627,0.5560164327963654,-0.10014414765910133,-0.42414907794862067,-0.010275406882494252,-0.010007700269974605,0.0654581440600265
118.69122119140627,0.8765443817709704,-0.0011378647420842167,-0.8956255904548575,0.13162187204291764,0.01699225952026312,0.06316966129949585
118.71122119140627,0.0721355032976379,-0.6044332563319,0.10947790839658297,-0.04655764125374088,0.018542977012134726,-0.08506944148484494
118.73122119140628,0.2128607591795662,0.560994043779014,-0.5202756351918604,0.10947925399598134,-0.0037832846520876374,-0.041703388499757264
118.75122119140627,-0.02971091374412289,0.21927749519516423,-0.20522614773727343,0.013976278893546967,0.005514229147374256,0.13994252253415443
118.77122119140627,-0.004126336416719082,-0.417249582590462,-0.3939577832861418,0.09398357192418634,-0.004000320990475607,-0.01741137338294656
118.79122119140628,-0.20275877921899058,-0.15976290513814398,0.14758157568368066,-0.03769535335984487,0.033433082444931594,-0.1369860659484086
118.81122119140628,0.21989964539361598,0.803342611640724,-0.2250308269319104,0.07674534355892106,-0.010217513425061777,0.002087907890809649
118.83122119140627,0.1909807936552958,0.45508485104835045,-0.4351618928705134,0.02658783724945325,0.050461414791859796,0.08887657969352131
118.85122119140627,0.710227748136364,-0.4490139351233824,-0.15417890174758586,0.01655401870920142,-0.022163845419694964,-0.07585396151546263
118.87122119140628,0.8323253929016399,0.17484349284389938,-0.3041552962589197,0.011426175512493471,0.020863202086749837,-0.07213942116908299
118.89122119140627,0.9710893748631027,0.4482647951297121,-0.13708456916785913,0.028196340636839016,-0.03900534042794631,0.1059590809846036
118.91122119140627,0.6508299392939917,-0.27222380878073615,-0.2963992165826962,0.03462263445890726,0.012198798670585575,0.07006448995499669
118.93122119140628,0.6222889184402892,-0.5037710274990934,-0.47401988107029475,-0.01607159933615488,-0.01649205721678369,-0.07154842304841864
118.95122119140628,0.8677310250560687,-0.06246953211878986,-0.34914367244775835,0.001552180673724707,-0.012400158606984062,0.06017928778582829
118.97122119140627,0.794919910819999,0.028307090704986694,-0.5683559083279938,0.046814197971807366,-0.038524553021801494,0.10592850532128564
118.99122119140627,0.484473669989266,-0.6393875883001333,-0.4901777063198412,-0.03670619598603081,0.015693939636826044,0.00879843887566158
119.01122119140628,0.23824038715639076,-0.16468708125663276,-0.5795298496091856,0.01240608538260767,0.0025058592908105866,-0.06319576479979988
119.03122119140627,0.821830784370485,-0.006686895585120843,-0.19883044298902947,-0.016684232114465826,-0.05351669783524876,0.135827866904427
119.05122119140627,0.5416903429922368,-0.19225060646746633,-0.7861786357294516,0.05121339950420501,0.017305064647921326,0.06785362831847322
119.07122119140627,0.5487307654474108,-0.4389547297804229,-0.12594197197143456,-0.09265155444403719,0.008798230548206417,-0.07519959768742049
119.09122119140628,0.690897433762799,0.9379148932935484,-0.8024451178440508,0.06778095127617156,-0.03368810221480932,0.06808720397867066
119.11122119140627,1.3532017319329361,0.2329323879438943,-0.8689479460186783,-0.008244107082060378,-0.06780966459138965,0.25994437510806573
119.13122119140627,-0.8890648634430257,-0.7362341369118928,-0.5689024243379465,0.0007631356594497848,0.0535887584158368,-0.13289161077669864
119.15122119140628,0.5336058710825518,0.5134181528796512,-0.2996755149129493,-0.04641574274904549,-0.058568106385900064,-0.005513383506279963
119.17122119140627,-0.09038018004265504,0.7694940171987982,-1.1181106166734298,0.10167310044368949,0.021039819749745108,0.24290212384343482
119.19122119140627,0.5552574024787365,-0.43250056696662253,-0.2668435429234023,-0.05851124105867545,-0.04084041824003142,0.04507912227495327
119.21122119140627,-0.385638854504218,0.267534572892032,-0.9515852001016285,0.038855995117223055,0.07265521567752052,-0.17700883840530768
119.23122119140628,0.7770800791605427,1.2388511621616785,-0.27523738253387836,-0.026742452220816258,-0.057710676803842856,0.24816784617854087
119.25122119140627,0.14178792374283375,0.2655012579590744,-0.9062351084992688,0.13088410604879663,-0.04101348459203991,0.1611539717280942
119.27122119140627,0.6340805669226268,-0.5463255053068438,-0.6842488757130663,-0.10418075573716078,0.01758172727461136,-0.11673280548624697
119.29122119140628,-0.7542545178798666,0.3066404712818282,-0.24714097762434958,0.04968935810657515,-0.004369648203339616,-0.017676115235349555
119.31122119140628,0.450383208272742,0.8600473097168648,-0.3845616823106579,0.034991095371197996,-0.03620376616510392,0.2714089885402441
119.33122119140627,-0.07604978205562789,-0.5261754858115121,-0.24784575685484167,-0.01880233657802462,0.03440162605085365,0.0014636299335244669
119.35122119140627,0.13516172033686125,-0.06119122049356694,-0.4346745834283406,-0.00275464013431377,-0.07340067824945473,-0.11512180075560849
119.37122119140628,-0.23482483940433171,0.2559937736498084,-0.43978594897121476,-0.015340884995837424,0.01966343727363674,0.2002806731494119
119.39122119140627,0.13136177909869282,-0.08628668189983167,-0.8554903676812253,0.055282079766524925,-0.024268711780414853,0.06336469035728118
119.41122119140627,0.5490334315468407,-0.8439582655918604,-0.3896748979435454,-0.10986569523341806,-0.009346320878630162,-0.06369363040411403
119.43122119140628,-0.28826733276818584,0.3755713329002629,-0.9504785222237605,0.06316271911238684,0.02984993917304565,-0.006277154621687461
119.45122119140628,0.46428706505116607,0.03935061091722346,-0.3861030356117936,-0.05307810172711661,-0.09893280395564584,0.18595639010367004
119.47122119140627,-0.016664655818739993,0.008911469528930807,-1.5118524524949668,0.06615270380892116,0.1044442515636133,-0.03224819055428624
119.49122119140627,0.16789630962739613,-0.39858593323506974,0.34064471303728044,-0.13799918689272553,-0.04212519709361506,-0.03001616625533712
119.51122119140628,0.2139205168695402,0.8378402824574306,-1.3224359483838106,0.15496911803609173,-0.06044153338186607,0.055448758209621675
119.53122119140627,0.06521141664615086,-0.09864180490263104,-0.7610607599962443,-0.1363483591227515,0.0618982658456168,0.14065599991286873
119.55122119140627,0.06992535197955534,-0.23190194002393003,-0.725744523930639,0.09716805109242305,0.007357108608724177,-0.08266436430631706
119.57122119140627,0.8200171277486648,0.2295248538798205,-0.45111255184580695,-0.08176921650139243,-0.09300022970944552,0.044307470704233125
119.59122119140628,-0.15154387071331285,0.21714435176298624,-1.4647036026895899,0.09105263668567921,0.06094148990419449,0.10178181818697846
119.61122119140627,0.14408098050856272,-0.06170266503980472,-0.529994408252426,-0.04740473410144835,-0.002607962395923391,0.018176347856879577
119.63122119140627,0.4941764806867524,0.12823442667313112,-0.8827211946184265,0.03562376694540773,0.0005308440436354853,-0.012644339857702365
119.65122119140628,-0.012668805970026122,0.25474041864657854,-0.47513749226805285,0.002301891049430924,-0.040214401789895715,0.04566888186731845
119.67122119140627,0.05700922347104534,-0.07788137660608048,-1.0529035058117855,0.03664460417803204,0.0185280724132463,0.08996579739070099
119.69122119140627,0.6082664999728703,-0.17233288638561978,-0.7020893427022873,0.0030573208140013235,-0.01651816469236146,-0.0003705519315186324
119.71122119140627,0.6043800059504123,-0.1093690642153794,-0.8770267669969287,0.017313259545975342,-0.016023174891746483,-0.0005269293367562812
119.73122119140628,0.0628520032540636,0.04735809530021587,-0.7064764815052031,0.019506184904354483,-0.01374059727834775,0.05195697236906033
119.75122119140627,0.18005817398846913,-0.15804780708110583,-0.414802869092686,0.016985585012514372,-0.02632871322531303,0.062486503057187864
119.77122119140627,0.03824364930026418,-0.18129996017304986,-0.9031371645060388,0.02919900568108215,0.004757917733300965,-0.008942880532870132
119.79122119140628,0.8605282732401699,0.04015898395937742,-0.5362528406678927,-0.03572720984609737,0.02307135148772869,0.039277820276451075
119.81122119140628,0.25227012853186204,0.13987959370361902,-0.7401593855125219,0.07601376018753997,-0.044178585961659245,0.03899112255542585
119.83122119140627,0.47164927890803543,-0.00834712917023147,-0.43155496964123125,-0.06646607285172684,0.023160700902937016,0.04340618067579502
119.85122119140627,0.34412231389188525,0.5484507677987865,-0.3162239811972202,0.05653650231831868,-0.03967846389295415,-0.022269625501848956
119.87122119140628,0.0034818204630744087,0.3793054512944128,-0.4293952604087321,-0.03258686836988708,-0.055514259274121874,0.0793358220479241
119.89122119140627,0.2599562488335431,0.21965620327311974,-1.0571989049952004,0.03430253742914234,0.06978439107908117,0.07933377594240248
119.91122119140627,0.6085907023862864,0.019767620148822298,-0.16798763678142756,-0.047253119116375135,-0.053817435116135987,-0.03744469820983999
119.93122119140628,-0.26276790232509745,0.6432806426713632,-0.5998427757185726,0.01894242443066207,-0.00953280218443157,-0.005031965011145475
119.95122119140628,0.17612964030786601,0.746005193138506,-0.5609331332629626,-0.015748214991246165,0.0038593621136892775,0.14183878656345436
119.97122119140627,0.5676894293582099,0.21687437448380692,-0.6705336511432658,0.00943128976566897,-0.0017058121075431605,0.02882083646996353
119.99122119140627,-0.371585712171116,0.025745471419296753,-0.25724484910563233,-0.056240839063790384,-0.01914288609283177,-0.07639108760794222
120.01122119140628,0.09494627607340325,0.6926955196591162,-0.8963421460648217,0.018821939897279295,-0.020215796274374784,0.09642974519221612
120.03122119140627,0.2281678082768414,0.19723304107779036,-0.7514759614338389,-0.022080791426440084,-0.0015385293033693256,0.09570214036601397
120.05122119140627,-0.06622470332524115,-0.25653897206004606,-0.6756784457867884,-0.02391968031354288,-0.007739772716089813,-0.06839301903661116
120.07122119140627,0.4626584932985016,0.30674440667956676,-0.6241694644934354,-0.045376814583032374,0.007378263134369031,0.026484810743016184
120.09122119140628,-0.344590919966458,0.5292622760840109,-0.5088014811339484,0.001989643823182951,-0.037997022691824256,0.03819508295070766
120.11122119140627,0.4442173084664669,0.19560412740990635,-0.803997070166469,-0.049829263127098754,0.013779617163021092,0.05939820916538159
120.13122119140627,0.19210475893954448,-0.0036865307121287023,-1.0666590479403162,-0.0026674966805496796,-0.06285518831613811,-0.028108159374470507
120.15122119140628,-0.13036901413136895,-0.05287237993074262,-0.8904682576374718,-0.07408363497218186,0.06495787113324278,0.03413156031206694
120.17122119140627,0.720005592947104,0.2710575530553285,-0.7920955632278924,0.015649868376053432,-0.07541748713188902,0.016944419223915295
120.19122119140627,0.18056719399885834,-0.019767487458702382,-1.1554825785498157,-0.05200591271981967,0.007162188897039552,0.02247666745491489
120.21122119140627,0.19487913801441997,-0.08221475540539719,-1.0416736396014292,-0.017401255615718078,0.017101351046056878,0.044750157851430716
120.23122119140628,0.5100488895204974,-0.1077813219218284,-0.887686890250326,-0.004067461413952984,-0.09203439419995825,0.02907018688051154
120.25122119140627,-0.3446486927414381,0.06384056701092646,-1.7868621722564413,-0.02647097790829664,0.052796718165165506,-0.05551498526967943
120.27122119140627,0.4812320712764604,0.1257994103648663,-0.8495268151206367,-0.02996894749636419,-0.025777743670095776,0.10058066922029586
120.29122119140628,0.22206184474219226,0.09500840147034294,-1.5150733691667038,0.07721450253376898,-0.05847339784775763,0.024101369022062853
120.31122119140628,0.41241231274725065,-0.29656042610914096,-1.6795615639483148,-0.09701689595533333,0.029722231785756923,-0.02568030153577357
120.33122119140627,-0.3146885502349737,0.4179832294111434,-1.2219123388627038,0.058477334930351135,0.018100967178588997,-0.03476838505516698
120.35122119140627,0.14460450410046796,0.29531789835230676,-1.1788141293102816,-0.0033995716867661514,-0.09940041028845756,0.11479174339305048
120.37122119140628,-0.13166381883101144,-0.12397015828503874,-1.8948174802390583,0.03496857253650274,0.1031979932884173,0.013930946272493602
120.39122119140627,0.3686649665196443,-0.1526163956013453,-0.9841460918898814,-0.03349955373431861,-0.049894492797190035,-0.09412547565110636
120.41122119140627,-0.3151560799844291,0.4704295689304965,-1.1318416986154918,0.04533163017421146,0.010270682534024822,0.013269459788212848
120.43122119140628,0.40746015142506226,0.17029047321861113,-1.077872470322916,0.01595109462338617,-0.014173022678689383,0.10794536608943962
120.45122119140628,-0.31024758495664034,-0.31411613223231494,-1.3390321657949618,0.026642789053581205,-0.0038128066140510827,-0.0940649798478108
120.47122119140627,0.225087386532444,0.14965597612737164,-1.175733619746138,-0.024850050522238765,0.017897382448695667,-0.019022820441236217
120.49122119140627,-0.29146535825130093,0.2816624721575968,-1.1994669812067171,0.08774288372365047,-0.08156700971524344,0.03893968888412685
120.51122119140628,0.5787596115083748,0.23461402678751428,-1.6526033407332026,-0.020614472849663727,0.11458348980842122,0.04600616909642493
120.53122119140627,0.7387550257302675,0.18199914204300616,-0.7584593574330886,0.03452807628603259,-0.06971154066428907,-0.096887666196516
120.55122119140627,-0.30560578548494094,0.3218251313545443,-1.2693747938911573,0.021636186550452664,-0.010486555718430593,0.021178149802873258
120.57122119140627,-0.1095495603083959,0.2459879127675236,-1.1708113765853738,0.016696624595048865,0.021047512411620447,0.07093281624489492
120.59122119140628,0.4410393032479649,-0.014638496724050942,-1.141931580117758,0.026561282259652118,0.004644090458675925,-0.03862216613636316
120.61122119140627,0.18770141503618357,0.11822414265623213,-0.9944247792564284,-0.017139562526138036,-0.022511510650144447,-0.04615496271546123
120.63122119140627,-0.10953059927632934,0.018750841765497798,-1.0633068863951929,0.032698747573001605,-0.013246566939939234,0.040261866860156995
120.65122119140628,0.07922757877523688,0.13338809510895397,-1.2934993655560607,0.0070285109042115285,-0.00723608858019586,-0.006614673350158287
120.67122119140627,-0.04967655979645257,-0.21488321682473138,-1.1329522180587672,-0.019957923293810128,0.02619437951511025,-0.023268032280681326
120.69122119140627,0.18516026389646714,0.3828182265677596,-1.0740878337060804,0.02478889058109924,-0.041978387684893766,-0.0511538600046263
120.71122119140627,0.45548300160919897,0.3048757176602119,-1.0490456738688425,-0.028765864188028952,0.02081895240301101,0.07413003732857477
120.73122119140628,0.6221698851028005,0.15008686985001068,-1.3969049638981177,0.04238525766176252,0.00029137522722019803,0.0057401239286212335
120.75122119140627,0.5747199495678662,-0.2150392846136908,-0.9845877073889151,-0.07143662851266434,-0.07380271870361207,-0.07093596767439667
120.77122119140627,0.35320444057090455,0.7394483119877335,-1.6793094732596958,0.037707736814653475,0.07378340069079489,0.00905966591597002
120.79122119140628,0.6621630657492575,0.15490082360957297,-0.603888456657252,-0.04014847460478082,-0.09961125556409313,0.11427609424664095
120.81122119140628,0.37591145146192173,-0.11090714551836212,-1.9282233804980375,0.05953845478665634,0.0005175582242784611,-0.037176926386375986
120.83122119140627,0.24130365159645503,-0.0837432392389382,-1.2009420603495156,-0.11695445980202092,0.003867281755942263,-0.06647392236163686
120.85122119140627,0.3433021741987876,0.6900065416735313,-1.5188397752064364,0.08920050743200858,0.00927206553076072,0.061985944920745564
120.87122119140628,-0.047976601026762995,0.10846574056087926,-1.0140273277055791,-0.04759833445022955,-0.03723539875208713,0.0756028340021472
120.89122119140627,0.07020973237460403,-0.009493304723838369,-1.77896413537041,0.01886265646748764,0.05412235547546127,-0.09541144345790387
120.91122119140627,0.412606494664873,0.37861078287332967,-0.7992633564455336,-0.04798279432680204,-0.06117833262140644,0.02017314376169599
120.93122119140628,-0.20796254195162234,0.1178799570235991,-1.592004897515312,0.06943312979636647,0.006029933458763049,0.07058617285418996
120.95122119140628,0.476709850145507,-0.1432361911098082,-1.1453549592329748,-0.06458165975217295,-0.040039680380759016,-0.029968998095402537
120.97122119140627,0.47323521374664074,0.11026174993715815,-2.0076630446969386,0.05526260098798073,0.025208517538572856,-0.019649189438834504
120.99122119140627,-0.7725165306826329,-0.1625812778171644,-1.0143451079448276,-0.04393508876264435,-0.016365572649404306,0.02387847778277476
121.01122119140628,-0.0006375153799185261,0.22569487502586147,-1.547702067494625,0.06223604059125917,0.010998595248385134,0.009059963231421253
121.03122119140627,0.01671308859454695,0.004494469695762673,-1.0230202317798596,-0.042334986843549534,-0.006631402240051743,-0.04276256480947429
121.05122119140627,0.3930337498779402,0.273495556511576,-1.125843871123515,0.02770546251485301,0.061673916913830285,-0.004663544021297845
121.07122119140628,-0.09809511249315446,0.30203874880606596,-0.5155390156363294,0.0019885113480788254,-0.05417670796075138,-0.021651691548826325
121.09122119140628,-0.05403327708646732,0.24154866717499773,-1.1857175523257473,0.0066698124572944885,0.0977198084056686,0.003043453760228821
121.11122119140627,0.3934465554339784,-0.03164002216307868,-0.6478108716457545,0.005558806852864284,-0.047895940450945126,-0.021593206337087747
121.13122119140627,0.7739484966826315,-0.08293237663730545,-0.9917634226733496,0.005762919410551117,0.06033668275051189,-0.012210689457101947
121.15122119140628,0.3702561544918914,0.20109908383397285,-1.107090034230607,0.006767061389748485,0.011063921346978494,-0.09065827494816146
121.17122119140627,1.0328220845083722,0.08073347964163506,-0.7905915740745211,-0.012260975079989847,0.04715303990896294,0.059706852152710176
121.19122119140627,0.4260611324057149,0.20125353984651223,-0.8813815531015816,0.06647884685292334,-0.006910988678381365,-0.04437181434049003
121.21122119140627,0.5201054900301029,-0.1593409194524767,-0.926443681062947,-0.06052043780488219,0.08295111687825893,-0.014054603076786354
121.23122119140628,0.7850482618564321,0.533929273795113,-0.974719419809594,0.08033211683321656,0.007689201166498369,-0.04526877367277323
121.25122119140627,0.9005211641714517,0.1192761433167685,-0.7160853011190772,-0.032182166079327564,0.03271115896403912,0.056497554797438274
121.27122119140627,0.49318617116995134,-0.04881667023068684,-1.198758868471977,0.07160902369560558,0.04984519180695308,-0.0449529618363397
121.29122119140628,0.5884730171622187,-0.16676719224526568,-0.12264902783602423,-0.05755444398835306,0.0019546633775512036,-0.02984029249677244
121.31122119140628,0.5784335964712604,0.5886776838756346,-1.2999942438463628,0.1016633296133123,0.061370752241642346,-0.031473318991088954
121.33122119140627,0.6946525386962155,-0.17061977044734955,-0.019123018658514627,-0.08231506074096308,0.020907424438457174,0.0488779271323768
121.35122119140627,0.8018738850053451,0.3038534887047547,-1.0923323875594395,0.12961025596935646,0.07526037558365113,-0.0856247288658157
121.37122119140628,1.0221725744077454,-0.1008998497406553,0.18593400365801574,-0.12388048502100044,0.04167836210193087,0.011493687762044447
121.39122119140627,0.4573385826150727,0.3356381050560888,-0.48893178506522667,0.15514599358083783,0.021834728579635698,-0.03369624220148408
121.41122119140627,1.0872824990043124,-0.3539368345215693,-0.017421914477179945,-0.09100693907929386,0.010482553226175617,0.07534962684541748
121.43122119140628,0.9440126219340618,-0.15064827489564825,-1.0828363392893565,0.1124805042978114,0.1744325553256644,-0.05566395339449948
121.45122119140628,0.9510026975676776,-0.4248036774403037,0.7597467539385203,-0.10661109834694989,-0.010926426151192761,-0.06825702318222603
121.47122119140627,0.5973952023251123,0.4393600238743868,-0.6469590492121703,0.129753983694336,0.1107480981716951,-0.006332586694943289
121.49122119140627,0.8591821367115743,-0.2589884053344291,0.4632403042323672,-0.08313206862323348,0.037246739076191984,0.07860859335141415
121.51122119140628,0.5456868570740214,-0.3387248304030366,-0.4154514157188677,0.11691072891958172,0.11346360789421864,-0.07026363001375424
121.53122119140627,0.8857497876335539,-0.3879678268057306,0.6462267437247424,-0.08687486754234937,0.04112704583770503,-0.02285008826096935
121.55122119140627,0.7925628631689579,0.10400913826113337,-0.0091906192138597,0.12866635060686546,0.10236225598916286,0.0053295463372852
121.57122119140628,0.6586033263561039,-0.3166810257079957,0.7322133211584153,-0.038708916457809606,0.0690688035315816,0.023693910782589298
121.59122119140628,0.843378867787975,-0.14835348367191054,0.37225241620495353,0.0819921805260235,0.14772517364706456,-0.030511522358792214
121.61122119140627,1.4720439226509945,-0.07006606420203693,0.9694571473894565,-0.0053179440330144885,0.014810237480343335,-0.036833776219108216
121.63122119140627,1.0351962741412664,0.04562259217261413,0.5055095331763487,0.058386885216986366,0.14309094998207883,0.01747595885715241
121.65122119140628,0.7986402467499255,-0.09515857994652238,0.9155742782120281,0.0382879278357612,0.026447837663028155,-0.007587407507550725
121.67122119140627,0.6367890724585925,-0.20890804816596867,0.9871258162666907,0.003417620532802419,0.13036245339451882,-0.0430047750899034
121.69122119140627,1.103277907795583,0.17117474600860427,1.2063551272428497,0.0477992076846553,0.07516027836729677,-0.030716549150682428
121.71122119140627,1.3591110533845085,-0.013952203254205873,1.1848500965561422,0.01236923267028878,0.06668094195389641,0.0510909481164133
121.73122119140628,0.9023276645626985,-0.029932551419834346,0.9221882783595989,0.04609775290112095,0.13241707556986534,-0.028195798365542563
121.75122119140627,1.0591700509534236,-0.21618051424448093,1.503186849583801,-0.03843373740611332,0.04636208959034198,-0.04933177817198161
121.77122119140627,0.8026841417668956,0.273401266377124,1.1470841046339353,0.055412823941893986,0.11129485519952025,0.013829764396078019
121.79122119140628,1.405909038949483,-0.09833473671180536,1.356203701801593,-0.014968883970481033,0.02856963585674975,0.08699199692228021
121.81122119140628,1.051282494108681,-0.3579053335619658,0.6569174963644008,0.030642808457385092,0.1294839000185721,-0.04937423475492357
121.83122119140627,0.9589859690729242,-0.09407452725368881,1.4555429915802112,-0.06148832534497716,0.08261732178455927,-0.05947112481496371
121.85122119140627,0.6977420023440467,0.6856099938392902,0.8114172369139897,0.07198226891515848,0.08464948734419757,0.056910901902099444
121.87122119140628,1.095551310308001,-0.13981415437669095,0.9806646313489502,-0.03445482768466673,0.10166470556324622,0.14198258765574112
121.89122119140627,1.1205428580563692,-0.6470244906199698,1.1424223701049716,0.024734496797289483,0.07953424641666174,-0.09834502539394667
121.91122119140627,0.7541571329897118,-0.07141387988798772,1.1402086853378275,-0.04610085327202147,0.06111636846997204,-0.04944444031266219
121.93122119140628,0.28385114752454393,0.29118633147388917,0.8163030457589872,0.05238352594809794,0.116232452401025,0.132656625704715
121.95122119140628,0.6461934147991873,-0.20232964128409306,1.1374256207083515,-0.0242125545414056,0.06970171116257785,-0.03113174794466311
121.97122119140627,0.38541000109820583,-0.16432846756760358,1.0392967891243228,-0.018109932270151154,0.12219375100287033,-0.08049529512069918
121.99122119140627,1.1412004363741213,0.21396124976489095,0.8072549319752355,0.031202714549614693,0.03333628216980996,0.0648538291016155
122.01122119140628,1.230318109553396,-0.3365910537564769,0.6680067846682388,-0.019254602993071253,0.11416810991507177,0.023795778099305612
122.03122119140627,1.0766968241615353,-0.11248397605969938,0.9560328718888208,0.010023796101847263,0.08635686968186868,-0.08952066047054587
122.05122119140627,0.9140201674919358,0.23160743325471297,1.0007371759036563,-0.002309361895164532,0.07472186965812383,0.06097787462807311
122.07122119140628,1.026436268067385,0.26294854808611706,0.729384755852628,0.03453986493877279,0.10744748157033113,0.04144861235343221
122.09122119140628,1.127887172873349,-0.005870926419971269,0.9202989495388973,-0.01303766796237814,0.050370990279797474,-0.038277687279984415
122.11122119140627,0.7752782248843628,-0.2198073266257411,0.9455419103345832,0.01296015348544011,0.09687877096031902,0.029363401712903636
122.13122119140627,0.5456352889012975,0.009583284612497175,0.6980216744620545,0.04693573919566817,0.04944322717239059,0.022364929499510165
122.15122119140628,0.6682470401080283,-0.29237540666441897,0.9324409427114868,-0.03827731272970618,0.12661458599080444,0.004061248409261789
122.17122119140627,0.8087042244608622,0.04489688685055909,1.0679863159593717,0.05600974320857138,0.09846617001909544,-0.03267223522870654
122.19122119140627,0.6568796559504447,-0.14450713467796156,1.201844920990098,-0.03708166744896869,0.08801032655608902,0.02692130089584053
122.21122119140627,0.40625250171338734,0.1481583918637857,0.9635230432291985,0.04897126089430203,0.11151815011557696,-0.010359245244306935
122.23122119140628,1.242666406793712,-0.06713415752744899,1.2000793598799502,-0.0323379435640618,0.08692908802275463,0.051698486518217825
122.25122119140627,1.2806961933330594,-0.26011401854188504,0.7287513912422234,0.02550221993128975,0.13845007577475815,-0.021124816275341442
122.27122119140627,0.41204499608114664,-0.4482361889051216,1.439827491784266,-0.041176612627058504,-0.0033060765334846014,-0.07318223064925314
122.29122119140628,0.3773670895154246,0.4195136436224131,0.49427617420638154,0.032113504258565524,0.15131756035202618,0.04971011211663467
122.31122119140628,1.408093060986928,-0.4586935503846294,1.5148000386383698,-0.028554293636415765,0.022890590473332702,0.1420954752740938
122.33122119140627,0.3709667514601137,-0.78602899737807,0.5751162724778723,0.05385988230460926,0.09501286998258328,-0.11236514354259527
122.35122119140627,0.45099082985032957,-0.09043705070822398,1.1109945242410666,-0.11343643703413267,0.08515225662853121,-0.041622165393146275
122.37122119140628,0.5982302990601465,0.5924965695262947,0.4996795181289404,0.12570462429831625,0.11472694072473794,0.14206832024312024
122.39122119140627,1.3472223075921432,-0.7028178403726153,0.8832257523062127,-0.0740926470460957,-0.03583374265154229,0.004336039833815081
122.41122119140627,0.380466681990003,-0.45502150845776224,-0.004363110409726445,0.015894937090097063,0.18609761131103872,-0.1953716787159695
122.43122119140628,0.8155717703946437,0.17746381850293336,1.5293519341961415,-0.049282086074672396,0.0153147530671494,0.07409793073860214
122.45122119140628,1.1776618582152345,0.08233538485406537,0.3318693804846575,0.10575257781819873,0.09440875567643667,0.10554080366660865
122.47122119140627,0.45842345178896243,-0.7485732232852244,1.0692262623996556,-0.1034130305073929,0.07867578182421743,-0.15226179923113559
122.49122119140627,0.6605772853139421,0.3250612589440625,0.7175925142077927,0.05987469967230075,0.061046426456928,0.005228557552296214
122.51122119140628,0.5935523240699515,0.13484653971250635,0.8272435261373031,0.02710619043654791,0.019261430745566632,0.20454975822549126
122.53122119140627,-0.06505625815159305,-1.0454271626323113,0.5326751020394969,-0.01707844395803237,0.14857656782914697,-0.13237848689491516
122.55122119140627,1.7323937928223287,-0.16241284795379732,0.6154268085829404,-0.018805604987955468,0.005263412279831507,-0.10578256690962358
122.57122119140628,0.3606138347900364,0.08228305190084333,0.6876206947798146,0.03781433073622768,0.10355790422782145,0.11121614429024897
122.59122119140628,0.5906432327541695,-0.1522585412793806,0.4021975177187115,0.03423103062864149,0.039290868202503146,0.018895158658681514
122.61122119140627,0.6605332203182281,-0.44377022501228264,0.84896632001033,-0.04806289031758863,0.16037878144627032,-0.045295851334529916
122.63122119140627,0.05251656167392923,0.19762193220673585,0.383405898105527,0.09758732925695594,-0.005399099444895153,-0.06147176394904288
122.65122119140628,0.43985317727445333,-0.46353377241207216,0.8742084202042013,-0.08458252515372244,0.141745547433651,0.10346608713113342
122.67122119140627,1.2577979237403532,-0.09265691318560579,0.23801125664234066,0.14311669847691014,0.05633494353445132,-0.07995884545335513
122.69122119140627,-0.33046924792247045,-0.3998534879952337,1.052583453356351,-0.10972510332621387,0.04066827263484893,-0.08365545082379675
122.71122119140627,0.8760358636101306,0.7778531440884159,-0.2708760192221727,0.13864961777409632,0.15336454349417367,0.04445960396494447
122.73122119140628,1.4187107840615096,-0.42745531355854366,1.2296726474298967,-0.06727788942433778,0.021106763604075495,0.048864116975137664
122.75122119140627,0.7286472606725246,-0.3136129944274446,-0.05379612968862248,0.08866714670287917,0.13395888255379834,-0.17527837372936117
122.77122119140627,0.5873664541426884,0.12830692216396425,1.3552559385215195,-0.06793994946152918,-0.0640383955901413,0.00907905397470919
122.79122119140628,0.597073197005149,0.37400955254934415,-0.02870983218344893,0.14112786031061642,0.2509025632550616,0.16407807175540698
122.81122119140628,1.023106519104157,-0.7306969704699283,1.4713676665699118,-0.07295030329564901,-0.047156937509219475,-0.08243984498229312
122.83122119140627,0.22792561014906562,0.0801456992839629,0.3456925081114644,0.03593511243499588,0.15334901016078878,-0.15105676446352007
122.85122119140627,0.4930137388074127,0.4854641834979723,0.728004779793282,0.002019962220492751,0.019736321766733764,0.13505989206630836
122.87122119140628,0.5772573525795361,-0.552142485022765,0.5912340109393455,0.02130502087906971,0.10347349029056045,0.03722931655818287
122.89122119140627,0.6792166048417252,-0.005495154153841365,0.3418007267790069,-0.01501589391726147,0.09702723477858624,-0.2502280525714175
122.91122119140627,1.8071244710837049,0.4750909657735499,0.654351400209285,-0.02290045649848426,0.10078201211234974,0.17013191256263058
122.93122119140628,0.25016986174445865,-0.17847709840241804,0.5759268566288178,0.11792352717777564,-0.026607484633455976,0.08024486091748499
122.95122119140628,0.5978816483765997,-0.8925050739490917,0.5628586592680649,-0.11652788721808022,0.07245208971928868,-0.12241779235257459
122.97122119140627,0.7913686022520621,0.4826003091096876,0.45773033003937164,0.06199616164036006,0.1132358364615634,-0.03305678338214608
122.99122119140627,0.14383979659634433,0.038787699952437985,1.164140083931885,-0.031154317749251377,-0.0025278594239791434,0.10791052915520714
123.01122119140628,0.18706979856600545,-0.08638337405625783,0.3156643816610498,0.02135440982373967,0.12024663041187848,-0.06590729239714833
123.03122119140627,1.2958648044775334,-0.289697386755057,0.7951092496006215,-0.06713654392116096,0.011888531857441712,-0.051838328866464355
123.05122119140627,0.43921935967934816,0.1919505743032322,0.11235158632932776,0.042225178328137485,0.13168164732501544,0.022849400789653345
123.07122119140628,1.0290411190121027,0.16356326575736177,0.6913394905074818,-0.06646980936196353,0.028121068771142378,0.013753428746048308
123.09122119140628,0.5799802811669675,0.09731654977406941,0.31445551137905453,0.02195970358411381,0.059390003346417135,-0.0475863488950488
123.11122119140627,0.7841062463417415,0.2524050263757416,0.251467656317026,-0.029614126457917715,-0.008362902675042638,0.05634706948182784
123.13122119140627,0.4054321469099155,-0.3046164297704012,0.19222578548076252,0.0032248452549450014,0.07646314219186602,0.05524297154131099
123.15122119140628,0.5080974038654419,-0.05254362317204032,0.6251280159876992,-0.032562015234793885,0.018442718497563654,-0.10356933180983058
123.17122119140627,0.9893950193411416,0.49109330949798,0.2743628826940951,-0.012592748603802923,0.03673051978178111,0.08005900625578664
123.19122119140627,0.9581101083430432,0.38367251687245546,-0.33427377940655273,0.024238007640452152,0.104994022575081,0.0920535560463537
123.21122119140627,1.260536368494126,-0.41126750638060766,0.45073361961294456,-0.07609419075365166,-0.05188745219693773,-0.06698910876830806
123.23122119140628,-0.10282331307372605,0.4071860648753766,-0.10930100865699438,0.021459456662837367,0.0782296344648211,-0.06950412187536466
123.25122119140627,0.430072398343817,0.549101391609453,0.2963608354558827,-0.04292761154739538,0.051515457940601375,0.1793604052297605
123.27122119140627,-0.18772254523025375,-0.26897985876113417,0.24433284808246925,0.041353883928571034,0.008119577172374597,-0.0009715980760212862
123.29122119140628,-0.0015062319432127792,-0.40753866322437493,0.15126803849557888,-0.07913627417461118,0.01251623943020628,-0.11290530222017833
123.31122119140628,0.7650051230495494,0.4004399679324585,-0.2827962235787668,0.02573348127988506,0.03826630697904537,0.09500158942491184
123.33122119140627,1.1992421580402417,-0.08888098664050785,0.032878216519623804,-0.0004979066981082609,-0.0008853432464051516,0.10966887501065674
123.35122119140627,0.5094477944151219,-0.8811504082826704,-0.4471963091007055,-0.025281085409665907,0.07430084218368119,-0.07113178107048232
123.37122119140628,0.4667305399037295,-0.04933685841962424,0.0672047827473797,-0.02433089409312892,-0.06437645508975949,-0.029568523861199413
123.39122119140627,-0.29471313214038786,0.1953976787794865,-0.03688597675697196,0.019814301706268043,0.06345601072258733,0.10933219174719534
123.41122119140627,0.2754566226171121,0.09677467942551166,-0.12518977664443398,0.013428149167515249,-0.03759912538111933,0.044278187947543825
123.43122119140628,0.8461931540302959,-0.29840770281395756,-0.6125857638474852,-0.02485752488186658,0.08482455146579392,0.013543533581157348
123.45122119140628,0.7048365529168759,-0.05364660297960432,0.1094390372537969,0.011385057075422464,-0.05703352860944331,-0.016042137665231597
123.47122119140627,-0.13840707683106773,0.24082997086755942,-0.2771502057921518,0.027560403615176487,-0.02845813420982151,0.07062358933790423
123.49122119140627,-0.361238950121203,0.05669307385204493,-0.5915240253927289,0.015435603542218814,0.07951834652927414,0.07195445488248206
123.51122119140628,-0.10705718760268017,-0.2917076702082488,0.335253409862623,-0.00916147625110334,0.0011448938317386186,-0.021407993367752433
123.53122119140627,-0.34979400453030496,0.3597263649172997,0.13153709141280615,0.032146704896622795,0.03563115360426022,-0.0011887271211684699
123.55122119140627,0.14152168471291213,0.5625409261792896,0.36479681339556475,-0.01237603974915389,-0.017251274949296805,0.06782474515871006
123.57122119140628,-0.24247512227557189,0.5687392062059474,-0.058444317527313806,0.037396033605265215,0.023476347614530862,-0.030272720399537625
123.59122119140628,-0.40612309902656707,0.1419606359112366,0.5014851937213675,-0.05413290466389003,-0.011381527740754951,0.0018819767299350623
123.61122119140627,-0.1791779407817131,0.4244616051753677,0.15538954236961666,0.03598782415691667,0.02907641802335446,-0.005070839809198901
123.63122119140627,-0.31323509978480796,0.2585609816752831,0.32830317018009303,-0.03971603188042896,-0.058519425167173,-0.008662900857149259
123.65122119140628,-0.2596862039003141,0.1627942456426965,-0.4935567138601047,0.016973595472099857,0.08663155050404146,0.028140743272788902
123.67122119140627,0.11621606362743658,0.021930791415809617,-0.05191554179199972,-0.01894558991675158,-0.07338233719753122,-0.015740776921504777
123.69122119140627,0.28296593828507255,-0.23337174939954286,-0.7084506099304593,-0.013544279390212294,0.09746800931097589,-0.01659523657909011
123.71122119140627,0.3461395533578665,-0.1270665888197616,-0.3707967959442647,0.0007047713151466364,-0.00943794665097161,-0.006040443557705377
123.73122119140628,0.9578755282507725,-0.42813751303333164,-0.6704403280905629,0.0033058662300061055,-0.012433830776999258,0.06859915253274398
123.75122119140627,0.7195194845098445,-0.6705705128584721,-0.8127808263376517,-0.0019285843087205295,0.06545150002895496,-0.029292113387925943
123.77122119140627,0.8750678138112559,-0.5534567595703888,-0.36757862178939044,-0.02890393041581435,-0.008841885184136318,-0.013023586324040597
123.79122119140628,0.22981014666211444,0.18092958651323995,-1.0420454754449548,0.05605107566518614,-0.003126157485080664,0.02476762640169738
123.81122119140628,0.42958496066118856,-0.4978851523233958,-0.25018154079380367,-0.0563798557833026,-0.026042038255202644,0.09460518992411705
123.83122119140627,0.44045191019186564,-0.4047088193614798,-0.8388971432714363,0.09165727257063333,0.006406411325469043,-0.005500202199276251
123.85122119140627,0.6599237579003031,-0.4397930098366967,-0.3195111352994697,-0.08678220976452193,-0.014948270586312479,0.045712006407224934
123.87122119140628,-0.14500972624658395,0.1988653625416345,-0.5701888934863755,0.08131655691156357,0.06454497706445197,0.0067158354502828135
123.89122119140627,1.0118043709533138,-0.0016067048382657101,-0.027403790874355596,-0.0646018632368898,-0.049543735495867255,0.09832655744007264
123.91122119140627,0.3165668531880128,0.4814022353980677,-0.8162766206468396,0.05811569603174014,0.05441607470969882,-0.025060337071033344
123.93122119140628,1.2759684192285106,0.5379800968209761,0.0382760103128665,-0.07707406498346857,-0.07878336203063821,0.08486191006817358
123.95122119140628,0.45387915233088216,0.44675325597110666,-1.0855729682301938,0.10285192256979699,-0.0022712561558153924,0.09096174922383389
123.97122119140627,-0.32718830006276844,-0.34842810407266983,-0.46049869415804995,-0.08054222000326842,-0.08280811204760327,0.015443523629542544
123.99122119140627,-0.9893174453593763,0.3376979777829988,-1.4187327482310867,0.07210646738532345,0.0972524104776043,-0.023739278168076892
124.01122119140628,-0.4721143854918237,0.2337344774965688,-0.16782742189869332,-0.03683841072555083,-0.11707205323537213,0.08235280893138369
124.03122119140627,-0.9147437613912802,0.32507627733693895,-1.5625991778858144,0.11689649469063519,0.06624673975487642,0.015281888207783395
124.05122119140627,-0.33720418793794765,-0.061042491737465426,-0.25396316105840105,-0.08735002714964345,-0.046753076225844695,-0.03874100416385001
124.07122119140628,-0.12101153342984865,0.466123473770313,-0.9318443250077676,0.1379184955733458,-0.0003165177973577664,0.031548224910773325
124.09122119140628,-0.37792882750184603,-0.4200193655168041,-0.7929043253228252,-0.028575987554035256,-0.03517139650830668,0.10062903060756984
124.11122119140627,-0.44504483347032575,-0.6407568593110218,-1.4092566097313486,0.07275747501919742,0.03813972900447923,-0.05493529502148639
124.13122119140627,-0.220368932656369,-0.4247260712136524,-0.3871030676627603,-0.029400514388638624,-0.05330005962494989,-0.02736305282028534
124.15122119140628,0.07949177470437986,-0.13363048229327565,-1.2169059119131778,0.10328574500021838,-0.01727346502255212,0.09808340434736536
124.17122119140627,0.11111338644387284,-0.7966763934154931,-0.5886663628188843,-0.027374236410783254,-0.013763306184845775,0.021806686439639858
124.19122119140627,-0.2331850532561514,-0.42682910751799386,-0.6834258066552625,0.04355118226630464,-0.036649895437141124,-0.12128854632672165
124.21122119140628,0.22358097093295162,0.002075035492405932,-0.6207871198955031,0.0031256509657409844,-0.06376488534770558,0.09568776658505404
124.23122119140628,-0.47029178764004487,-0.25238583532776154,-1.3435462513798866,0.07007352549013403,0.04906627067429274,0.0418941005317208
124.25122119140627,-0.16777358964156502,-0.8758354654921203,-0.5587206497296939,-0.05601356918372092,-0.04901549449575599,-0.10424092484388503
124.27122119140627,0.03360723532118197,0.20525233610761034,-1.077842714855968,0.07053354602556637,-0.01994449261527401,-0.019156716398506624
124.29122119140628,0.5249359472397307,-0.008315633593889097,-1.2375496616612847,0.01574861510484142,-0.049776256592425655,0.14471838309757887
124.31122119140628,0.16016018107694063,-0.6196434374650338,-1.2596045994044036,0.03977427172552058,0.0038798096905856994,-0.05661573670565391
124.33122119140627,0.664081801646101,0.08920131122814014,-1.0148801534782543,-0.0017058794561283115,-0.05528991003105343,-0.07860254935478006
124.35122119140627,0.719095618949168,0.9761367845845523,-1.2062845533885758,0.07546390121729152,0.0007861580279355933,0.14152199288096876
124.37122119140628,0.278866598282392,0.2500915620909804,-0.41402907621958834,0.04411041105509959,-0.075292767763572,0.09428710861541736
124.39122119140627,-0.5839572262862417,-0.04794414797199773,-1.0275856109658228,0.0393796558035422,-0.042256419007948465,-0.08635873343294931
124.41122119140627,-0.3497427985699694,0.5744107000884902,-0.6483318744009102,-0.007278259550061541,-0.007231654197989985,0.04869086638433216
124.43122119140628,-0.6819877614159374,0.7328188289604224,-0.5643093287061489,0.10035100715829035,-0.10035758366533415,0.047140365491538196
124.45122119140628,-0.4670867347227431,0.3168171981473538,-0.5332459780978674,-0.04120174126577891,0.015627528390316406,0.007488729123958847
124.47122119140627,-0.24346727894521594,0.6434425762538177,-0.511387423394197,0.056824300857140936,-0.04892172281509678,-0.04232440932711312
124.49122119140627,0.2594430724843715,0.8329757533949903,-0.6208980527254786,0.005303899218932665,-0.09476176879699387,0.0951830114221082
124.51122119140628,-0.4278932077573496,0.34154730761685625,-0.985064531986428,0.03399532170584162,0.03548692605479729,0.061028608981140306
124.53122119140627,-0.08505829677978077,-0.11173780511124179,-0.09525491905997235,-0.032149647968261495,-0.10800298536222469,-0.021123044131550407
124.55122119140627,-0.5561005668798524,0.32555745743393083,-1.1615421198707343,0.038112186163874455,-0.01969417855451059,0.024152765676592563
124.57122119140628,-0.6410400038645787,-0.11906458530472104,-0.8428170641653225,-0.04834446552247998,-0.006876185934404196,0.11004533302469886
124.59122119140628,-0.3296575525931436,-0.3386375761899655,-0.6210614343066899,0.009816093344539211,-0.030104944668942743,-0.03558157396762105
124.61122119140627,-0.6761732139259433,0.013214894175311636,-0.6624912887893177,-0.05433534418505932,-0.08083457269980499,-0.08029715290093532
124.63122119140627,-0.9745170317064288,0.4233271717671836,-1.3657948161719307,0.006164433492926033,-0.006735910984049748,0.06481766966683516
124.65122119140628,-1.507979001294002,-0.27575913874767405,-0.4685565498096962,-0.03848132074565867,-0.033982476667647775,0.012026588559833849
124.67122119140627,-0.7066807571606468,-0.15167166091184664,-1.0802586108137167,-0.028983386186469604,-0.0034256740590621875,-0.1366694900629796
124.69122119140627,-1.1984960854526368,0.3063486144100059,-0.5134394050986119,-0.08071733290963597,-0.03618614427504656,-0.10624609341529118
124.71122119140628,-1.5266636910569495,0.6552934190224521,-0.6841827715509277,0.012070357256787017,-0.029352352213367284,-0.004014675323071483
124.73122119140628,-0.6008388694815767,0.19982111067637978,-0.7249770704115807,-0.08376673502001493,0.006229561131727077,-0.037345159986179
124.75122119140627,-0.868041443013915,0.004681870221488319,-0.4771485943827824,-0.059563398327690635,-0.04360885956475673,-0.21415993983496143
124.77122119140627,-0.20631175683058994,0.7334204614409789,-0.98045774864319,-0.05879046234079892,-0.041202945240805124,-0.04197832850953165
124.79122119140628,-0.32680874377802244,0.37526250078559514,-1.462850506216092,-0.01411913146597989,-0.026446760938676765,0.022192443609383283
124.81122119140628,-0.12975718554607824,-0.36027113374452713,-1.4457275669933696,-0.06622722128150238,-0.030918623316338927,-0.14302656999523097
124.83122119140627,-0.17337257256250072,0.3592079026525823,-1.5451686872421733,-0.04904885121116123,0.008980952015656473,-0.17449000602815928
124.85122119140627,0.32610336291668424,0.7881800432273681,-0.6206039246068236,-0.03505058308586443,-0.05463893049762053,0.0013032974588790428
124.87122119140628,-0.314103362395094,0.8390426489774382,-1.1410008128312101,0.030618717501480524,-0.04960864289805126,-0.06438231746521768
124.89122119140627,-0.13098438594573436,0.3153975286873129,-1.2967261270931374,-0.07479976570240333,-0.014525150756771441,-0.07996722471008394
124.91122119140627,0.2931367171422928,0.6501391162635304,-1.4018158014967637,0.040879629710547434,-0.03240927301570939,-0.08688719869650847
124.93122119140628,0.016187884750958163,0.4040238791776746,-1.2564402778060721,-0.034068821215887515,-0.0586411202750468,-0.05612860772909918
124.95122119140628,0.1948747373476061,0.36796625229308444,-1.5658874757384689,0.03209540696818491,-0.0013705010519244629,-0.04122269819609214
124.97122119140627,1.1243396908155971,0.09388354345698008,-1.152597582955703,-0.012317104692432431,-0.05139324400020662,-0.025196324273626253
124.99122119140627,0.7405824901089548,0.03706563272441926,-1.4780958581818573,0.029392182715737118,-0.046785394546068865,-0.07827496290462299
125.01122119140628,0.6334082930538691,-0.077328478618479,-1.1461117688573599,-0.0181446697130172,-0.030617134674335748,0.013870960280255
125.03122119140627,0.5904612802078505,-0.06347078230536138,-0.9988802037315991,0.03985015494321113,-0.014764022523603192,0.012377364006867616
125.05122119140627,1.430310855902054,-0.05272723368787294,-0.8712966223926678,-0.018481210428926746,-0.07774585874490712,-0.0024920811427070065
125.07122119140628,0.39814246827881294,-0.1585378379093148,-1.0712172058787026,0.01835032345643725,-0.030799842380973105,0.0008183717110968586
125.09122119140628,0.39260775444461216,-0.012824071224480954,-0.7156472966108975,-0.013512442179540564,-0.07353008449735977,0.05279255545447994
125.11122119140627,0.3096592268079988,-0.005577686050727294,-0.5515429759809564,-0.0008203294037752443,-0.04425130357578514,0.031070633451177294
125.13122119140627,0.7604539333340423,0.3053890162058006,-0.5863839358270587,-0.020079040292672396,-0.08210896717585804,0.016288779572958437
125.15122119140628,0.4953385470332063,0.33593220721533945,-0.6848631480270801,-0.021492014355843,-0.05658980086579369,0.06523626585854746
125.17122119140627,0.17310183718832162,0.35732850478241424,-0.7672958995589124,0.0015494945112829112,-0.1207229051782748,0.048731005931380716
125.19122119140627,-0.6196380275878728,0.1683211456869019,-1.116031925786699,-0.03582003110087157,-0.0262935736361636,0.03366968828718939
125.21122119140628,-0.5870360861933571,0.2616696523648936,-0.971436128869701,-0.0021008607720818893,-0.10000111248331388,0.027082845856774986
125.23122119140628,-0.49778611371969983,0.23520980644237513,-1.2305712351494393,-0.004452465176634051,-0.06838661117835164,0.05696757801056406
125.25122119140627,-0.6407706281562237,0.027930625531982476,-1.3527707126668245,-0.0023989727858086205,-0.05289798561153642,0.027698855783410924
125.27122119140627,-1.2309129624878752,-0.163851340460059,-1.0768519155866871,-0.004992306463293411,-0.07892615208670042,0.0023743482819501864
125.29122119140628,-0.8570479846378828,-0.03602150158012569,-1.2925927070252832,0.017542168237095614,-0.07348529238804066,0.04774753475487805
125.31122119140628,-0.4599701794515288,-0.0977333131214477,-1.1831360825953032,-0.006174577148024266,-0.03787910522284857,0.03767656804117846
125.33122119140627,-0.9852324122228966,-0.03186011883675935,-1.266156080840845,0.03402777919045146,-0.1509329399490799,-0.06571405275759173
125.35122119140627,-1.7082242091946889,0.36818161537907884,-1.6955688312492339,-0.003149339394824107,0.0189537253684832,0.018924386221013667
125.37122119140628,-1.306425687504966,0.11105765743099523,-0.8315276579406383,0.06127350858669819,-0.12377859360624661,0.06340244282052847
125.39122119140627,-1.4949213433361037,-0.21749418517187824,-1.4039739359030818,0.04087205908094179,-0.05653277786500229,-0.08231823940541073
125.41122119140627,-1.8163884644546195,-0.11635169297229153,-0.9518564629615687,-0.029383104246672342,-0.020929350198481904,-0.12211082863406546
125.43122119140628,-1.2876604590268994,0.49852590928827145,-1.1218137290229169,0.10559305895067905,-0.08935592086628957,0.005287391540586847
125.45122119140628,-0.4631024534114736,-0.1554406518959071,-1.0179423704077413,-0.009966517922403318,-0.01607943238400282,0.021043206067167235
125.47122119140627,-0.4353190001255938,-0.24382206357703531,-0.8080050111737538,0.04674644407335985,-0.05804744574519358,-0.20491156890941767
125.49122119140627,-0.4049821814854659,0.33168226942782225,-0.8001352922344063,-0.0060240116126717945,-0.07482743965908738,-0.04186654260622489
125.51122119140628,0.14043482409347258,0.1816410645114436,-1.2391708777676247,0.08095678730365823,-0.03049691909111413,0.10834726278636934
125.53122119140627,0.47218289998740115,-0.792788424562578,-0.8395926384383263,-0.004365740993965423,-0.11568195589919944,-0.1054131500657731
125.55122119140627,-0.38399787333366436,-0.4235056099561383,-1.5258564323342703,0.013711191824237544,-0.0035983751497537697,-0.17534989004235435
125.57122119140628,-0.6310259637977972,0.2058863303885515,-0.6740945292841491,0.012976444217465154,-0.07884348296888967,0.04346602490804847
125.59122119140628,0.07627753904081569,0.08609250782251286,-1.2966408776520952,0.09848761070698626,-0.0817488642871877,0.05132388606537789
125.61122119140627,0.0229192120137217,-0.6016635656249333,-1.3001947581032307,-0.03993749371239205,-0.03858973147258967,-0.15010315865312487
125.63122119140627,-0.21548580912991813,0.23552851166420521,-0.9448168914276318,0.03665046198624156,-0.03283197560787941,-0.11842567734033879
125.65122119140628,0.026566716193657035,0.9787156794147291,-0.8497058926807783,0.0630538045981043,-0.11881851763740009,0.07295389939954935
125.67122119140627,-0.039946647075015315,0.2323226842544168,-0.9278582817530949,0.02218123877312394,-0.013578648212993696,0.017350139522132296
125.69122119140627,-0.10709689507540403,0.13640789009454038,-0.59544079456174,0.024820079533396298,-0.13259095271368065,-0.17455419911087544
125.71122119140628,0.2754345480684338,0.7844475512135548,-1.090191810525023,0.02623548858058294,-0.08147334625335335,0.061008696690534214
125.73122119140628,0.5530815516642391,0.41044034958649045,-1.2049522466845788,0.06856469644318569,-0.04539173152834078,0.1297086690127525
125.75122119140627,0.20205111964523292,-0.6004593683501537,-0.5713475627211225,-0.015196161532597096,-0.14942000191763097,-0.1393805014173704
125.77122119140627,0.06728236178439932,0.5992690261335993,-1.2966970842663874,0.029565547061817795,-0.06099767331859125,-0.06154478662069932
125.79122119140628,0.11255082952440118,0.4520939973002272,-0.7420163172887813,0.039916409490321214,-0.12669922974625203,0.2258868486154759
125.81122119140628,-0.5877849905358106,-0.620501492223365,-1.113335568273964,0.05773102095553081,-0.10111076723882147,-0.023109575726431086
125.83122119140627,-0.4186656409597172,-0.498229821297696,-1.0433968817924473,-0.06353599228014903,-0.07675130270063447,-0.13425663826672843
125.85122119140627,-0.6945536252043695,0.5169605963670775,-1.2964177209246968,0.09579531184146776,-0.1094623990182816,0.09017872709770172
125.87122119140628,-1.1513246379062287,-0.26453982354681704,-0.6938967202400963,-0.014113424388155067,-0.09810903352720342,0.08802085420277395
125.89122119140627,-0.7215950222753952,-0.14114256269551664,-1.3139771847805044,0.035472392041509135,-0.05958971974872481,-0.1480047452413774
125.91122119140627,-0.8633215782441331,0.3410673151097076,-0.5427111082821449,-0.04952891773980262,-0.09585106276546114,0.007700881699127792
125.93122119140628,-0.667613386239492,0.529891114519114,-1.0342985668109552,0.1065440186575536,-0.11569272619507784,0.12211314764797251
125.95122119140628,-0.8870085371826327,-0.38880145533988114,-0.9302899910479541,-0.061100478600055255,-0.11083902494788551,-0.06575504288500474
125.97122119140627,-0.8034676102764622,0.17105187210844303,-1.3052200617036183,0.018423305862104656,-0.04022073981673101,-0.09594009507292875
125.99122119140627,-0.3223572984112744,0.5047009865263334,-0.6372154392640252,0.0017430691209892582,-0.13118213226181857,0.11651437809326647
126.01122119140628,-0.6168898111048917,0.10599681100381757,-1.3172206354201579,0.04594286628614774,-0.0996437639549906,-0.014996485931868508
126.03122119140627,-0.7776197923050725,-0.03074731874932346,-0.978164317227262,-0.06817772572954313,-0.06883852691411742,-0.10843721013404171
126.05122119140627,-0.460816683541565,0.6752051632867108,-1.0667944809802619,0.05840048561774722,-0.09945686348769064,0.02719874711227605
126.07122119140628,-0.04028757862256622,0.37414895113873337,-0.8690302535792196,-0.012883348285103373,-0.10472892886279354,0.06762044520433723
126.09122119140628,-1.1226257634077315,-0.22936268502038346,-0.8343254904688477,-0.011577755507587831,-0.06605191818342947,-0.150099339641972
126.11122119140627,-1.109213530581505,0.2972489195393954,-0.7442895877846856,-0.029614518994497116,-0.12046541718383715,-0.0747511414796814
126.13122119140627,-0.20106903742664164,0.6157663062144515,-1.221945470262564,0.021352775329884287,-0.05115948957861041,0.07000421058471885
126.15122119140628,-0.5696518599708948,-0.042793698062144475,-0.7429321429434845,-0.03391303288012463,-0.10660178098804081,-0.12724425269372103
126.17122119140627,-0.61029307535532,0.2897776968688812,-0.9446468778269174,-0.04042284055276484,-0.04394507800532772,-0.11684583422989457
126.19122119140627,-0.012657057249171277,0.7629364850979753,-1.0341766342952359,0.018255495041453722,-0.1297889578377291,0.03910485989591486
126.21122119140628,0.11404141478302607,0.16429599150633942,-1.4859450026420895,-0.014433061425461073,-0.06373090664394225,-0.010739538238790381
126.23122119140628,0.21744054530694623,-0.013960346516948987,-1.4787266171158955,-0.02358389536375193,-0.06371498119500407,-0.11436918777586197
126.25122119140627,-0.050548226083048535,0.3128392591353678,-1.4071670476476268,0.0027468648290748885,-0.06897459108697776,-0.01425876876967902
126.27122119140627,-0.6288195211764239,0.29453423000449575,-1.3259444451967282,0.021242837746514608,-0.08765311965834241,-0.011019399103066057
126.29122119140628,0.060395234760777204,0.045828831989722874,-1.5722613666907879,0.007919654057859472,-0.05872609770292109,0.0034655193428426287
126.31122119140628,0.17958097158092234,-0.24767994102432886,-1.4481163495915923,0.023680825029399034,-0.05620541038523044,-0.019917702920168225
126.33122119140627,0.3399961254404546,-0.39265819431325594,-1.2962562112729545,0.010986062897558681,-0.10435461425453542,-0.048826383808551206
126.35122119140627,-0.09489054046546425,-0.01306648421948152,-1.509394316662649,0.025372385560958954,-0.051251856058839064,-0.0542174146745632
126.37122119140628,-0.350063169462227,-0.08428111128855288,-0.8995420338972969,-0.002840383690610211,-0.062123169875532604,-0.015757961093693533
126.39122119140627,-0.5316941376119964,-0.054410843456466025,-0.7857427677795578,0.03214037060809723,-0.0614947492409492,-0.05538515226657097
126.41122119140627,-0.1251881379766502,0.12791636788535196,-0.7375063116565591,-0.015583152500301853,-0.10427080852434281,-0.056372646058214564
126.43122119140628,0.1949449246880886,0.15476664428130454,-1.0317109862617504,0.013725894007652537,-0.029240728592954505,-0.005709143987668246
126.45122119140628,0.6124781039570224,0.050220009580199086,-0.7646096267245704,-0.018880741285644872,-0.09647592957213778,-0.03127575375377023
126.47122119140627,0.3660870194041148,0.006653804765266854,-1.019654120939168,-0.015495538821550399,-0.07537857259573696,-0.060028158026629246
126.49122119140627,0.4533274259038166,0.42103955697560885,-1.2640548089430583,-0.008462136200299017,-0.0801538150029865,0.013452921871548442
126.51122119140628,0.526655702810249,0.1852819826784167,-1.1956679199991607,-0.01018820529010496,-0.04845693487875175,0.06511211470424964
126.53122119140627,0.549652818525511,0.09578843571706419,-1.192441074566805,-0.005026374822539956,-0.09334727734623902,-0.029956228970277977
126.55122119140627,0.07058580406468606,0.14304880279439292,-1.239530336172722,-0.02937165662482708,-0.06437332804109089,0.012373759584962668
126.57122119140628,0.13899922517965446,0.39009044162964085,-1.2904999098272547,0.019713498267176978,-0.057991551449336494,0.06328978912043592
126.59122119140628,0.08657186543406191,0.23216336381875693,-1.0702406431536142,-0.01920097290227249,-0.0860378519549299,0.008276148033542298
126.61122119140627,-0.04348291049882711,0.3661693014882447,-1.0526064394302972,-0.00603156401746103,-0.025838009783369916,-0.020029761328392195
126.63122119140627,-0.3248990966230909,0.62949940963513,-0.713744316246579,-0.0006553203955799691,-0.09894703422242691,-0.000393764341651324
126.65122119140628,-0.26459045109805507,0.6359562699000901,-1.0586676475294519,0.010602299214093771,-0.034429761936267234,0.03527436695667445
126.67122119140627,0.10140467389974137,0.40479531370901406,-0.834094694449431,-0.008236315899339318,-0.061548968312467894,-0.0012649842589900187
126.69122119140627,-0.15889710797756884,0.41718938016364643,-0.8229726518841104,0.00033785468104174476,-0.05784819108675566,-0.051450862913457115
126.71122119140628,-0.7580910552520205,0.7422933901956829,-0.6758593963214056,-0.015195706148982023,-0.04089461054764287,-0.02109676499973077
126.73122119140628,-0.38329907756197423,0.8001854660380694,-0.8021748642282234,0.02562323414964106,-0.08295920776002318,0.042924906703469164
126.75122119140627,-0.09431314402380493,0.41826421792122354,-0.9455844635891404,-0.011096965724218337,-0.023957161106866725,0.013694952155075168
126.77122119140627,-0.021532480900939916,0.28965260033934187,-0.5164370876407592,-0.01679184309562691,-0.0736197093884294,-0.07135694761150338
126.79122119140628,-0.627873980200873,0.7240655102403055,-0.6230070961790157,-0.00852091088980926,-0.049733116314891225,-0.049484076698792734
126.81122119140628,-0.5971889797824504,0.8838766945366466,-0.3257903292004518,-0.026270280126750225,-0.002545149218828748,0.0446847721930582
126.83122119140627,-0.3135511529746279,0.5993820959134769,-0.20851438630187472,0.010229039306525255,-0.09460182246893817,-0.03206386996269329
126.85122119140628,-0.39050207365596495,0.46009753757028704,-0.8938716074420442,-0.04558770164907558,-0.02381676932251814,-0.051878089523052576
126.87122119140628,0.12600481452593337,0.11407889724071917,-0.7231364471658618,-0.014889071566552115,-0.041627017842430544,0.037710245530925515
126.89122119140627,0.6515315254197341,-0.12737604110499742,-1.0958808934466002,0.0013266814232377445,-0.07677046681706941,-0.02301990501330694
126.91122119140627,0.28234763538158736,-0.5397196648403609,-1.019373718260873,-0.07950545676194418,0.014866104170132946,-0.059961685866528495
126.93122119140628,0.18146756031355224,-0.1956062326781366,-0.9349088990888258,0.025074663937208554,-0.08613662517457563,-0.03955227685095826
126.95122119140628,0.09185099965256723,-0.26770695249678245,-1.3414975163672191,-0.042191087685404485,-0.013665326160106133,0.027915316018578634
126.97122119140627,0.30421207577723397,-0.557070535713895,-1.0099757856861287,-0.014993133944122855,0.011300228912201966,-0.02739548805762725
126.99122119140627,0.5345634110492132,-0.565779168141442,-0.6852986898498988,-0.022026704015695227,-0.07408294226693464,-0.06205540852457478
127.01122119140628,0.4333674615510178,-0.20479499799551112,-1.3729662569045937,-0.017015194478794123,0.008365769168522304,0.006469578876245862
127.03122119140627,0.32580612637781764,-0.49516014846268797,-0.7220099966534839,-0.030000635371161107,-0.026917032123425298,0.017511806034489985
127.05122119140627,0.3791077625549295,-0.3463658472373052,-1.0553056511709817,0.006506606840006185,-0.05192330182608499,-0.05823663709750987
127.07122119140628,0.41962941557568356,-0.13255850500842803,-1.038235622533574,-0.05628401891597085,0.009082151363633318,-0.0033772923130091477
127.09122119140628,0.015827981857037793,-0.05146905566531204,-0.8638375092797557,0.03596076722165969,-0.06420354315706384,0.0004757861548991415
127.11122119140627,0.0869755542188299,-0.04041938725284689,-1.043838259623316,-0.028392687789464792,-0.018922295344370586,0.01286766099891002
127.13122119140627,0.1787514718425543,0.0004066677956293107,-0.9518349220779269,0.012917963015808075,-0.01895566004734617,-0.010959890935339426
127.15122119140628,0.30214941788528527,0.10082331507979676,-0.783669051224186,0.003737551399571457,-0.05883482299142667,0.008861039819072356
127.17122119140627,0.21429327913934626,0.17729830030667534,-1.0795999388011743,0.011647251813862756,-0.021778422797256957,0.012233494301041835
127.19122119140627,0.1611801892342884,-0.03926975379784219,-0.8837257910552082,0.012019295473160427,-0.05053668075055169,0.014314007343028852
127.21122119140628,-0.45505101584034663,-0.13182348211058986,-1.2643529291832107,0.03672013825729089,-0.06094245330595398,-0.03023224645820651
127.23122119140628,-0.22468917476028374,-0.19297685589215835,-1.0813208088838349,-0.007031490125589847,-0.00014787723785961477,0.004316822933730042
127.25122119140627,0.07845610194837743,-0.13434677897382946,-0.7511124832173433,0.060280941419723594,-0.04689956845949418,-0.015985424833808423
127.27122119140627,0.40602830565036496,-0.02662626576708513,-0.8260421648111074,0.009431146021258465,-0.009792075120240306,-0.008744425320522222
127.29122119140628,0.24487187011842387,-0.0028825592261224734,-0.5185419731190477,0.038083030494275694,-0.017284858160934294,-0.010529393489224867
127.31122119140628,0.3129970225324318,0.14447679737152735,-0.5065800162354532,0.04691530897123692,-0.06320765926331146,0.014533106112303497
127.33122119140627,0.38760067953974514,0.022711045488964528,-0.6985837989605108,0.021530405604238526,0.011832968773026326,0.030718089088352694
127.35122119140628,0.1501396906527982,-0.06334755554769109,-0.09119405907403101,0.03443969357052867,-0.060888341924640745,-0.03936028576259869
127.37122119140628,0.026855182285566746,0.34568271333439193,-0.6115085658029702,0.04236278997009099,-0.04112172703663427,-0.01006348705593374
127.39122119140627,-0.08834940934882161,0.35819638153031946,-0.40436054678497013,0.02459815329921301,0.009121669746634222,0.06145230116719054
127.41122119140627,0.01909962046529508,0.19235097801785803,-0.2251761832808876,0.05656188448404927,-0.04737791282353007,-0.024645251294538525
127.43122119140628,-0.2753180586509534,0.2714137827940478,-0.26581751438211637,0.0008830145886150611,-0.0026868299101792913,-0.04413857176596274
127.45122119140628,-0.2428446417691906,0.5511527618860677,-0.20955849551732936,0.05381559999849965,-0.01719866818358736,0.012065115638690296
127.47122119140627,-0.09496231813508607,0.4028473407603798,-0.2954361749575799,0.036915736140825654,-0.027602938592368616,0.012627083193032653
127.49122119140627,0.06134332187065699,0.21988718255800682,-0.5339795181129408,0.022897045779864816,0.025905642341171754,-0.03687432994457252
127.51122119140628,0.27115402485767737,0.26283016659803177,-0.19206982092858224,0.03325280356568688,-0.03172908714496634,-0.016259128084684563
127.53122119140627,0.09676485037859217,0.28024256320406876,-0.3991777174360038,0.049408269135288084,-0.023274738509727996,0.01024349928673183
127.55122119140627,-0.2445654545934852,0.23350921946092038,-0.2958540037426636,0.01675905637241812,0.016791317538623153,-0.03565957146810497
127.57122119140628,0.11313942552444836,0.5102081179793724,-0.12830270206226027,0.049918003664083326,-0.026159057842104073,-0.01886474813002135
127.59122119140628,0.1130966648729866,0.6545286814718426,-0.41928247160810783,0.049628533599175594,-0.007516666166773101,0.005173208623737224
127.61122119140627,-0.05414462762784418,0.41400462294727275,-0.18100816141730275,0.022500882170415234,0.02243123264541388,-0.036426790829264234
127.63122119140627,0.25874194960361385,0.40117090028836216,-0.05002540096239229,0.05548630290159113,-0.035286272581964644,-0.04433305555144853
127.65122119140628,0.4462483344699909,0.24258342643436212,-0.3913255525425216,0.03560119827455893,0.01057292874382591,0.009369609230164642
127.67122119140627,0.24854429675474562,-0.12951240998746544,-0.23390129191652126,0.03264268081319245,0.03276837972612541,-0.04123883771930027
127.69122119140627,0.7543776531656455,-0.08165873026960595,-0.0826990466555269,0.021774165664107153,0.0045635465384239425,-0.051817733097919656
127.71122119140628,0.706739586253974,0.06038308114577655,-0.2480487676161684,0.030846120989090692,0.021906128295970474,-0.01840673843245335
127.73122119140628,0.7357641071112676,-0.18788516265048613,-0.1995923475903436,0.00783073277889057,0.026542113894777907,-0.021852742798736297
127.75122119140627,1.2068348809969591,-0.19623872087860725,-0.45139446265822236,0.015997382873752106,0.03765731523077388,-0.047130796536045544
127.77122119140627,1.3719318685691664,-0.1347109413217582,-0.16782963844132037,-0.017981954574395755,0.062149675064458405,-0.02216806563708247
127.79122119140628,1.5061949252254632,-0.012814516023689231,-0.15431192350864217,0.018684781957849915,0.018737680091794738,-0.008188545478578713
127.81122119140628,1.2725878395898764,0.0561640352955219,-0.40818236120784274,-0.01831483224332907,0.08035044682051481,-0.004231617562464848
127.83122119140627,1.5140109886895312,0.08401131455998888,-0.33884820515660097,-0.014580412700200966,0.07503619076692619,0.00644438352674323
127.85122119140628,1.4259322915709047,0.11040172197394309,-0.412215687422104,0.0021737936504094032,0.04969281141190878,0.00499095666917127
127.87122119140628,1.3286856512407905,0.012074040729114515,-0.5819018395955196,-0.03046883141217922,0.08224654427890911,0.0021270484404796466
127.89122119140627,1.2840066000060792,0.08319817255441159,-0.6083993894943385,0.003218690681259382,0.06037071609645646,-0.0018699742390954916
127.91122119140627,0.9549825970287277,-0.006737197827739493,-0.7150976216321218,-0.014548606631245074,0.08373245984982063,0.002465566417716346
127.93122119140628,0.9840055065841754,-0.029392832434755243,-0.8928251337255907,-0.006921915026090357,0.12289001336034161,-0.014950514456121883
127.95122119140628,1.2287101969662375,-0.01268666331094618,-0.5790308026529204,-0.0047280063326921385,0.08276812460849466,0.001921312560901416
127.97122119140627,1.5406985010393626,0.08055776359674795,-0.9186523289683126,0.01710129495676651,0.11828927369113793,0.016876843451547014
127.99122119140627,1.7388052956760218,-0.07309770001144703,-0.8499145666215355,-0.00972454722046581,0.10083233073607105,-0.0009823463464368831
128.01122119140626,1.6095973429611035,-0.045996634799380126,-0.789194189972942,0.017694174587666416,0.1066082574276103,0.003207851608086596
128.03122119140627,1.2158920665283506,-0.10519300980432174,-0.7312010411578134,0.0020912108246757574,0.11703002477824283,0.028778078364519222
128.05122119140628,1.0593334975692517,-0.13014945260138924,-0.6564598764123019,0.007900797057724084,0.15733189203386455,0.024087032438086933
128.07122119140627,1.1391956735444642,-0.16503753290263262,-0.49440502526609464,-0.0027471814138563906,0.12885770309585942,-0.008013258484037552
128.09122119140628,1.1499974884468223,-0.19645499663733015,-0.66818703557656,-0.0019477694997871787,0.1396294384829999,-0.002756567948557991
128.1112211914063,1.0354214550793728,-0.10757655544627193,-0.897850214856114,0.00016626735937251273,0.1875347758950069,-0.00920602010587601
128.13122119140627,1.1237804546953756,-0.02635709796916042,-0.7353631115196742,-0.007480909394696041,0.16588995635704068,-0.01793281851647783
128.15122119140628,1.5801372512373097,0.1326402421734962,-0.866407545851888,0.005859139514057772,0.2289318266054073,-0.002797284376863134
128.17122119140626,1.9449877590021745,-0.04627813473197788,-0.5210802575995198,-0.015421999470151498,0.16396496885721198,-0.01292495889705304
128.19122119140627,1.79246582922888,0.24200412122394302,-0.8350423379771307,0.007845348354556128,0.23740843270984838,-0.012882418053525123
128.21122119140628,1.950009461379076,0.30858608917302155,-0.6092931239926818,-0.018095958227157746,0.2045822165321475,0.030535340256479294
128.23122119140626,1.8874703644360276,0.20417137249621078,-0.6809473557850184,0.013895942155305463,0.23942441334264722,0.02122955557668021
128.25122119140627,1.9520065188468494,0.23412254349206377,-0.8086568404604164,-0.017186791002205493,0.21190334067504132,-0.01822451055547156
128.27122119140628,2.214299214006983,0.42714207420471845,-0.9358204188665175,-0.0014707510729496393,0.26829110458193584,0.05720464016976654
128.29122119140627,2.1716716603456807,0.27961883152716815,-0.8886706647382975,0.009808160365170912,0.23182045377354932,0.02547126491640643
128.31122119140628,1.8134827535209586,0.21852568204907596,-0.8582353550332357,-0.021014469992179787,0.26950144483268734,-0.0009056007897110504
128.33122119140629,2.0826643916470715,0.4499068024699917,-0.8485764318976001,0.010226786759327009,0.28167425641070737,0.050180281336736694
128.35122119140627,1.8986369772549716,0.2982851567444449,-0.5899940474054739,-0.005620869541139259,0.2193241321046731,0.02799220333006257
128.37122119140628,1.7626020718199824,0.3834735048297801,-0.7767374764080196,0.00019286074022160633,0.2893580982542067,0.03335637114525902
128.3912211914063,1.972442457258617,0.39237365425276716,-0.6080197943969073,-0.002500775603771109,0.2452984949723748,0.057193168134467794
128.41122119140627,1.7841250236210864,0.4667930713614093,-0.8042450155141825,0.00962086194051603,0.26959300823907595,0.05343880009726802
128.43122119140628,1.6602513685857598,0.3116657474235298,-0.5902333082533492,-0.01991209952900236,0.2878295646091178,0.06028104630402835
128.45122119140626,1.942128636903106,0.32466209951763236,-0.6764523641984542,0.01270929637488345,0.24401958613485758,0.04404993311250234
128.47122119140627,1.9822041309112668,0.36087113357863704,-0.9088186426872731,-0.02298787084285272,0.28628988622408347,0.053913899741562105
128.49122119140628,2.286529195870772,0.2926365193905127,-0.874262573727723,0.00165375550123323,0.3061329774691875,0.09136336047098141
128.51122119140626,2.2227311515095045,0.17359872121100067,-0.8823024581623052,0.0007575902044707283,0.2472802916271977,0.05372792809678318
128.53122119140627,2.194765150800192,0.2501548709100477,-1.0907244047060167,-0.016949293808406273,0.3305346359141351,0.08447978490722984
128.55122119140628,2.3019741848092767,0.25676018590482047,-1.1252448466138543,0.017956909467476443,0.301491054156902,0.09703021010010691
128.57122119140627,2.210965826017398,0.1324458842899377,-1.2516467153926267,-0.0019349064765056215,0.28796340614134336,0.0825169996789518
128.59122119140628,1.9266101913783804,0.10961282988845172,-1.4001611731262864,-0.00270173482809337,0.39913043527013997,0.08275517177149909
128.6112211914063,2.1107351821318656,0.06090187840167673,-1.196856541334785,0.005453235879398733,0.3314556199364561,0.07931628612973605
128.63122119140627,1.9596661142385217,-0.02885753166524091,-1.3721430325955928,-0.006237561143137108,0.4058693326952817,0.06468986305812989
128.65122119140628,1.904211072006308,0.015551150400780438,-1.0263509539044275,-0.0038668367952535572,0.36376813921432805,0.05327336448474167
128.6712211914063,1.7301033596137685,0.06291643951078957,-1.1537712948344707,0.012825689061962613,0.3853251798622269,0.08346447057928105
128.69122119140627,2.0248361026834445,0.03719553486471641,-1.2313524177857103,-0.002448165005055946,0.4173318007461839,0.0931561861018437
128.71122119140628,2.2068379259249613,-0.009625856059360522,-1.0775481724412168,0.011157542506600478,0.38435811193910885,0.05893029974486137
128.73122119140626,2.0796490285532676,0.23176957880854257,-1.1800613820958548,-0.0014659910949050953,0.4250445923370546,0.057884115569396946
128.75122119140627,2.1173740658544835,0.29825756529084363,-0.908226561779827,0.0025943761581850855,0.4180043556083326,0.08937827432216072
128.77122119140628,2.062427035269018,0.4247275785898666,-0.983362608056101,0.021170665080248896,0.4171367327844406,0.0738231435571045
128.79122119140627,1.8446858550142406,0.4267018273298302,-0.8306012808199592,-0.012037691432858353,0.4288460625331333,0.07196534678381773
128.81122119140628,1.8841648621656835,0.5871259340187356,-0.7994120674422472,0.023588873488633033,0.41885858057590863,0.09216558879715972
128.83122119140629,1.8047713979929456,0.5452651651486979,-0.74522162159555,0.0007829565876968224,0.4126311376145262,0.10531660348143414
128.85122119140627,1.716200746074352,0.4960117979854342,-0.8970989244513567,0.015764230238894696,0.42777396564633263,0.10319574467629222
128.87122119140628,1.539926299283787,0.29274833940799533,-0.8139056787000045,0.007245272663370868,0.40384688542551717,0.1038784747271578
128.8912211914063,1.2410334746028995,0.20680855529140768,-1.0421627215974332,0.017980269279909297,0.43616906420535695,0.09522248321084714
128.91122119140627,1.2680034129436575,0.11461641750996789,-0.7748470159623476,-0.004069510683639198,0.41399369479354176,0.08080610710143314
128.93122119140628,1.4269010317503952,0.15907770548850292,-0.7269301034213189,0.01180412791511953,0.44755629225548244,0.07534527170521504
128.95122119140626,1.8005834384843813,0.31296386071267107,-0.6801812639204651,-0.010505785675517474,0.451700503124272,0.07824296649291416
128.97122119140627,2.198274162518892,0.5104953418897281,-0.5289590447662671,-0.013139490676840506,0.46452306966528517,0.09070791477478699
128.99122119140628,2.176995562421505,0.5577054398956921,-0.32380476058416363,-0.012359511954457282,0.43571303067603245,0.09941197149570491
129.01122119140626,1.8398882392631932,0.41127201454682255,-0.5037935395188139,-0.023654361575523242,0.43210474455824255,0.1135216086262559
129.03122119140627,1.8563918811626179,0.38689840440960044,-0.6276436340085358,-0.03312808401927069,0.44670187819504864,0.12408810315036392
129.05122119140628,1.6766162623252114,0.34523638457760425,-0.7531884138181556,-0.036515068631531276,0.48926017621276535,0.12514976795881752
129.07122119140627,1.7650708652979255,0.31824526958975174,-0.6315682479754151,-0.050029447182299173,0.4636736242533226,0.1282340516992462
129.09122119140628,1.70867615993347,0.4711986138989495,-0.4947693817784373,-0.05083651641392537,0.46354591888606267,0.09892066681257788
129.1112211914063,1.6150858850350316,0.5413196587055685,-0.5470305352998769,-0.059440052414227194,0.4668955785514442,0.11805713555398842
129.13122119140627,1.4683264130862066,0.5020042582826808,-0.6538848158312396,-0.043891679270446744,0.4355199298744964,0.14314667805150644
129.15122119140628,1.2801336287583738,0.23038181797352486,-0.789983371909106,-0.053739536535171196,0.45305512508714535,0.13855755758057745
129.1712211914063,1.0983889717923625,0.06707886424328795,-0.944600368171206,-0.0491516972675341,0.4382202292652297,0.09750405752593942
129.19122119140627,1.0217287211066077,0.08829184547186356,-0.8473023086645924,-0.059348696346246135,0.46147766557963754,0.11333568184106228
129.21122119140628,1.205578123792386,0.20387985006777753,-0.8389541019730511,-0.028582314968134417,0.4475751105665059,0.13798492679543642
129.23122119140626,1.170006059664576,-0.13087725806992234,-0.7832660076924176,-0.04943466812976821,0.41057247123916196,0.1012182361744422
129.25122119140627,1.0327000635052308,0.13883542648715166,-1.0409199194566674,-0.03142272790296517,0.46561930440533367,0.0950427662940363
129.27122119140628,1.2254554938019973,0.08500874850628228,-0.6916822837373771,-0.04241466563147387,0.4105000850678862,0.14036818048063393
129.29122119140627,1.2510591318331223,0.07490331419958142,-0.8727506979581883,-0.009316134702236675,0.42626372658630385,0.1189674665996082
129.31122119140628,1.2492287524170247,0.04028562390519928,-0.7807889697115102,-0.05122755842387514,0.4348935322685953,0.11446800663612663
129.33122119140629,1.2181777143095749,0.24414043348492223,-0.9143082198386119,-0.0052756599514476215,0.4258247320084605,0.1245592895192976
129.35122119140627,1.3388099096309198,0.16514426148671232,-0.8043842149708751,-0.03616994085526836,0.4226234144052244,0.15775682657761728
129.37122119140628,1.262441991194073,0.0407851483786443,-0.9971745615453645,-0.0069112995781610695,0.46127852954186505,0.11650235701408107
129.3912211914063,1.349231786168761,0.116164891083387,-0.8456948227912652,-0.037960673678165864,0.4212645297087331,0.10545946743267011
129.41122119140627,1.361745119019008,0.3175494840676144,-1.2578778971565008,0.004924418746581724,0.4652916026136507,0.1438779867761721
129.43122119140628,1.3854550834049841,0.13743960071101421,-1.043924515283595,-0.0299893493543362,0.463775304504693,0.12955682967721993
129.45122119140626,1.3197630404680343,0.17146918464802488,-0.9175250108854213,-0.013568748171634814,0.4867392820910714,0.06650589492106394
129.47122119140627,1.1133210189177896,0.5969639249362941,-0.7682845261092514,-0.029439810822788345,0.48501822188326815,0.06888865525504818
129.49122119140628,1.2415374358323392,0.7213815049075967,-0.7177370863033239,-0.00830499831106564,0.5065625337352758,0.14299733349814517
129.51122119140626,1.8988327366613416,0.3454938737428706,-0.8915126391724598,0.0009509136219683336,0.47241174957971593,0.1355753925100623
129.53122119140627,2.058003285934671,0.057811911094981724,-1.0814982717714614,-0.03372102123683633,0.514681699367669,0.06481358760378514
129.55122119140628,1.7680442583366105,0.29457496680193024,-0.6935017514289309,-0.02552351251307801,0.4968686123649723,0.06663096729985879
129.57122119140627,1.3905687544573417,0.548418916618428,-0.732648229600958,0.004926563900270481,0.4829015330793845,0.15489824517252143
129.59122119140628,1.4605219053595004,0.09665249418107545,-1.154275564469385,-0.0054354458416626845,0.5008871880202543,0.15727453249309617
129.6112211914063,1.0910711862599574,-0.24343547286641337,-1.0087868803010929,-0.0369041556967053,0.5264659311654865,0.022679134109916333
129.63122119140627,1.275320440550336,0.3878150882627444,-0.5721274874160039,-0.038080304862634896,0.5238335677485729,0.05768488226129878
129.65122119140628,1.271171022162052,0.6895021406035682,-0.48289689108899225,-0.0018518141720961733,0.5197807925769926,0.14795553793072688
129.6712211914063,1.0460986494642728,0.3501584940433063,-0.3803592845491049,-0.037873446572612574,0.5160413025682743,0.08547721771042201
129.69122119140627,1.3589226421413634,0.36430079417718797,-0.3811978229649455,-0.0441006529935419,0.5386356229715358,0.05012051092304998
129.71122119140628,1.6494724395854543,0.5663998252263143,-0.4853545126532975,-0.023852229768368375,0.49965940620621785,0.12445460115046311
129.73122119140626,1.3890407655427155,0.3448901376710751,-0.7410472533376026,-0.038721924590649895,0.5420394170814808,0.10688660025189242
129.75122119140627,1.8862586929987324,0.36969201936165863,-0.6930331179675068,-0.046280795977173335,0.5087468566833686,0.07470347343442112
129.77122119140628,1.3034157980442476,0.36317783305000817,-0.5798945231041753,-0.044842161092921155,0.5399142481224358,0.09042702572688668
129.79122119140627,1.2993727528721923,0.5056018393345079,-0.5873389956310586,-0.04251817976632503,0.5338443451678031,0.11647610149711288
129.81122119140628,1.5119265521441922,0.3924042095101797,-0.5404571261918428,-0.0516148156882038,0.528549251478014,0.10694907022022068
129.83122119140629,1.3769781087952901,0.2886142816305976,-0.40737104866924856,-0.05388402496780654,0.548218424732125,0.08669795231508053
129.85122119140627,1.3657361510232822,0.35736506188929856,-0.4475217531915977,-0.04627246197667162,0.49255024316374235,0.108235776767785
129.87122119140628,1.484969552508393,0.34720400761826165,-0.7147146551800372,-0.04575138063817867,0.5453892887546621,0.1392773371657268
129.8912211914063,1.4808845129717854,0.03624877307153124,-0.26161530393987115,-0.05070945322431213,0.4833165273671329,0.10528932207385189
129.91122119140627,1.3850270737639485,0.2566527706925556,-0.8167665544369829,-0.024558630990149696,0.5332202669412617,0.10140510941163833
129.93122119140628,1.495661554884682,0.2540045672671581,-0.3527938798709334,-0.07069041439830634,0.5082545685387818,0.14587885459277014
129.95122119140626,1.3384955670011858,0.30497538043457545,-0.3658530820633878,0.002916037988855137,0.4864548576673723,0.11746557096747673
129.97122119140627,1.510898236271072,0.3142401382407433,-0.5079906859747987,-0.06688529918885984,0.4867522105319538,0.1361732344478455
129.99122119140628,1.56987593494034,0.40947854250100535,-0.5976364958153144,-0.0177398985390087,0.5317713122156973,0.15673078939827162
130.01122119140626,1.4770210393678627,0.30852275710621174,-0.299561080641727,-0.043000482786957575,0.4614637630072814,0.14510079794482256
130.03122119140627,1.1700376145422906,0.2157701864466854,-0.6246302774537208,-0.03282172990033037,0.517709754498985,0.14640499615023883
130.05122119140628,1.2390932638870156,0.2545220822536634,-0.4586305272637039,-0.03901119273643363,0.5023953987659883,0.1484953760174958
130.07122119140627,1.2039051961186582,0.09846260524403488,-0.39675018532232237,-0.030027710114184755,0.5040099232133467,0.16260595157771593
130.09122119140628,0.9743782998855441,0.058369554606546435,-0.4114781001798938,-0.02747212374344364,0.4974491643320073,0.12626617075560387
130.1112211914063,0.7902324665446543,0.025072636596354253,-0.3271842087868626,-0.046193948588053424,0.5134885801655286,0.12843516849316758
130.13122119140627,0.815019565067214,0.1594777524545858,-0.40615452433989224,-0.010170581384623198,0.4923760396734985,0.13823006087593162
130.15122119140628,0.8118359591910302,0.03111656282439495,-0.42877827788826334,-0.041713844415739665,0.5025544379672823,0.14048609088905215
130.1712211914063,0.8287300344868413,0.01775863230158796,-0.441892584740402,-0.02169966181020094,0.5273616211895952,0.11274400199818359
130.19122119140627,0.8644512777704118,-0.006015988165905207,-0.19941535778670802,-0.036123054297028674,0.4905926377912823,0.13220984464177524
130.21122119140628,0.6056263630334823,-0.03696335990961116,-0.39203832435315444,-0.018400783550641182,0.5264510882574664,0.13540425689793179
130.23122119140626,0.6967300727460469,-0.1214556522379257,-0.038749322898043635,-0.05259176334049011,0.5040408551366053,0.12605018287797326
130.25122119140627,0.332865121400734,0.0612063356973911,-0.23309302237003024,-0.01588660414203987,0.5084231454852869,0.08826255442037932
130.27122119140628,0.28120888259593496,0.0842785265472138,0.0226266240992465,-0.06633301932045468,0.5256552767155355,0.132465263042635
130.29122119140627,0.25908618326349697,0.16459060342500004,-0.16998870661296922,-0.0027925362467408894,0.49479409942944325,0.09362877499145353
130.31122119140628,0.325107432946096,0.09532873363974438,-0.015411150404346303,-0.07497421412098301,0.504410417176609,0.09916261941979088
130.33122119140629,0.2630176772099386,0.33951800099511126,-0.2246178914229708,-0.004661577763661305,0.507305822463366,0.07326251817789745
130.35122119140627,0.5618398915236504,0.27811621511502166,0.0022020247101199736,-0.06583730431906819,0.47435979491976876,0.10514993869719136
130.37122119140628,0.750214045150802,0.45736143130965634,-0.22479691566165005,-0.009398780379397337,0.48789862710070475,0.09034641879982826
130.3912211914063,0.9700922098988461,0.32808212889277794,-0.05107784399439985,-0.06171482047741622,0.48022657845395683,0.11410545604878905
130.41122119140627,0.8417607968347639,0.2448709429704584,-0.17940922800719847,-0.029202725446613124,0.48200250057858174,0.09025147448702628
130.43122119140628,1.1608261023485755,0.32895345801712195,-0.03223083549937775,-0.06580254190812612,0.4607803632934996,0.12070882463823064
130.45122119140626,1.2094594739659963,0.09890323776341359,-0.1836988286726078,-0.030879343289732585,0.45449786665446434,0.1442138013497986
130.47122119140627,0.4681788542046627,-0.1082130675206646,-0.3299100369487595,-0.05109558340472201,0.4362422814297779,0.07318905258254708
130.49122119140628,0.8126086548062754,0.061281655092626675,-0.7111028909397121,-0.05288682067975109,0.46771396880251265,0.11992932525476156
130.51122119140626,0.6416787046214187,0.029284577788202867,-0.6026452638477655,-0.01946958671011389,0.4418190694032135,0.1288762231227419
130.53122119140627,1.1134001798351063,-0.26961128965376985,-0.5216404031148699,-0.056644438067392645,0.473694083292734,0.12909633867206757
130.55122119140628,0.809033115522497,-0.1285655890495479,-0.4378303656341909,-0.021952464672599238,0.43641263986460194,0.04355643597346322
130.57122119140627,0.5995876141634618,0.20412686551300033,-0.44658020567923595,-0.05093368229813454,0.455556709569223,0.10330399398607751
130.59122119140628,0.3834096802780334,0.36869221811334624,-0.5676302730068511,0.008182841386769033,0.4452111601762546,0.11828306109751527
130.6112211914063,0.5930079751616193,0.23495779018424703,-0.4532857341866683,-0.047474697061056885,0.4716503645516372,0.09451583022232471
130.63122119140627,0.49449296278564525,0.3058195860765236,-0.07404702020806904,-0.01933969493220661,0.4482529568566338,0.05911605418056093
130.65122119140628,0.20241757620909848,0.5289546732083493,-0.3523639074577303,-0.015703366038882352,0.40383664040232686,0.08508373675015417
130.6712211914063,0.12042809410827013,0.49945291689697524,-0.6615232682925316,-0.03192947424202298,0.48089728802181986,0.1347672772779789
130.69122119140627,0.21603853912042278,0.12194379982043646,-0.3450202151691744,-0.01227204839138454,0.40111715470256754,0.08443174084690874
130.71122119140628,-0.21960276595819966,0.06330929822799015,-0.6261244953706981,-0.03798122170840788,0.43590661993742147,0.04210187327480377
130.73122119140626,-0.09119737705083497,0.28317226968475423,-0.5846983344074456,-0.03269799346491333,0.43353011298037974,0.09395386957717124
130.75122119140627,-0.2701882613693349,0.14181855951525538,-0.5034181974694452,-0.0156073596769622,0.42750210013372,0.08421492057133717
130.77122119140628,-0.35654749698238847,0.03298352033473591,-0.6320975779135591,-0.05033637009339821,0.42226429406684995,0.01931949049172456
130.79122119140627,-0.13613546073934726,0.23870176144742125,-0.5683921926962906,-0.03333014357365446,0.42496707845998977,0.06421936748544568
130.81122119140628,0.0021165540265247447,0.26929466003471153,-0.6032955049974326,-0.022729589581208787,0.4073843287674492,0.07181807769074673
130.83122119140629,0.008965086120212833,0.14319948191449902,-0.6950330767072974,-0.05368500882944712,0.41636001711050485,0.013520422972629094
130.85122119140627,0.1328474414089165,0.385051906224088,-0.6725914875232225,-0.03333510057139492,0.3720327039083407,0.03847765063713494
130.87122119140628,-0.09679078288551357,0.34897198352003084,-0.8627513707318092,-0.0328141046623022,0.3934232547483484,0.08785921088868824
130.8912211914063,-0.06189926725622968,0.17971857606403838,-1.0288591983584612,-0.04436279523196296,0.38357924072855765,0.038229734744219986
130.91122119140627,-0.12531155375332778,0.17857120115722563,-0.9812499250411628,-0.05310033090755362,0.36060781347451476,0.026862483506725394
130.93122119140628,-0.09641925755352196,0.3047057895093045,-1.2562255459954337,-0.029097262755624558,0.35490617984871,0.06488086090584538
130.95122119140626,-0.15058769332548264,0.14237346481714683,-1.3270313091467778,-0.05133127973879821,0.35205892377501263,0.05305926716647004
130.97122119140627,0.04740217622177667,0.1565604524053115,-1.3985011914389442,-0.03945710088399218,0.35824860798803937,0.02880551241216869
130.99122119140628,0.05654022482908605,0.17355979213265973,-1.4770616610386909,-0.04446002339539167,0.32889072122082785,0.0431345682366096
131.01122119140626,0.051555810422630834,0.2528569624388363,-1.5643073821181597,-0.04113682597378997,0.35528843273864863,0.05674111636437305
131.03122119140627,0.4222437455505701,0.2317950976118585,-1.376812079163556,-0.04692190234257378,0.33057894516268665,0.058693210916525816
131.05122119140628,0.14094843492827658,0.1896508082336116,-1.4523193345300158,-0.04003786215042298,0.3028991542276108,0.031207830471554156
131.07122119140627,-0.09373592217800138,0.4551446521064407,-1.6676426817386478,-0.05301095225258962,0.32898443624036794,0.04998174148654339
131.09122119140628,-0.10321490213879118,0.48049662338125904,-1.4449012036330078,-0.04181755375772319,0.30471303690670737,0.07825260258773088
131.1112211914063,-0.09247774288439993,0.4119754942765298,-1.629632698610089,-0.032037413803684724,0.2826086454463763,0.05647446355299314
131.13122119140627,-0.2036319839771885,0.3837849169633279,-1.748300255355114,-0.05456635021983285,0.31425916408180565,0.05906026315218785
131.15122119140628,-0.4132585835993687,0.4518872965695495,-1.6469642625944056,-0.028110822671399024,0.2849307673858992,0.057843500771602316
131.1712211914063,-0.18156610168233092,0.3947169696640294,-1.623266059310657,-0.03451784712069308,0.2625705711065443,0.10225911763574258
131.19122119140627,-0.323610814910552,0.2629423798738049,-1.803212272481828,-0.02247531337736345,0.2905291067057721,0.05788851482205598
131.21122119140628,-0.23526682250313471,0.3821078237828645,-1.6514993296240148,-0.03887187642671586,0.24881583776354815,0.04933815671073159
131.23122119140626,-0.5557239341049667,0.4368532830532828,-1.7010448984103195,-0.0009850285570815792,0.27949531644698133,0.10397762247542
131.25122119140627,-0.5243678655152646,0.23842189653581017,-1.5995378241021119,-0.011519461765706267,0.23775585446116254,0.08309699069663318
131.27122119140628,-0.5696987382196231,0.06382319991609436,-1.665423755900051,-0.009122459099861762,0.2684740840065008,0.046179573509529
131.29122119140627,-0.3628431113811657,0.19948165631567522,-1.4590602525420229,-0.000843836422044195,0.2543965906465018,0.06789224209465539
131.31122119140628,-0.3696801015912871,0.1603182722535595,-1.2765980292928167,0.012002144870834876,0.24711455830620285,0.08601797606552763
131.33122119140629,-0.4382996596910101,-0.029509224564414537,-1.1966289933186016,0.01239264437500321,0.24252938297232135,0.05280422325945909
131.35122119140627,-0.5291271079594527,-0.07633632202945782,-1.028422838149533,0.00498928882730856,0.24684620252339046,0.04444377632884022
131.37122119140628,-0.263746510439062,0.06290948299491134,-0.9720071962306763,0.02603027158678788,0.23821237390919464,0.07093721356441827
131.3912211914063,-0.4149375795932081,-0.0837763701719373,-0.833064157146111,0.013554235824055611,0.22587162429964622,0.05366467597143872
131.41122119140627,-0.4045280127534091,-0.012970190550887621,-0.8156174255988131,0.016105551413061237,0.2546262621703232,0.0390913263102689
131.43122119140628,-0.475318007577399,0.04108470928984709,-0.525909181103,0.018088437417476507,0.2187275034337495,0.0590202203660295
131.45122119140626,-0.5901114967157932,0.0005944189567347143,-0.5724648447628807,0.028477855962193124,0.22952203077306696,0.05820690374069031
131.47122119140627,-0.661571984572629,-0.065789361356526,-0.45493298837444174,0.011349569675703063,0.21678141048905922,0.03674168978169273
131.49122119140628,-0.8138412969838028,-0.0009424460143126437,-0.57213104068831,0.02609926664613924,0.22859019893913515,0.03755148790880691
131.51122119140626,-0.6908414266244463,0.037789617351045655,-0.39212826352279107,0.012742918626280249,0.20894743653778522,0.058221838393440466
131.53122119140627,-0.7203255056669523,-0.01367064492623388,-0.40043460160167266,0.031476222973070976,0.1990050707808913,0.036080327794817936
131.55122119140628,-0.8178359627443196,-0.02438052388197848,-0.27747548177439957,0.002687473554700659,0.19517597863874753,0.02115921756608379
131.57122119140627,-0.7104789709028119,0.09071142772529076,-0.2397641447891186,0.02470192995770834,0.20232046579756038,0.04571626848782827
131.59122119140628,-0.6414583255820225,-0.0109533262090574,-0.11395420879367858,0.012401924787783314,0.17044354910710158,0.038421816058901805
131.6112211914063,-0.6000281279179852,0.007375151426254938,-0.23823379779325696,0.009014816709685552,0.18945009943218483,0.00863413118331527
131.63122119140627,-0.5525971795871145,0.11693307376921395,-0.12876242761558385,0.0035616154844359377,0.1763052016597436,0.02291528982232586
131.65122119140628,-0.47106938685089395,0.10590350138026951,-0.11684002107331894,0.011364239477382309,0.17297652718317338,0.039225730972295966
131.6712211914063,-0.3987563700554875,0.05175478764700458,-0.05068961813909437,-0.0034718819165393887,0.16249643141200498,0.009147149438318625
131.69122119140627,-0.2800568783322849,0.14690057408446744,-0.09943713709651368,-0.0015108929893445319,0.16707918301934893,0.006182893219895664
131.71122119140628,-0.3462846228244452,0.26189312618938176,-0.11842591648643894,-0.0019830960728843003,0.16427548464313746,0.025518574458653173
131.73122119140626,-0.36849326483485645,0.19846439884594125,-0.08526933228105493,-0.0067980942190100065,0.16681987570144732,0.019784753257441428
131.75122119140627,-0.15905352338257756,0.2904994289132393,-0.0644857797601463,-0.011749152652697202,0.17751514607625726,0.00739141112324
131.77122119140628,-0.05020141685922426,0.17732480395058092,0.013046307734005173,-0.0006667736539124348,0.12521246650597306,0.04104910946164251
131.79122119140627,-0.1362277367213654,-0.0522268234972248,-0.6801208486967758,0.015773473287440984,0.16006016819728422,0.04806343722007255
131.81122119140628,0.029611440014579722,-0.19456071149117843,-0.5461005125375773,-0.04021153078145204,0.18431070335251298,-0.0034657805600120965
131.83122119140629,0.04314349059711712,0.15512576592098395,-0.30164399165739575,0.011650809700522216,0.13017935991314128,0.0008830672815463238
131.85122119140627,0.05969479318435378,0.2089697593245916,-0.5043904008258053,0.001079230897307672,0.14727505799224624,0.11471635067751833
131.87122119140628,0.39246398196466403,-0.25017234425247564,-0.36522562933257907,0.0020552276175193856,0.16882610443813612,0.07518611584244998
131.8912211914063,0.2226673876362883,-0.28818983277522836,-0.036080117652822326,-0.012703350778459632,0.13090893138088436,-0.037880680375352915
131.91122119140627,-0.3641045730386807,0.1436943555540266,-0.012105706089223345,-0.015039434626879868,0.16238502602587593,0.022771841610075335
131.93122119140628,-0.25121295610859523,0.34021852962138616,0.2571044698707552,0.009904909110008077,0.15839563379795196,0.09784403353890186
131.95122119140626,-0.050706769727525844,0.038691635582234374,0.34609278886307854,-0.009764641697690117,0.13768207708912958,0.010764016055485551
131.97122119140627,-0.1916377238032627,0.22765873386460025,0.3645942392026311,-0.03221899517012054,0.15237160522200432,-0.03478795020452602
131.99122119140628,-0.1969934337547201,0.5642839056510339,0.448330148082866,-0.0035399911027478035,0.13290601064514837,0.0660365040031415
132.01122119140626,-0.16983412173410953,0.3740804787448342,0.37508504735312204,-0.010728028057335644,0.13460443518252185,0.06734266507694728
132.03122119140627,-0.35896868979856067,0.1965810832750243,0.3336152439728702,-0.03475369725097038,0.1349279391868062,-0.022731045539935584
132.05122119140628,-0.431583620741969,0.4645965684402312,0.30934382607799416,-0.02577140486186929,0.12890376548014382,0.03241892788849874
132.07122119140627,-0.44631669279792463,0.47750308088662535,0.2518550396102225,-0.012205648838585999,0.1330885779055078,0.08714046606540349
132.09122119140628,-0.5661193528941516,0.0489410645900215,0.279891976934092,-0.031761818267977505,0.1265738737247248,0.01661746551225149
132.1112211914063,-0.6290215741335331,0.11149409379793154,0.13053699776471747,-0.03154496742172731,0.12306023764035477,-0.007931346002413735
132.13122119140627,-0.5596208963741673,0.2944557278003154,0.07531417317924964,-0.022715212060932955,0.13455054900134547,0.058832577534404545
132.15122119140628,-0.454322112504282,0.06113538439652691,0.17226136984109142,-0.01702086732986541,0.12896272159306538,0.04488119905095164
132.1712211914063,-0.3299622589792521,-0.08930115078263276,0.10620084752826082,-0.02851930218402201,0.11843824250224426,-0.011944788224628439
132.19122119140627,-0.27385903968875824,0.04527116135814452,0.019548870688743614,-0.025527422022448384,0.13815757213632637,0.012826466740444322
132.21122119140628,-0.16670969784259856,0.029493541918548954,0.06851895277315141,-0.009325326259630954,0.12448737062076264,0.0415040885189565
132.23122119140626,-0.052694421349255685,-0.1638067119026883,-0.013597369005722131,-0.01584144556817633,0.1238326376856956,0.012481010230866065
132.25122119140627,-0.02689182504589902,-0.1862835177429013,-0.1190689746154433,-0.017852734803459107,0.13656178973045094,-0.008020127202794446
132.27122119140628,0.010390723345861436,-0.1083703208152412,-0.15208051846928144,-0.0066552769056908755,0.12458018289856919,0.01868463342093221
132.29122119140627,-0.03771836540319917,-0.187138542423438,-0.20519270519808633,-0.004952041854364387,0.13703316915719255,0.02362958325860885
132.31122119140628,-0.07270430265050837,-0.4000013122794275,-0.2854259444489958,-0.004268610519930552,0.12212495263530211,-0.0004803288201573109
132.33122119140629,-0.2028970266491271,-0.39447245449084034,-0.7514423640355666,0.007182731456892374,0.12137807224545223,-0.0064558874295465064
132.35122119140627,-0.329676011222072,-0.4171072660806559,-0.9325091316619633,-0.0037754206029958276,0.14448248830593904,0.010851565181390051
132.37122119140628,-0.2383972356394922,-0.4648416972005323,-0.9997218755962999,0.022694686598513154,0.1346956951650263,0.0038716362396285287
132.3912211914063,-0.2859620748047172,-0.6730837051847541,-1.3792516908429733,0.023888600205403485,0.1005751711652785,-0.0034242582625590564
132.41122119140627,-0.40487559657983213,-0.7142326495660168,-1.987657370159226,0.030547907231170224,0.1448425096119617,0.006877194368029486
132.43122119140628,-0.7790082747060147,-0.7740380800056906,-1.743522699266087,0.026639606869559913,0.1352368092640171,-0.002979038777666376
132.45122119140626,-0.8398101259430625,-0.7448604373477288,-1.7305951936649762,0.06064617106770903,0.09358762817811557,0.023096392591490253
132.47122119140627,-0.768390435778912,-1.0232376524259095,-1.690833676089913,0.05364719759925972,0.12373713912096793,0.05366066624417553
132.49122119140628,-0.057885102976205194,-1.248445618874891,-1.4855587704650233,0.07310130149295213,0.09586960364894953,0.014784625754736226
132.51122119140626,0.03377434119630497,-0.936919510554423,-1.1947549359733445,0.06591280814472937,0.10987897212042765,-0.009267590906726622
132.53122119140627,-0.14969409683512788,-0.5489897087182561,-0.7744000633256509,0.08990405373971702,0.10259713811042291,0.036025353186108354
132.55122119140628,-0.27305718899910014,-0.5345266505344816,-0.45422531940212557,0.1011698503628938,0.07106063857526583,0.03129628931845285
132.57122119140627,0.17675996475565903,-0.32066715957443465,-0.5938955595003551,0.09145523230336207,0.12471605152977287,0.005047134055265353
132.59122119140628,0.10928582758953162,-0.16324407358173873,-0.0733177157880776,0.07842428004416835,0.12986796113277746,-0.02282452389635136
132.6112211914063,0.32398036581444134,0.2677802284185413,0.027453092497540348,0.09880133652893014,0.11236681059627754,-0.02037201390343352
132.63122119140627,0.36739888867077436,0.3830228692714561,0.14393027636353037,0.07239095878197138,0.15139046209169638,0.020733466518454945
132.65122119140628,0.4734049835773559,0.4861974971089172,0.42243275079939985,0.08428109568863214,0.15374490283148157,0.00015825704377147155
132.6712211914063,0.4639538693452914,0.6695048920016726,0.46949732419405626,0.06397253966385569,0.13083984069969767,-0.012494823842648162
132.69122119140627,0.20089107655418087,0.8742487992259771,0.4294324763409269,0.06837354076947609,0.16211359049340773,0.05550863390080211
132.71122119140628,0.020966198206827078,0.840158092111429,0.7167314972085452,0.06661463043053109,0.1242535017916585,0.064821372286129
132.73122119140626,-0.225238629609209,0.7382825541810422,0.6693016570180217,0.050640938715041,0.12938121901797886,0.026712570990852898
132.75122119140627,-0.34438760267872065,0.9404557621824858,0.6681469152590214,0.041673047513383514,0.1264152131680614,0.052430472175188786
132.77122119140628,-0.6503789701666131,0.9176969034734878,0.7372053134760753,0.04964009547368029,0.09988777269534523,0.07787823187849684
132.79122119140627,-0.8579935829215406,0.770074110319108,0.6058898516800723,0.029692037125912184,0.09484537885808673,0.04357099890758625
132.81122119140628,-1.060811401095656,0.7376972421893504,0.5049828928916279,0.017915994639213062,0.09529396457293329,0.02396312684931321
132.83122119140629,-0.958280143349246,0.7083286088644319,0.3732034203395744,0.0201235821457921,0.08030089375694258,0.0489111099635913
132.85122119140627,-0.8958714773530575,0.5186933689808436,0.2142555200386619,0.01045812912757232,0.07440683369257528,0.023960357934196895
132.87122119140628,-0.7542798514739006,0.4171020077368961,0.0733899584370301,0.0024986597792466584,0.08270801177602767,-0.001019307855642688
132.8912211914063,-0.47554792265744883,0.4460874943714718,-0.10888441087841527,0.006615927752459068,0.07605124414253812,0.017138788117729852
132.91122119140627,-0.31336563415198415,0.2623076338322792,-0.2716818084059311,0.006619458188898835,0.07893806247679122,0.015165161048862374
132.93122119140628,-0.2109586438726885,0.10966440015346982,-0.3120512678650791,0.00030502771379350773,0.08658238755931884,-0.010725046914432056
132.95122119140626,-0.24800990948614532,0.1397347535860438,-0.3624266795739007,0.01187007045895431,0.08508564360825886,0.004332518153599637
132.97122119140627,-0.28856383196576435,0.03003050547829277,-0.40417625669033025,0.013502036775762628,0.08880874234186185,0.0236708965603519
132.99122119140628,-0.20395421406594144,-0.09429713838920095,-0.5105495878337426,0.01777583803811865,0.0927906037832832,0.009342837379821703
133.01122119140626,-0.22674016721696946,-0.15395617206827905,-0.5858740290716311,0.014912515239440911,0.10356162789714926,0.010574063047642947
133.03122119140627,-0.3492414365921989,-0.16802884892611425,-0.6089512009496368,0.02483961001989893,0.1040019579510851,0.00542616892840578
133.05122119140628,-0.460476197502705,-0.17281769286114682,-0.5563542527215081,0.019085947280917726,0.1166677405441487,0.0038724856524853203
133.07122119140627,-0.5407414797748183,-0.19118860777717214,-0.47206153602661854,0.03048935636519838,0.11323567463611953,-0.00285454079522281
133.09122119140628,-0.5833592617575943,-0.18876320879383376,-0.40470880403544174,0.023884585641624476,0.11481179206996021,-0.012119004028295077
133.1112211914063,-0.44136756228314905,-0.12877916121278912,-0.31671758811278455,0.024710241229573868,0.12655235659262362,-0.010325417271880006
133.13122119140627,-0.35668695752838553,-0.14040064159752527,-0.17803462483004986,0.025270898269915167,0.1016279314923627,-0.010954731821014918
133.15122119140628,-0.37276884088893475,-0.11537919731635113,-0.23219272886196993,0.027377405655838724,0.10261609053179697,-0.018406308088767448
133.1712211914063,-0.21347191772004895,-0.030854589914021322,-0.29001786921700135,0.023172095928143382,0.10203744108583765,-0.009288425403696223
133.19122119140627,-0.2251585025495834,-0.01582898229469184,-0.28744818381321174,0.029265263175310485,0.08298127419245058,-0.0072624276227823805
133.21122119140628,-0.21445816567920714,0.024968926024093695,-0.30312833020640506,0.02135216871951392,0.09257714485274891,-0.007809385017065294
133.23122119140626,-0.15575206791630797,0.09126503864835649,-0.27826443245165705,0.027067209872658256,0.07673635045536727,-0.004697362283997396
133.25122119140627,-0.1973019518131653,0.11726939101790908,-0.29379977463384027,0.024803694228019316,0.07966797939167053,0.006500591602681513
133.27122119140628,-0.2921912322105837,0.14719619442840223,-0.3231735183693909,0.023104333339694593,0.08103056761832403,0.0012743473811979052
133.29122119140627,-0.23214171779870127,0.12444273153100185,-0.2890032204886503,0.02131583260181227,0.07329795240237004,0.008321562950446356
133.31122119140628,-0.2987178527549075,0.14299676948039344,-0.3194117497357077,0.025190904396646733,0.07459971369619445,0.0023759328241623554
133.33122119140629,-0.27673985377708793,0.09996252170294756,-0.35584696601845184,0.020641652780164076,0.07025307934297585,0.00394949460638985
133.35122119140627,-0.13715354682975142,0.09869424889874238,-0.3894686795132095,0.023822695991149938,0.086521178096132,0.01861021207828915
133.37122119140628,-0.10458317944932134,0.06482909442660018,-0.3513669492826045,0.0193719907364378,0.07933171481093186,-0.004057264294132588
133.3912211914063,-0.18742982509027983,0.09815634832611747,-0.3368743144624547,0.0184188230852577,0.09022251039507334,-0.002596288971701319
133.41122119140627,-0.005495292227472925,0.1809656282218355,-0.23925557079642876,0.027398098158028877,0.0834192104938783,0.02855785709074839
133.43122119140628,-0.11171625644159373,0.0831214654831406,-0.23164910860494037,0.02496026952314794,0.09006443493524519,0.009983329185790285
133.45122119140626,-0.21494190053938636,0.10228694586593114,-0.17278984712740636,0.015542174785358805,0.08994112498548881,0.0019547363128585736
133.47122119140627,-0.33214399977954795,0.11196764525605755,-0.10680607799384166,0.033089783766239646,0.08284298940639914,0.03180666295594216
133.49122119140628,-0.46754087590509763,-0.026014946170078178,-0.07007319541854663,0.027732564584318543,0.07871954381240209,0.01743309301183995
133.51122119140626,-0.6016111683301949,-0.017898628684743664,-0.04641270539105224,0.020875070163613972,0.09024285805086302,-0.01388226692527154
133.53122119140627,-0.6225893045018582,0.08082376402371999,0.10351643893401508,0.029725823158881965,0.07329517401463582,0.013800929633154619
133.55122119140628,-0.5802894510438983,0.03207945909209696,0.004663018570918549,0.03804666535386689,0.06570290515103008,0.022387158410542934
133.57122119140627,-0.5440591796899161,-0.0692407386432099,0.06567427871251143,0.016124992061826188,0.07751063560183834,-0.012864397613221452
133.59122119140628,-0.46143169851554044,0.05395135523264319,0.10391650922973694,0.02981927015624637,0.06700749790594883,-0.00939222414929053
133.6112211914063,-0.3767000651115492,0.10934035903968223,0.06521545160287774,0.0290173199843791,0.057815756864003656,0.02492030190474044
133.63122119140627,-0.391456745053019,0.019300837152886104,0.04460252037205841,0.026181124306676996,0.0688644985239151,0.004033689061683188
133.65122119140628,-0.3542150808532602,0.02360938482798911,0.05948643418931188,0.020850315099021063,0.06434210564225264,-0.012705338880643466
133.6712211914063,-0.30893492522378874,0.07736007316224477,0.052243603802093155,0.02478569421801026,0.06311871070891314,0.017432394404137744
133.69122119140627,-0.2849365150492747,0.002144088386557805,0.11601095607425164,0.025758155446953833,0.056155583875863536,0.009089052862274438
133.71122119140628,-0.27345441060557213,-0.04444121678935185,0.05039023834023495,0.01692039182077322,0.07442706681547442,-0.012447242601650092
133.73122119140626,-0.21759717750127686,0.0038727429165711625,0.15320508418400183,0.020331850337576285,0.07439239030606264,0.0035907930929309343
133.75122119140627,-0.1325153746377897,-0.031040855211328315,0.22369129218170827,0.03128851904563959,0.06915281514087336,0.014484739856749288
133.77122119140628,-0.17071382474819025,-0.10580864161963474,0.2310139841433128,0.019860988408198065,0.08162170200426057,-0.010670940601292478
133.79122119140627,-0.11116621547494174,-0.022406046633542696,0.3385478650187403,0.021910651746839704,0.08480671528598982,-0.007069664715438298
133.81122119140628,-0.10695002149104849,0.038468834118724156,0.4011655171842062,0.03330277066262735,0.07560551961272692,0.01652043264070629
133.83122119140629,-0.18155809387282623,-0.046616079661388504,0.4113797522544267,0.02621386900449752,0.08384573005250766,0.007271919571080296
133.85122119140627,-0.25117121284111826,-0.058972814675591095,0.48568438022168625,0.025292377948775382,0.081267671767153,-0.008085040017392384
133.87122119140628,-0.2949478910204867,0.017972462381918984,0.4898502387885589,0.033240475021699675,0.07158274062524612,0.0115679285954417
133.8912211914063,-0.4115572848739279,-0.004436638907942985,0.5292633466386831,0.030720126858087015,0.07257320974774907,0.017887000108667537
133.91122119140627,-0.48630283237004635,-0.02461323471162346,0.6109427977301094,0.028949900685492854,0.057415105539432125,-0.005215032004283809
133.93122119140628,-0.5327696727899925,0.01223997378306166,0.5783902091761267,0.02898060259422977,0.05676928678571176,0.005181400725813618
133.95122119140626,-0.528071490526849,0.019058789252727224,0.5861195103643605,0.03220466223146312,0.05136056369831582,0.013538455120228741
133.97122119140627,-0.44845680704560903,0.0118496395784392,0.6221453619213035,0.027399117085740873,0.04933206636651961,0.003960627573022969
133.99122119140628,-0.3743019385816143,0.04065081128376738,0.6088406023085963,0.02823347100149296,0.05174946542432293,-0.0005711830802938189
134.01122119140626,-0.28707423557315903,0.05879397083452166,0.57491019685682,0.02565605158438214,0.047003828062928764,0.008495498615933747
134.03122119140627,-0.2967699136639764,0.009488354700033879,0.555755240035404,0.02800579685549606,0.04477423827937635,0.0008030792063782161
134.05122119140628,-0.28699655672156477,0.027391089674326827,0.5200753686309921,0.02166955074017913,0.05393397766354632,-0.00605179563733804
134.07122119140627,-0.27596391691310984,0.08029450067043752,0.497322523939512,0.026191860344260076,0.05572342218574513,0.002821765010950034
134.09122119140628,-0.26128090301416473,0.06149701044592056,0.4703738732895056,0.026776037947334866,0.056035977831448744,0.0007405140547144891
134.1112211914063,-0.19055058919079776,-0.0034098616740780613,0.39993674268945967,0.023760355462805503,0.06704051196932032,-0.00207632467952935
134.13122119140627,-0.2326930878179157,-0.022335518287218293,0.41733178798344117,0.025473141205894514,0.06770695067048983,-0.008058374229410905
134.15122119140628,-0.2922894743568935,-0.01042412547085661,0.4034893612354137,0.023893015365132175,0.06581580382770069,-0.008014297201865231
134.1712211914063,-0.2894168157680163,-0.01703868393733079,0.38138500964906824,0.0235435054568046,0.0768238114086067,0.0020625884820921737
134.19122119140627,-0.25372227344398696,-0.05230657931378708,0.40389684075623644,0.026678339285858187,0.061428276226704166,-0.006122235417199083
134.21122119140628,-0.253513885743482,-0.05551918118725102,0.3347897505835712,0.022594893605702836,0.07560812204372083,0.0007951771213799903
134.23122119140626,-0.15966433546807274,-0.0552658519450107,0.3682926878205241,0.02673810378795709,0.060360649414239104,0.0019809962693590833
134.25122119140627,-0.26542455325094366,-0.099496174313039,0.34988520763591635,0.0238061869285087,0.05829726621692456,-0.0028541455739178588
134.27122119140628,-0.28567553860880557,-0.0661897730615979,0.3173165962666653,0.02366203663887206,0.056648800335903936,0.001371376769789068
134.29122119140627,-0.32944223540992584,-0.10166633483632105,0.3525148995694982,0.02290893103018462,0.0524503101718434,0.003610904106954113
134.31122119140628,-0.4164050185708962,-0.094863819908059,0.31572503590252016,0.02538821530341793,0.042451142176339135,-0.012030767413383152
134.33122119140629,-0.3534325149180112,-0.04902208323725144,0.27403016917564227,0.019478291240126278,0.047489201676629365,0.001020030208314498
134.35122119140627,-0.27669290007637204,-0.035974528034482,0.26494012484345486,0.027773121554806917,0.044033680736636,0.002208339789356114
134.37122119140628,-0.20622916552584328,-0.02263471525133933,0.2890608625270787,0.02199499992047399,0.03930252891222254,-0.006766959954304093
134.3912211914063,-0.15383762303979068,0.07997710202443957,0.18719502972816215,0.03182988026001416,0.04250707226116374,-0.0026875378518522873
134.41122119140627,-0.1778078533244338,0.05750099059773772,0.2617673071627929,0.02627534578760875,0.04225893875467725,0.008925531720069425
134.43122119140628,-0.19858133866821043,0.06627215534213414,0.24567528418711093,0.03489591271981752,0.04574870406983079,0.00012621825328272397
134.4512211914063,-0.30389668922744345,0.0858026500294306,0.25751227204483923,0.023692045310125146,0.04741239405369129,-0.0033233873300168525
134.47122119140627,-0.4015203633054634,0.14459493560515405,0.27534190332155856,0.03174081163755378,0.058930948053811445,0.007030199559026835
134.49122119140628,-0.39041126183301794,0.14516273443249095,0.3323845187723739,0.03140479716491915,0.04542266653741568,0.00943437115866446
134.51122119140626,-0.3598744772109842,0.08251172755500119,0.2398201560698512,0.028814798784471525,0.06030918041136,0.0016908801055946251
134.53122119140627,-0.31815704122480704,0.05741124208254849,0.4248905232896499,0.021928043979131034,0.05445137881200266,-0.0018051050518641727
134.55122119140628,-0.338437047891088,0.10476943595545157,0.3712356764140638,0.03312989395315724,0.05002840171116888,0.001036963019907667
134.57122119140627,-0.3235762708618833,0.042765648200998096,0.34769494758467484,0.019299159504768446,0.05859023577851524,0.00742174792522302
134.59122119140628,-0.3519357155242562,-0.0023437533844752555,0.4243510054842761,0.02737173611623413,0.04625432055569328,-0.00291075878406586
134.6112211914063,-0.36178000514228914,0.04869655419274625,0.3439990802129501,0.02401111752181558,0.04343676878950267,-0.0018964183964946518
134.63122119140627,-0.3088406422196787,0.06168718892201316,0.27922118467792834,0.024360986371246836,0.05254007446310279,0.012584011225152635
134.65122119140628,-0.30588136786564707,0.023633754600459234,0.3904899075679123,0.024589229670451785,0.04026256916536851,-0.00045847473197441267
134.6712211914063,-0.3472723276680663,0.015347345509938453,0.3222044974969668,0.023137448605505154,0.0344874280403939,-0.0009887105727575205
134.69122119140627,-0.34516297640021104,0.03411915557746708,0.2978334855262216,0.024747737163533144,0.044691367169938,0.012642099529777347
134.71122119140628,-0.19738452808167062,0.005085372556933594,0.3197645629888971,0.026610346020386606,0.03422122143392747,0.005138466739445299
134.73122119140626,-0.11982752589463042,-0.02672554016882388,0.28185619042539894,0.0231523810637931,0.044662048120846974,0.003282718148486295
134.75122119140627,-0.10142532765804052,0.007470097647132059,0.2936473794481176,0.027997517174870465,0.033032515858577305,0.0030240640046404203
134.77122119140628,-0.1364669801782073,-0.010667997228689649,0.3046969242546912,0.027734203837772173,0.034856026635258656,0.011408073804003426
134.79122119140627,-0.08327651845406173,-0.017847695698988118,0.2336398695612247,0.033539426036951675,0.03930137212029694,0.015174805188734172
134.81122119140628,0.0010364664523939086,-0.08796052258852524,0.23844658897728524,0.025216546656546948,0.04279142071552233,0.011139442837305
134.83122119140629,-0.028697995231551726,0.0018387741266853294,0.2527930467073843,0.03060697742658458,0.04399452621297929,0.002344028336920787
134.85122119140627,-0.08862838561306831,0.0073054675694334825,0.30805538740374616,0.02775302426028019,0.038943677854669734,0.02292643108620541
134.87122119140628,-0.15361922632404318,-0.022647018993671546,0.22529269855787987,0.03449417020613291,0.04338306381573687,0.024036014016804094
134.8912211914063,-0.2844638421116025,-0.06937491874915971,0.2735467757792612,0.022834545245225678,0.042274010489145836,0.002378103478616573
134.91122119140627,-0.38300657752204226,-0.009212770316558934,0.26723000434785477,0.0345810157498342,0.04454862823948565,0.014681875229882178
134.93122119140628,-0.3806921878280512,-0.026616973610632557,0.28505976724527765,0.03519729570064508,0.041921361033394194,0.02887358238290125
134.9512211914063,-0.29801672073401964,-0.10888519371488127,0.3041804930833543,0.031758763161014704,0.050063446821878244,0.013774520086123832
134.97122119140627,-0.0014368859711856533,-0.06496081801790672,0.36088491968313713,0.029464121216540008,0.037747868930412785,0.024125164552167684
134.99122119140628,-0.1936345762762515,-0.06359843211416838,0.35350742375103444,0.032302809227193696,0.020583675502598334,0.015985949305312355
135.01122119140626,-0.32936509473521064,0.026138014680442544,0.2606381688205462,0.02155082124237555,0.0363043889514842,0.02085523366259636
135.03122119140627,-0.3169396468996352,0.03262109435598579,0.3716396392150982,0.02903188654700001,0.020753649677650008,0.038756839815539686
135.05122119140628,-0.4211600326471853,-0.02786151642341334,0.34749304393159036,0.024759453248768305,0.03349496268276526,0.02333573456435151
135.07122119140627,-0.3440761033490513,-0.01903361918542834,0.4052771868946799,0.01791780112212201,0.023641838749247343,0.015531009166144787
135.09122119140628,-0.2395475582157355,-0.0030116516116323586,0.3460049507017618,0.033794065022308646,0.01145921414870898,0.031076487894932257
135.1112211914063,-0.281584512156403,-0.04384493466732996,0.2293217530698338,0.023786335962487356,0.031137440850538812,0.018547304330962584
135.13122119140627,-0.3349284531526649,-0.025798727254581606,0.24970923245166315,0.023601332331706987,0.03410827755143863,-0.002883502759568248
135.15122119140628,-0.35819056902102747,0.1246401836828979,0.2028802389625115,0.038820659874398894,0.033346760060605045,0.019635998813325638
135.1712211914063,-0.5045837936041071,0.08617963105254398,0.1434402426347304,0.03698466377983307,0.05176908283557155,0.018955078823573574
135.19122119140627,-0.5870619284037452,0.07331890958899784,0.20738109167110982,0.03665245951355484,0.05915111607026427,-0.013637107137287646
135.21122119140628,-0.6468083794641951,0.1650997472985113,0.32436281449240656,0.0425486890404496,0.052334847992009166,-0.0011058085138175866
135.23122119140626,-0.791246689481535,0.2135644461817,0.331178053939023,0.04984485215333714,0.06011243431438069,0.0006243208785656553
135.25122119140627,-0.7401087270003782,0.13989427169737267,0.40598637923509273,0.04241436218266347,0.059679293566408796,-0.011052221630887562
135.27122119140628,-0.6268796171952673,0.16441210861177166,0.38558890738274637,0.05524901622903719,0.052241048837904994,-0.014595311632360653
135.29122119140627,-0.5767256224636337,0.1693868958088508,0.408655044308284,0.04652069758035989,0.05077390429343332,-0.014374966997695427
135.31122119140628,-0.5555606362565405,0.1915811312039182,0.356423766261108,0.05888167111960362,0.04601191265690629,-0.018794305683869684
135.33122119140629,-0.3107456349777703,0.18359548473655185,0.38627820889893716,0.05152250073271013,0.0443517980777694,0.004895734709328223
135.35122119140627,-0.24354012752598708,0.09126865683042225,0.404237907299017,0.06266211955915764,0.03428009838301618,-0.014049034439703975
135.37122119140628,-0.31124517106882893,0.04146046562224922,0.44064254760155486,0.04257052711010042,0.03330780842134471,-0.02495737551085181
135.3912211914063,-0.07090268370540108,0.21171931905251715,0.3080608804760684,0.06016894403588799,0.03479702013798286,-0.004422310195786252
135.41122119140627,-0.16178611605904766,0.10358831933850249,0.41989210314536474,0.04045320785660219,0.03134392560468099,-0.0069297585841962255
135.43122119140628,-0.09640113250445823,0.16621229960021702,0.23232636872492204,0.044996300476279734,0.04450589998945572,-0.0365692339766419
135.4512211914063,-0.000453788611553461,0.1983851868865724,0.35583495537712345,0.024445772901115364,0.044288376192051816,-0.010234834520528868
135.47122119140627,0.21779134801014666,0.1119186616618846,0.20563554587760513,0.05023805087140839,0.04650153525312444,0.009175880426800023
135.49122119140628,-0.02894314408230966,-0.21958410362402178,0.38170877195516695,0.007072021035927699,0.0488835162210988,-0.03362638300061004
135.51122119140626,0.16714693561012073,-0.04732245340073842,0.16997242660837708,0.03470320202046717,0.049821768705393996,-0.026622134444827084
135.53122119140627,0.1792420577080985,-0.05048000194446904,0.17431030290844926,0.01604561902533443,0.02876100951827194,0.024348367314766518
135.55122119140628,0.153891243792073,-0.11601655040339119,-0.19012193264215574,0.03501600944507076,0.045584670703838565,-0.004221587695715175
135.57122119140627,0.06758593950704508,-0.13074551752747576,-0.1549989312461777,0.007741393744273433,0.026826864421345,-0.00737999815030342
135.59122119140628,0.22017694529689116,0.034562507843629235,-0.4482693594032241,0.05179605504750081,0.03674562082947708,0.05562286507294137
135.6112211914063,0.5371520631832422,-0.21728086982535164,-0.5286159309147176,0.02956849683341831,0.007347291179496201,0.07739323322779389
135.63122119140627,0.26275940102590345,-0.35649071777625957,-0.7430407462179304,0.030627283410362693,0.01725033131574068,0.0004911815229034324
135.65122119140628,-0.19891510480380722,-0.0943338334040618,-0.6651643954379693,0.010830818183089666,0.0073014337605906915,0.028236260538699424
135.6712211914063,-0.2379461418591956,0.038410781940280435,-0.6768078645992536,0.041889256466826355,0.01784426272819945,0.11359281578365356
135.69122119140627,-0.10793397623088603,-0.3000606837651881,-0.5256238177305369,0.011247059601829942,0.004780859285086451,0.04911915261811211
135.71122119140628,0.37692539698657107,-0.3877928965608786,-0.3880827502071436,-0.004925395066043802,0.01615681770457526,0.02676229765161881
135.73122119140626,0.5972100416576296,-0.1204671586875022,-0.3556501277449768,0.02008474661800298,-0.012347058884244052,0.06802572787844029
135.75122119140627,0.6935822664457503,-0.22418114384050322,-0.4030056004673561,-0.009922263148667324,0.007569707933300345,0.08474679280474508
135.77122119140628,0.6053971047705711,-0.14525970108053635,-0.5294196940525631,0.004792657425123271,0.005452817626862985,0.033288308584424935
135.79122119140627,0.6035927412620551,-0.012112067478435492,-0.5059791310196892,-0.01683084069804858,0.0045991228225163595,0.09075268654896665
135.81122119140628,0.1650354644791294,0.05915067044903793,-0.732093558441348,0.02120596786652723,0.025075055328737363,0.09947867793308908
135.83122119140629,-0.16982503497325852,-0.11843760780980914,-0.6052077657150403,-0.022133906103729454,0.018603794775566427,0.07705240280827445
135.85122119140627,-0.6627280736546248,0.012183549093011099,-0.8609527704457559,0.0200135388054262,0.04238573206893347,0.06644829657680948
135.87122119140628,-0.9715482710767359,0.034836179979044805,-0.7203064760064125,-0.010030149912382802,0.034365985425690665,0.09117893728756235
135.8912211914063,-1.3076028152029173,0.04216935143239664,-0.841927347134469,0.022327249235912807,0.06559876715259705,0.05664435842520337
135.91122119140627,-1.438151893657287,0.09286484201350578,-0.6325807110142221,-0.0049165305958779075,0.04913355580446345,0.03355459687844599
135.93122119140628,-1.6069976728093749,0.23321447819759633,-0.7251674240980203,0.027720058208430456,0.06563956065129462,0.043874213668960785
135.9512211914063,-1.6273289587676745,0.2206690731424725,-0.5326960578356188,0.010176758922627515,0.0504775557836601,0.03125254239160608
135.97122119140627,-1.6798863770813532,0.21120858028955525,-0.5640286419062455,0.024227389823490264,0.057087540227615564,-0.002332894042194381
135.99122119140628,-1.5410093935161737,0.302796692200088,-0.4227567605448465,0.013852889632187832,0.048850715302187035,0.0031725450284657178
136.01122119140626,-1.483319499291609,0.2634295771288856,-0.3846734374252974,0.03204758552838405,0.03378489932644297,-0.0014473610830532692
136.03122119140627,-1.6207207787893678,0.14607193450919276,-0.35389602104681944,0.009533763519261607,0.04211556476534148,-0.03639970847348791
136.05122119140628,-1.1553530612091063,0.2921499199033781,-0.44770331971338245,0.015462187017758675,0.021385482060795952,-0.0309409519336095
136.07122119140627,-1.1258889267382963,0.23233865011925534,-0.48009174771127633,0.006712717624994784,0.03294431347480792,-0.028260237134216274
136.09122119140628,-0.8016915442643229,0.2215482789159458,-0.5978803591425446,0.001478283892917109,0.02758464617465082,-0.04967536922048526
136.1112211914063,-0.4620882285673826,0.22667593170741254,-0.6745014260465424,-0.0068076783065488655,0.03437428754667745,-0.041946611816790616
136.13122119140627,-0.30670320419467517,0.21486734552831951,-0.7296731343850618,-0.003912144176182464,0.033316071547057104,-0.03619008345920754
136.15122119140628,-0.1303787060301631,0.14293073735755324,-0.7628156044091321,-0.011752683200727499,0.042222631820340494,-0.034641787194075443
136.1712211914063,-0.12614033492991794,0.07267322183930519,-0.6785587512240905,-0.012897158667963201,0.0489394248514024,-0.04014923074822124
136.19122119140627,-0.1441919956346204,0.018020060063218105,-0.5499649158620392,-0.014939014875105284,0.041121232769003285,-0.037671640709338
136.21122119140628,-0.09234438757851095,0.03234232981134758,-0.593613910486817,-0.013272497150719948,0.05195548946090211,-0.03265544716013255
136.23122119140626,-0.08756255849263771,-0.033267776231009974,-0.5135939085023261,-0.019846746075472932,0.053719414658477904,-0.039206409889620965
136.25122119140627,-0.09793887258726108,-0.009270181795614113,-0.5008129363677125,-0.011736489655980325,0.049602788113094536,-0.04361073080012598
136.27122119140628,0.04334183267070596,0.07430270130717741,-0.5166722128096075,-0.015069301512602124,0.045641538153363186,-0.025466011966322262
136.29122119140627,0.0679782836063533,0.04386701602296724,-0.5091079778667393,-0.008065283435266135,0.04976949904843735,-0.027901619241581462
136.31122119140628,0.14089816605170316,0.055133936973284815,-0.45094161682283396,-0.010191106762931782,0.03763523692159176,-0.029475855552904058
136.33122119140629,0.21631845250676324,0.13676494062244704,-0.4780945610046757,-0.0007565614316736804,0.041020283028677176,-0.009635493842568812
136.35122119140627,0.16928405563630333,0.14032293112115765,-0.40283659400209754,-0.0002715209520922035,0.035069333029338595,-0.004318929427576446
136.37122119140628,0.14247318365152775,0.1285267912919829,-0.38450519967666347,0.0038592983943984125,0.02998144101289962,-0.007422452131850549
136.3912211914063,0.08089006189014328,0.20276616956578616,-0.3288468676191549,0.0060413073608999975,0.027850026484899242,0.00030223544383822896
136.41122119140627,-0.008057943433488604,0.19669523952341647,-0.26364266886373605,0.011803407030060872,0.02461766562656936,0.011676358678387667
136.43122119140628,-0.05699364034357741,0.181066309678132,-0.25500285568373976,0.01255675861912126,0.026946823511150575,0.001422883908830224
136.4512211914063,-0.06202469142581221,0.20924152408998098,-0.2152088297450472,0.008730044362799701,0.03338927687735973,-0.0012051723039404015
136.47122119140627,-0.06770172877883085,0.22309981548313224,-0.10622759499337635,0.01373040047597513,0.027738959112766404,0.010531543448070715
136.49122119140628,-0.05212588721507596,0.2021675138904513,-0.1204156426251699,0.014946337944615497,0.032034935999013754,0.01155821067710947
136.51122119140626,-0.036908727126084416,0.13446841093375309,-0.08436312050162047,0.006507934019965427,0.04014993826121238,0.007916956459961329
136.53122119140627,-0.06893847224347957,0.1498202435592456,-0.02182923729599841,0.012462995869552976,0.032327158462087655,0.009764923831836135
136.55122119140628,-0.1203702394233299,0.12689324513048944,-0.023468072719447945,0.008273164785703472,0.04066405298452938,0.024225110075556697
136.57122119140627,-0.22405912118710788,0.05367631645509091,0.011120526120073797,0.008562390819395726,0.04512381452938534,0.018063036215783153
136.59122119140628,-0.34194961804778334,0.01912406884417176,0.054417553800748523,0.005860077636809156,0.04053547145283107,0.012717737288825894
136.6112211914063,-0.5102456145758351,0.04285808972173546,0.057556174789059354,0.008747480731815407,0.04602370063136732,0.018602464949534697
136.63122119140627,-0.569775222784318,-0.01866326409899483,0.09001734644213615,0.006670403793752162,0.046079186093975155,0.021204503972689193
136.65122119140628,-0.6584194743414835,-0.05615781232912807,0.08114435245804018,0.005891917533006021,0.04501453076931928,0.0025678646711714548
136.6712211914063,-0.7045698389559738,-0.024567861033176836,0.10296316298821437,0.0010918547356524755,0.04332182888477771,-0.0021847994366789637
136.69122119140627,-0.7122009146443697,0.02778140485812343,0.05876035082416875,0.00949420182324739,0.043901508478592935,0.004109616957836154
136.71122119140628,-0.6538408924290784,-0.0016856834853414449,0.08272395407537077,0.002026266284075644,0.04245415856820898,-0.0006164286416875895
136.73122119140626,-0.5896092017085461,0.0015506074517672925,0.053371843410798155,0.005595053050911423,0.044003422266282635,-0.013046812783285141
136.75122119140627,-0.45273375203523075,0.04907828728284176,0.0813168003613362,0.0016771753195911363,0.03687297400210741,-0.0050799358652119705
136.77122119140628,-0.3595524658826259,0.07194653140166865,0.03339159814675627,0.007671253692357891,0.038357716938703795,-0.0024619304354073783
136.79122119140627,-0.27623360989254736,0.06303860416817166,0.06747468834923943,0.002196510492924217,0.03339617458423933,-0.0075460118211499155
136.81122119140628,-0.20840765183441373,0.10774220875208146,0.025174894133194816,0.005391355639649243,0.035380738648890304,-0.004734506484705592
136.83122119140629,-0.17166982805879039,0.1303594711869966,0.04392505769337694,0.0018524572329469695,0.033608233096711126,0.00352993437479368
136.85122119140627,-0.16763049884124806,0.10782451664407339,0.012397706877933762,0.006699290350091182,0.03910169875324289,0.00412087204146148
136.87122119140628,-0.12549972546792115,0.07003134704385917,-0.006014249418195527,0.0010517467582728235,0.03168157200448151,-0.002369974005523139
136.8912211914063,-0.14860941355623825,0.049449804187803585,-0.05484369165097501,0.004612854341694179,0.03503062579030324,0.002154731181493666
136.91122119140627,-0.11718109055623628,0.051936556406420024,-0.09778157729677361,0.0029443585228327196,0.041582436995324705,0.004162983610312735
136.93122119140628,-0.09831175685155129,0.03220698256105432,-0.10838897948857469,0.0029219174853917975,0.04453179673718199,-0.0015583907052370148
136.9512211914063,-0.11597857106416438,0.029743415746360972,-0.08951495158918325,0.0028624273936220445,0.04283904326996904,-0.0012696743708350562
136.97122119140627,-0.04772525436927678,0.04378703498459956,-0.10045043160667287,0.00487542943065089,0.04341572605380725,0.005889955901194363
136.99122119140628,-0.06173439741105452,0.020724884451571224,-0.09687955034815833,0.004393365350658826,0.045885054370687975,0.005905564138271114
137.01122119140626,-0.12383296977694046,0.0141051028961564,-0.06707513828225285,0.001259889931830526,0.045022798757394136,0.005625721079997215
137.03122119140627,-0.14019905070656138,0.0367737021363118,-0.06406958171928687,0.005529602546110971,0.03902411091435104,0.012403959085953532
137.05122119140628,-0.29666834383659985,0.023947372350097057,-0.0717975857462451,0.004487229855385696,0.04124257400769089,0.01364776675307159
137.07122119140627,-0.4011924157170467,0.02496916834279055,-0.07625282738843735,0.001928922696492906,0.04111947116229562,0.009115546982937097
137.09122119140628,-0.4916525182614161,0.05646951851647616,-0.10739317409822983,0.003501783934829394,0.032723648366168624,0.010826838969241654
137.1112211914063,-0.5803780355523704,0.07426297562668381,-0.13032512934281237,0.00434658816787438,0.035372915042924565,0.01501256877403521
137.13122119140627,-0.6087679345773119,0.04711300491675292,-0.11754944549935213,0.003134073558332224,0.029140389961634667,0.00446966762401492
137.15122119140628,-0.6048539435706196,0.08713119412670116,-0.16077761972899218,0.001563547761648777,0.027517278107775767,0.0012521858604965604
137.1712211914063,-0.5817942358209156,0.10553890132919994,-0.19338845722017703,0.003549999213231614,0.029386138049465264,0.008269490566095777
137.19122119140627,-0.5837611755282671,0.0653878905560458,-0.21210836181837825,0.0019368538937405099,0.02472472855922602,0.0017636095197725316
137.21122119140628,-0.5268114362172635,0.06552637092978286,-0.2631438583829,-0.0002836727339139385,0.02525514774295125,-0.006760585122739053
137.23122119140626,-0.48679855042562314,0.08837643775357827,-0.27487964946203924,0.0031308257201121035,0.028676305490857687,0.0034109992586923697
137.25122119140627,-0.4543577581069744,0.07298443403133481,-0.2747267407849672,0.003830328318840277,0.02477091182544646,0.00042036707726296344
137.27122119140628,-0.4210975483338924,0.08875667317388845,-0.3116249405323654,0.00011992113925236293,0.027780236497355042,-0.008541922672875579
137.29122119140627,-0.39098543022502125,0.11753666325212844,-0.3119938788317259,0.0029489962498539957,0.027681589982596108,-0.004236189802641889
137.31122119140628,-0.3865481385304749,0.12426662397680513,-0.3002066039238221,0.0033314049041195527,0.02992278471683132,-0.001228337509059628
137.33122119140629,-0.33971565303083107,0.15204128193214075,-0.31978034645704667,0.003648554025903071,0.030974870222160476,-0.005484313959084182
137.35122119140627,-0.35187159875255747,0.172038930523442,-0.32091488229872456,0.00200636399625232,0.03597823574572076,-0.006156602116290389
137.37122119140628,-0.2788482445148999,0.17619337375112706,-0.30611178571517633,0.004827274079912186,0.026646078031328863,-0.0005435784846014798
137.3912211914063,-0.282039075002871,0.12632367190076513,-0.3125539805086017,0.0019985980707786536,0.03313030303373323,-0.00294861571553563
137.41122119140627,-0.27871064070545787,0.12289834728919596,-0.31572423193346844,0.000566320713129767,0.03819355571363942,-0.005028501806756529
137.43122119140628,-0.20477650216449728,0.12638771806512883,-0.29315241226933686,0.002694521030744264,0.03345571650211853,-0.0012511951679776525
137.4512211914063,-0.22877294574857882,0.11055158934819383,-0.2837984352538468,0.002969116553979743,0.03231079618747092,-0.0009702977020037735
137.47122119140627,-0.2890300742017348,0.08573417076874659,-0.2671112221836142,0.0006097884423244414,0.036023101517039316,0.00016662215573533932
137.49122119140628,-0.2909242354227539,0.0685327911464194,-0.22123987347993196,0.0019498332456682804,0.02735637676870361,-0.0031894878027339296
137.51122119140626,-0.2845145561749599,0.06311331911039718,-0.2167228529746407,0.0014222178946198545,0.02460933717040805,-0.0017722520946361127
137.53122119140627,-0.2938099664149578,0.06719027135706356,-0.23311260095670738,0.001485979607077883,0.035831486620084126,-0.0011597427592298368
137.55122119140628,-0.25494581064714517,0.04858090039154494,-0.1809022179660142,-0.0001019484381321909,0.03138295640805931,0.0014440399236127035
137.57122119140627,-0.20609798811090588,0.04092836818145577,-0.17239007264871167,0.0038278908481890455,0.025457411569169808,-0.0017482004746744346
137.59122119140628,-0.20465956001167884,0.05309192458681101,-0.14978314858786163,0.001012235706777784,0.026029002270220206,-0.0002777304393002272
137.6112211914063,-0.22989564751163508,0.05658992832339201,-0.11926212124030186,0.004103905749324367,0.03032663396956162,0.0016099444438101226
137.63122119140627,-0.20036850457293248,0.04828115640545149,-0.07510850644411221,0.003128784544173329,0.02583394841330822,0.004285694391321044
137.65122119140628,-0.2572031692842729,0.05303349840291758,-0.06552825552600197,0.004134262971739421,0.029835126179880923,0.00273726248376159
137.6712211914063,-0.2808479185525042,0.046693393623825165,-0.00911857746029943,0.0013101401426530168,0.03284680230943294,0.003513369615543235
137.69122119140627,-0.28620438967903156,0.0676207538027851,-0.0073467109558649595,0.007470940461567734,0.0326956802248018,0.005845234666171645
137.71122119140628,-0.29461937642278035,0.04138981200159181,0.025047961187227845,0.0010650023251467884,0.03315804475355153,0.00289505572390943
137.73122119140626,-0.31596762861447625,0.04774241520882469,0.018697804218417536,0.005267447064081437,0.03239643129218984,-0.005266673754783626
137.75122119140627,-0.27991593289312283,0.05116225348346214,0.06481038684549094,-9.8791669819337e-05,0.04392760059772731,0.0036270820326242724
137.77122119140628,-0.30621817883366736,0.052329994993556755,0.0828545958329415,0.007525512066677821,0.0390777191133519,0.00014663662326285898
137.79122119140627,-0.3025103841393449,0.03350741000829415,0.14078446475359388,-0.00032494457000931213,0.031047333190451422,-0.002980622028710171
137.81122119140628,-0.30950256837377976,0.04876086001772141,0.11919222844399602,0.006474359812637506,0.03943861145760535,-0.003464354789728222
137.83122119140629,-0.29089809702618075,0.018775041273631533,0.15517473357971265,-0.0003929052242538452,0.034853496295335386,-0.0011040721222625438
137.85122119140627,-0.304433614704446,0.027463043695812293,0.1119020412424468,0.0054338575178017505,0.03924831111551539,-0.002994498695996432
137.87122119140628,-0.27149973553866985,0.049565524679216016,0.1479136971500181,-0.0013717696348493412,0.03652134060863788,-0.001040965042333245
137.8912211914063,-0.22076215422451778,0.04601368878879187,0.11371327747165029,0.006028608690172611,0.038985688956568704,-0.0018123354329459501
137.91122119140627,-0.16758739376593698,0.041506238249751005,0.1368171275548697,-0.0003733209418695831,0.03557419590296185,-0.0022279478798834474
137.93122119140628,-0.15440498375860387,0.05350148209783824,0.08923693760142339,0.004627243158241962,0.041208428265606126,-0.0014139527930029088
137.9512211914063,-0.10904744119543548,0.02320488537143701,0.15151186625762394,0.0003611356800185019,0.032888327176713375,0.000505047494696111
137.97122119140627,-0.08954044253217401,0.07423017615528495,0.0728975466610208,0.006235097578399626,0.03534020017745952,0.001272184968550199
137.99122119140628,-0.0875801688467265,0.048354040536984534,0.10513467740312338,-0.0005854820296687381,0.04594171721244899,0.007576133768818234
138.01122119140626,-0.09905089593094939,0.03383390246190819,0.142926117963539,0.00721143143209202,0.03895447322803086,0.0022104929817849265
138.03122119140627,-0.06146584882414541,0.043967197347659484,0.08902369056199162,0.002684373561573534,0.050197005184348845,0.006911013994669214
138.05122119140628,-0.10132298176463864,-0.0009388775505975738,0.1643170445149704,0.005086627530587517,0.04162912156629017,0.0024142698201780398
138.07122119140627,-0.1044801274965618,0.022397570851755214,0.15677838776609335,0.005778723587228278,0.0424799711950831,0.0031570685939550647
138.09122119140628,-0.10076720103582879,0.028635321714795815,0.12505572966571163,0.0042129726695097494,0.05881745598518857,0.013204325286500385
138.1112211914063,-0.15992321005454696,0.006057143508893908,0.21321397572230102,0.0027865188073373797,0.0439342930847087,0.005733908432064891
138.13122119140627,-0.23059872094744008,0.008624728552818109,0.21072222925819162,0.004412019923041228,0.0425006078544162,0.005383124499065486
138.15122119140628,-0.21777334213452157,0.029111814513538812,0.1774935316317412,0.0006567707836766478,0.049234697818467565,0.013205492843699004
138.1712211914063,-0.2628065591653481,0.0008315258433611005,0.20817556391237962,0.0034719866588389064,0.04423569953553433,0.007412151131857229
138.19122119140627,-0.3011953850441502,-0.004873162926629399,0.17110017171317124,-0.0006349687640359754,0.04074685601460508,0.005667982036265707
138.21122119140628,-0.2892978221058397,0.017660661227293074,0.17092793615828203,0.0013306070749260635,0.04468848288447939,0.011858870920035361
138.23122119140626,-0.3221708721730812,0.035710365562334284,0.1662066951129121,0.0024418191647093226,0.03917505686582007,0.007059093092365937
138.25122119140627,-0.3584413031673943,0.030207913137255616,0.14053027588030592,-0.0028742580410513977,0.04741689571727305,0.008766994840977161
138.27122119140628,-0.3482988218114378,0.050288269017489506,0.13660350653428208,0.0033127099258623534,0.04052620647115173,0.007618304328478689
138.29122119140627,-0.3388004767435098,0.049312869353428775,0.10315229948314061,-0.0007250068104811151,0.04163077961366761,0.007422525015792461
138.31122119140628,-0.31606666113062915,0.033460684740986894,0.08981873195173617,0.0035796859868700106,0.04588766406379725,0.0038927746472510595
138.33122119140629,-0.2992463826671513,0.024618635435996274,0.08219160069990605,-0.00045789247134667285,0.03913337734264777,0.004409874118999943
138.35122119140627,-0.2626188104050543,0.05945405408242016,0.04192001570168679,0.0038115632454144605,0.04686011159598538,0.004902785215792102
138.37122119140628,-0.264075896623157,0.04928098541581926,0.06033911604773078,0.00021153921812798172,0.05101377703622286,0.005748678038440133
138.3912211914063,-0.27646404363794375,0.030259635901465593,0.05596888293840874,0.002289455692622241,0.04401878413032712,-0.0012871629727210147
138.41122119140627,-0.26422042309543486,0.04611982275015416,0.07048481690308837,0.0005207634794564901,0.046795303420149315,0.003865277685788749
138.43122119140628,-0.28274139179750896,0.045497394980740714,0.036340561433952624,0.005361872718504028,0.05445350125285648,0.0012871608924631898
138.4512211914063,-0.26240962435837917,0.025539524206250674,0.053255107480724866,-0.0014789898791113536,0.0504340595618249,0.002158725973834426
138.47122119140627,-0.2374432898200152,0.04021569786778603,0.03636058788885521,0.0040390018473392296,0.048490533681494925,0.001535008756491112
138.49122119140628,-0.22493827058464033,0.03095904915773297,0.04231027577790999,0.0015215078186989917,0.0489140932582973,0.0038504345646465025
138.51122119140626,-0.18081196114990924,0.0507846864863733,0.024119118055634495,0.003685198062209181,0.051466026553269935,0.0017328268027467428
138.53122119140627,-0.17903220170935039,0.06459812105806921,0.04310747888296489,0.0015340350448460431,0.0442470729219424,0.004979977869607451
138.55122119140628,-0.19459498067105888,0.053937184449406976,0.019252916859783094,0.00507353708778362,0.04377558344797595,0.005615307807670895
138.57122119140627,-0.17051344883062125,0.053136898463494474,0.031663500231011985,0.0019493782711487598,0.04217510944548082,0.007408123787227202
138.59122119140628,-0.17917768189223487,0.046438222555805014,0.01573330519271053,0.0039348557834398105,0.04293992065257858,0.0047652141372836075
138.6112211914063,-0.17208967333524067,0.063195595042599,0.00249864484120246,-0.0007430923184271198,0.03937457985512686,0.007855188978704377
138.63122119140627,-0.1926717467281127,0.06722225431618785,-0.03305435583544375,0.004469921383537132,0.04412921411263456,0.008933730720111036
138.65122119140628,-0.22862792175133806,0.04236956579314015,-0.03696105238351793,-0.0006155655079547814,0.04887481103838897,0.00982488009891593
138.6712211914063,-0.22909848359630877,0.04520315606921563,-0.030485642718139735,0.0026031499104741387,0.03693507346559603,0.007706150818669575
138.69122119140627,-0.25931892212109137,0.07537235514825001,-0.04564403248698908,0.001991356346450615,0.043351554495490996,0.008570963860051854
138.71122119140628,-0.2511560255259275,0.05900927323293365,-0.050524628280735194,0.0018240761532872759,0.04526828230482926,0.010124293017534819
138.73122119140626,-0.2532983156015052,0.052451668601218096,-0.04245842329465675,0.0016458846900869312,0.04338717607825715,0.008611780195299066
138.75122119140627,-0.27668941999097746,0.05524073072923912,-0.03622325828303563,0.002065883398963238,0.041575605656917564,0.00753121229903058
138.77122119140628,-0.2696855375174032,0.061512163520285684,-0.04948942876404071,0.004429899937840121,0.04710231069725865,0.008712897095377167
138.79122119140627,-0.27314947190214883,0.043216559600872416,-0.030150014436814414,-0.0010872955574934143,0.04831632351980799,0.007812955799679543
138.81122119140628,-0.2945926372214811,0.03747778910022167,-0.018010852625429542,0.0038063080748213054,0.04356951066889718,0.004377121527491059
138.83122119140629,-0.2844266208274194,0.04662103906229156,-0.025396655938039334,0.0016156214506989279,0.04709230408579155,0.00814692105267152
138.85122119140627,-0.3231857011367649,0.040280664134181125,-0.03342541650694208,0.0037709516834013614,0.045065715331589845,0.006366094556968836
138.87122119140628,-0.32248154768661924,0.02006494449382488,-0.031987959880381785,0.0010281427791899382,0.04537237552307684,0.007822777640211297
138.8912211914063,-0.32974487639722827,0.0255854265090874,-0.031448984388881024,0.005111852786983994,0.04264701122256026,0.0035309219056455605
138.91122119140627,-0.31366554014034803,0.021148154454699048,-0.03221640650017655,0.002037716935220848,0.041969085795811815,0.00580940384108559
138.93122119140628,-0.30230933155778544,0.0215951055675854,-0.05034266272410394,0.0054128755707373325,0.04246619482573712,0.0035551944838651236
138.9512211914063,-0.2760684664945896,0.01256645070317793,-0.028171583406597017,0.002039545589831908,0.039123615090048,0.0035584448576661855
138.97122119140627,-0.2548372317481535,0.04561468495528429,-0.056963231553965626,0.006206530693200384,0.040811438766665584,0.006439256302949984
138.99122119140628,-0.2532856170212598,0.03339629350951206,-0.040559066041861346,0.002204385442745611,0.036410794089475895,0.006230297630323244
139.01122119140626,-0.25590624266301665,0.032574423097915035,-0.07883448910187044,0.005307792751966896,0.037439907857374576,0.005783298318483291
139.03122119140627,-0.23115044002458895,0.025563043297660033,-0.05091906896449228,0.0021254534188735862,0.03258660301673361,0.008434723875818664
139.05122119140628,-0.2748238185546796,0.023075204624142552,-0.0624594041220644,0.00453710795854701,0.03288921653462843,0.006086498144005099
139.07122119140627,-0.24803152602720735,0.023057387057218822,-0.0756071564956609,0.0016938600129497148,0.034603918683417355,0.006329322556033031
139.09122119140628,-0.2299911335688909,0.035903297284497114,-0.11065501357700534,0.0038207182163438225,0.03760980676247378,0.006123960006851454
139.1112211914063,-0.22785116222666532,0.015025180388857437,-0.09105281042782322,0.00043137037761421744,0.03827134460049585,0.0034172287831199188
139.13122119140627,-0.22712332753990408,0.036511729473116136,-0.10584925286945306,0.0032423408109841286,0.04031999907753094,-0.0014957768862700676
139.15122119140628,-0.21965894304148842,0.05902812670911875,-0.08158602793107476,0.0018260593900059636,0.025011814032742257,-0.0009041525581533085
139.1712211914063,-0.2520306141223541,0.08540288325742114,-0.07615970802025651,0.0029868069179932594,0.028176898023826173,0.0027338955064888635
139.19122119140627,-0.25515332633241977,0.1075441227578496,-0.0782184582451304,0.003045319398758466,0.03211777094378577,0.003430867533850512
139.21122119140628,-0.2566230339680946,0.11152572899407133,-0.0903920876743448,0.0040021249724408675,0.034651320124560785,0.006347287878056296
139.23122119140626,-0.2416388160013247,0.10138269581452618,-0.07248694490788743,0.004307996683190821,0.022860456562911573,0.0029626155843629418
139.25122119140627,-0.23393000021818605,0.0983162683500268,-0.09740242229769122,0.0031386328899402423,0.030150842742561305,0.006202291649373335
139.27122119140628,-0.23409856484751734,0.06698813427923486,-0.08683936276189244,0.004404116805837422,0.03315415602958515,0.003253117221656603
139.29122119140627,-0.21191419755343707,0.06857389786128612,-0.06261275612910233,0.0029265746292523433,0.026300078706703863,-0.0011513362548106836
139.31122119140628,-0.19552374820157017,0.07604240608734625,-0.08621481221036098,0.004465981012759565,0.02997835197778906,0.002716682724790129
139.33122119140629,-0.16280772675311153,0.06374156132295827,-0.03916962921192311,0.0023092507870741213,0.032759888847970486,0.006268665335037004
139.35122119140627,-0.1798070095992451,0.022985348427169146,-0.01759571332974585,0.0035439926603641723,0.031736788324944906,0.0026264385264524234
139.37122119140628,-0.1409574934799636,0.01735699568322485,0.012880052445388937,0.004303848787230931,0.03014724571768351,0.0029242672242607926
139.3912211914063,-0.09903363582710034,0.019355911185799532,0.050012996396011436,0.006550836680248838,0.03316627993400802,0.007744792928523199
139.41122119140627,-0.12687974070755173,-0.0008142578082128199,0.09645231002941282,0.003117637554234557,0.03313721259176379,0.0049159145189210844
139.43122119140628,-0.12341327636271043,0.009864089183896209,0.09984946758173349,0.004451317029588062,0.03089823539457682,0.0030965591192788286
139.4512211914063,-0.12883457953333538,0.012510167934323616,0.12169202331823419,0.003869732930982259,0.032111837856300326,0.008009991379473343
139.47122119140627,-0.1766920033893015,0.015908895637122535,0.11616164728644766,0.004567237102282716,0.03147813388225472,0.004170576456138023
139.49122119140628,-0.20745610956211075,0.01508259827915761,0.1140025208284604,0.0011869951692673687,0.02992271747043726,0.006832755271027922
139.51122119140626,-0.24569481451878375,0.045339795192285474,0.09362362755491349,0.004111870464338282,0.030527100001729503,0.004687045111521877
139.53122119140627,-0.2810308352035375,0.04302837781067617,0.09560193737299726,-0.0013430336508678843,0.027917115361319363,0.007695180544949541
139.55122119140628,-0.3145669461133777,0.038860536467461924,0.05680238013495434,0.0047962937279898395,0.022443670490903365,0.0015713226169942424
139.57122119140627,-0.3070347166663633,0.03881475705752925,0.03862136168295821,-0.0025505524747128005,0.025277040706379768,0.005227228920028883
139.59122119140628,-0.30021069348291923,0.0502468128723043,-0.00516924839089094,0.0017787307406968637,0.025791021796347346,0.0022261545431488264
139.6112211914063,-0.2522290962042335,0.04509456888730193,0.006567260814273613,-0.00045829593009516343,0.02141547306670589,0.0016816304766097126
139.63122119140627,-0.23315449514196415,0.06781795309295795,-0.04559723761174852,0.0026540690818003423,0.02705559872705527,0.0021630782829126565
139.65122119140628,-0.1799590416596152,0.059969645224992464,-0.02377462277824915,-0.00022602126760315323,0.02347391704544756,0.003173051567546619
139.6712211914063,-0.16023041341534316,0.050588333026669235,-0.07019671468638045,0.003925108713753622,0.026029555507016407,0.0011045389241072195
139.69122119140627,-0.13964526836690147,0.046067337468598576,-0.053227650302963135,-0.0009387433695233819,0.025124082622084574,0.001705054778421135
139.71122119140628,-0.1378586147443067,0.05430732754781319,-0.04954849492377093,0.005044004643554753,0.027614237866065514,0.0028865864187568053
139.73122119140626,-0.13447857671698787,0.05612879038580698,-0.04047622700848811,0.002544087561844653,0.029760689223245203,0.007219918154644988
139.75122119140627,-0.16316132343288942,0.04723436226074266,-0.03296494348406425,0.004068751377696751,0.02350661039403207,0.0014433052278953484
139.77122119140628,-0.1753830354552998,0.05217960993600471,-0.038078171368652144,-0.00021517097127308248,0.02404251798742995,0.0036498879400145767
139.79122119140627,-0.20036310584638672,0.04551406628973616,-0.05495812902861983,0.002733087595743095,0.029515222817348263,0.005700307562646966
139.81122119140628,-0.20768018158118284,0.03807285267254047,-0.06162534840207232,0.0010040741652696044,0.027671239471579963,0.0017218350486990718
139.83122119140629,-0.20273812120166015,0.028076750046438784,-0.05542989542038254,0.0010480103793333968,0.02801334551475327,0.003402531772774442
139.85122119140627,-0.19356397558693447,0.037352745271368004,-0.04868742324306236,0.0018541862267747213,0.020960362140465434,0.0013803709603927568
139.87122119140628,-0.17740209295302517,0.02650087123878862,-0.08120651334183074,-0.0007489301169495877,0.023940500344986678,0.0028852463309985955
139.8912211914063,-0.1877900529068388,-0.04253103241401963,-0.0776673256167696,-0.046857445342542235,0.023289295715300612,-0.02517537558823097
139.91122119140627,-0.23934904709344568,-0.11058239801127638,-0.1344883881228787,-0.08306846339490767,0.04036229356850444,-0.10015761429573879
139.93122119140628,-0.2027004616116136,-0.05168506981582931,-0.05668435226946072,-0.0511969934598413,0.05449847013135078,-0.11384034291148411
139.9512211914063,-0.22231272433021307,0.5575220581763375,-0.022280926101167164,-0.014838798896721744,0.019016539072648046,0.10685625643452673
139.97122119140627,-0.2328779176059609,0.037433964057105515,-0.16207512639374794,0.024432934939435637,0.014963457592226965,0.09504176627966032
139.99122119140628,-0.25404105732003324,-0.21054670746094306,-0.11096395060927149,-0.007503184392509237,0.028609571530550368,-0.028582066705761782
140.01122119140626,-0.2541564010761993,0.16304557128154903,-0.07211571393878036,0.03908259150319477,0.015813034770442207,-0.0030279386381825203
140.03122119140627,-0.25692571029596656,0.21610001579259927,-0.12012443071198778,0.006991267348851239,0.0076568819371359955,0.08425880016190264
140.05122119140628,-0.26385322704688396,-0.08038231960158405,-0.2228563902260856,-0.06717630509961647,0.030940949496480442,0.033724369464107715
140.07122119140627,-0.2514345291744075,-0.08390575515656744,-0.18743277567845293,-0.05137007628163789,0.04331059684641656,-0.05623785109400442
140.09122119140628,-0.21552467053802554,0.17840450439986888,-0.08124987046329973,0.02595318328402869,0.013847996618818702,-0.03069369945842626
140.1112211914063,-0.23411552809664093,0.19802408541018526,-0.1603034472942291,0.0601528897768386,0.004448962318790642,0.031077925634258218
140.13122119140627,-0.26060848846286516,0.06969555225156014,-0.201924654583928,0.02203289008966136,0.018339080305561577,0.052055598749787324
140.15122119140628,-0.25444881842990885,-0.012836762584918024,-0.2109130668158524,-0.004738110591596007,0.023515949148132653,0.007522404666027332
140.1712211914063,-0.2742285052570566,-0.07156743826460736,-0.19603876793756692,-0.003142669577956545,0.024395009462249373,-0.0669596854392848
140.19122119140627,-0.27700171160994275,0.08947924380757714,-0.12061957346084301,-0.01661743898854978,0.005745440833725749,-0.041748102447396226
140.21122119140628,-0.3378449063771311,0.25108393752032054,-0.2455613656124629,0.009219068343995844,0.018468262805576563,0.03702652943190101
140.2312211914063,-0.2513029018528039,0.3659139701445119,-0.1832557525247003,0.30703905960321765,-0.02602024871391181,0.08413139738857277
140.25122119140627,-0.21968130477226283,-0.5377746141157046,0.24153429499148585,-0.13405725717083372,-0.07606692883116022,0.007720486964172523
140.27122119140628,-0.5552319681484391,-0.18202786001151713,-0.9836096010579306,-0.1843210794444135,0.16681582174562265,-0.1422002722987747
140.29122119140627,-0.16382160294855752,0.7758110073697815,0.1451701644726478,0.14213552780287292,0.011170275407446086,0.09882381224640636
